title,url,path,parent_path,depth
Health topics,https://www.healthnz.govt.nz/health-topics,/health-topics,,0
Conditions,https://www.healthnz.govt.nz/health-topics/conditions-treatments,/health-topics/conditions-treatments,/health-topics,1
"Bladder, kidney and urinary system",https://www.healthnz.govt.nz/health-topics/conditions-treatments/bladder-kidney-and-urinary-system,/health-topics/conditions-treatments/bladder-kidney-and-urinary-system,/health-topics/conditions-treatments,2
Activity and diet,"https://www.healthnz.govt.nz/health-topics/conditions-treatments/bladder-kidney-and-urinary-system/%5Bsitetree_link,id=1426%5D","/health-topics/conditions-treatments/bladder-kidney-and-urinary-system/%5Bsitetree_link,id=1426%5D",/health-topics/conditions-treatments/bladder-kidney-and-urinary-system,3
"Acute kidney failure Acute kidney failure (also called acute kidney injury) affects both your kidneys. It means that they have suddenly stopped working properly. It can happen at any age, but it is more common if you are aged 65 or over and have a long term health problem such as diabetes or heart failure.",https://www.healthnz.govt.nz/health-topics/conditions-treatments/bladder-kidney-and-urinary-system/acute-kidney-failure,/health-topics/conditions-treatments/bladder-kidney-and-urinary-system/acute-kidney-failure,/health-topics/conditions-treatments/bladder-kidney-and-urinary-system,3
Bladder control problems (urinary incontinence) Urinary incontinence is when you lose bladder control and you accidentally leak wee (urine). It may be occasionally leaking a few drops of wee to leaking enough to affect your daily activities.,https://www.healthnz.govt.nz/health-topics/conditions-treatments/bladder-kidney-and-urinary-system/bladder-control-problems-urinary-incontinence,/health-topics/conditions-treatments/bladder-kidney-and-urinary-system/bladder-control-problems-urinary-incontinence,/health-topics/conditions-treatments/bladder-kidney-and-urinary-system,3
Blood in the urine (haematuria) Blood in wee (urine) is called haematuria.The most common causes are a urine infection or a kidney infection.,https://www.healthnz.govt.nz/health-topics/conditions-treatments/bladder-kidney-and-urinary-system/blood-in-urine-haematuria,/health-topics/conditions-treatments/bladder-kidney-and-urinary-system/blood-in-urine-haematuria,/health-topics/conditions-treatments/bladder-kidney-and-urinary-system,3
"Chronic kidney disease Kidney disease can go on for a long time without you noticing. If you are at risk of kidney disease, you need to know what it is and how to prevent it.",https://www.healthnz.govt.nz/health-topics/conditions-treatments/bladder-kidney-and-urinary-system/chronic-kidney-disease,/health-topics/conditions-treatments/bladder-kidney-and-urinary-system/chronic-kidney-disease,/health-topics/conditions-treatments/bladder-kidney-and-urinary-system,3
"Kidney infection (pyelonephritis) Kidney infection is a painful bacterial infection of one or both of your kidneys. If it is treated early, there should be no serious harm. If it is left untreated, it can get worse and cause kidney damage.",https://www.healthnz.govt.nz/health-topics/conditions-treatments/bladder-kidney-and-urinary-system/kidney-infection-pyelonephritis,/health-topics/conditions-treatments/bladder-kidney-and-urinary-system/kidney-infection-pyelonephritis,/health-topics/conditions-treatments/bladder-kidney-and-urinary-system,3
Kidney stones Kidney stones form when some chemicals and minerals build up in the kidneys or in the wee (urine). Kidney stones can cause pain or other symptoms.,https://www.healthnz.govt.nz/health-topics/conditions-treatments/bladder-kidney-and-urinary-system/kidney-stones,/health-topics/conditions-treatments/bladder-kidney-and-urinary-system/kidney-stones,/health-topics/conditions-treatments/bladder-kidney-and-urinary-system,3
Looking after your kidneys Having healthy kidneys is important for your general health and wellbeing. There are ways you can protect your kidneys. Making healthy changes will also help if you have chronic kidney disease (CKD).,https://www.healthnz.govt.nz/health-topics/conditions-treatments/bladder-kidney-and-urinary-system/looking-after-your-kidneys,/health-topics/conditions-treatments/bladder-kidney-and-urinary-system/looking-after-your-kidneys,/health-topics/conditions-treatments/bladder-kidney-and-urinary-system,3
"Overactive bladder (irritable bladder) An overactive bladder is when your bladder suddenly contracts, causing a strong desire to wee. It happens without you being in control, and when your bladder is not full.",https://www.healthnz.govt.nz/health-topics/conditions-treatments/bladder-kidney-and-urinary-system/overactive-bladder-irritable-bladder,/health-topics/conditions-treatments/bladder-kidney-and-urinary-system/overactive-bladder-irritable-bladder,/health-topics/conditions-treatments/bladder-kidney-and-urinary-system,3
Painful bladder syndrome (interstitial cystitis) Painful bladder syndrome (interstitial cystitis) is inflammation of the bladder causing bladder pain and sometimes pelvic pain when your bladder is full. It is a long-term condition.,https://www.healthnz.govt.nz/health-topics/conditions-treatments/bladder-kidney-and-urinary-system/painful-bladder-syndrome-interstitial-cystitis,/health-topics/conditions-treatments/bladder-kidney-and-urinary-system/painful-bladder-syndrome-interstitial-cystitis,/health-topics/conditions-treatments/bladder-kidney-and-urinary-system,3
"Polycystic kidney disease Polycystic kidney disease is where fluid-filled cysts form on your kidneys causing them to slowly enlarge. It can very slowly cause your kidneys to stop working properly. Cysts can also grow in other parts of your body, such as your liver, brain and heart.",https://www.healthnz.govt.nz/health-topics/conditions-treatments/bladder-kidney-and-urinary-system/polycystic-kidney-disease,/health-topics/conditions-treatments/bladder-kidney-and-urinary-system/polycystic-kidney-disease,/health-topics/conditions-treatments/bladder-kidney-and-urinary-system,3
Catheters,https://www.healthnz.govt.nz/health-topics/conditions-treatments/bladder-kidney-and-urinary-system/urinary-catheters,/health-topics/conditions-treatments/bladder-kidney-and-urinary-system/urinary-catheters,/health-topics/conditions-treatments/bladder-kidney-and-urinary-system,3
Urinary obstruction (blockage) Some illnesses and conditions can block your flow of wee. This usually happens in the tube that connects your bladder to the outside (urethra). It can be serious.,https://www.healthnz.govt.nz/health-topics/conditions-treatments/bladder-kidney-and-urinary-system/urinary-obstruction,/health-topics/conditions-treatments/bladder-kidney-and-urinary-system/urinary-obstruction,/health-topics/conditions-treatments/bladder-kidney-and-urinary-system,3
Urine infections (cystitis) The infection can make weeing painful and urgent. You need antibiotics to clear the infection.,https://www.healthnz.govt.nz/health-topics/conditions-treatments/bladder-kidney-and-urinary-system/urine-infections-cystitis,/health-topics/conditions-treatments/bladder-kidney-and-urinary-system/urine-infections-cystitis,/health-topics/conditions-treatments/bladder-kidney-and-urinary-system,3
Blood and blood vessels,https://www.healthnz.govt.nz/health-topics/conditions-treatments/blood,/health-topics/conditions-treatments/blood,/health-topics/conditions-treatments,2
varicose eczema,"https://www.healthnz.govt.nz/health-topics/conditions-treatments/blood/%5Bsitetree_link,id=2916%5D","/health-topics/conditions-treatments/blood/%5Bsitetree_link,id=2916%5D",/health-topics/conditions-treatments/blood,3
"Anaemia Anaemia is when you do not have enough healthy red blood cells to carry the oxygen you need around your body. If you have anaemia, you may feel tired, light-headed and weak.",https://www.healthnz.govt.nz/health-topics/conditions-treatments/blood/anaemia,/health-topics/conditions-treatments/blood/anaemia,/health-topics/conditions-treatments/blood,3
Aneurysms An aneurysm is a bulge in your artery due to a weakness in the artery wall. Sometimes an aneurysm can burst (rupture). This is a medical emergency.,https://www.healthnz.govt.nz/health-topics/conditions-treatments/blood/aneurysms,/health-topics/conditions-treatments/blood/aneurysms,/health-topics/conditions-treatments/blood,3
Aortic dissection Aortic dissection is a rare condition where the wall of your aorta (the main artery carrying blood out of your heart) tears. An aortic dissection is a medical emergency.,https://www.healthnz.govt.nz/health-topics/conditions-treatments/blood/aortic-dissection,/health-topics/conditions-treatments/blood/aortic-dissection,/health-topics/conditions-treatments/blood,3
Atherosclerosis Atherosclerosis is a build up of plaque on the inner lining of artery walls. This causes the artery to narrow and can lead to a range of serious complications.,https://www.healthnz.govt.nz/health-topics/conditions-treatments/blood/atherosclerosis,/health-topics/conditions-treatments/blood/atherosclerosis,/health-topics/conditions-treatments/blood,3
Blood clotting disorders Some people have blood that clots more easily than usual. This is called thrombophilia.,https://www.healthnz.govt.nz/health-topics/conditions-treatments/blood/blood-clotting-disorders,/health-topics/conditions-treatments/blood/blood-clotting-disorders,/health-topics/conditions-treatments/blood,3
Compression stockings Compression stockings support your legs and apply pressure to increase the flow of blood in your veins back up to your heart.,https://www.healthnz.govt.nz/health-topics/conditions-treatments/blood/compression-stockings,/health-topics/conditions-treatments/blood/compression-stockings,/health-topics/conditions-treatments/blood,3
Deep vein thrombosis (DVT) A deep vein thrombosis (DVT) is a blood clot in a vein. It most commonly happens in the calf or thigh.,https://www.healthnz.govt.nz/health-topics/conditions-treatments/blood/deep-vein-thrombosis-dvt,/health-topics/conditions-treatments/blood/deep-vein-thrombosis-dvt,/health-topics/conditions-treatments/blood,3
High platelets (essential thrombocythaemia) Essential thrombocythaemia is a rare condition that causes high levels of platelets. Platelets are a part of your blood that helps with clotting (stopping bleeding).,https://www.healthnz.govt.nz/health-topics/conditions-treatments/blood/essential-thrombocythaemia-high-platelets,/health-topics/conditions-treatments/blood/essential-thrombocythaemia-high-platelets,/health-topics/conditions-treatments/blood,3
Folic acid deficiency anaemia Your body needs folic acid (also known as folate). Folic acid deficiency anaemia is a condition where low folate levels reduce red blood cell production. This leads to tiredness and weakness.,https://www.healthnz.govt.nz/health-topics/conditions-treatments/blood/folic-acid-deficiency-anaemia,/health-topics/conditions-treatments/blood/folic-acid-deficiency-anaemia,/health-topics/conditions-treatments/blood,3
"Giant cell arteritis Giant cell arteritis (GCA), or temporal arteritis, is an uncommon but serious condition. It causes inflammation in the arteries of your head and neck. This may affect the blood supply and cause possible permanent damage to your vision.",https://www.healthnz.govt.nz/health-topics/conditions-treatments/blood/giant-cell-arteritis,/health-topics/conditions-treatments/blood/giant-cell-arteritis,/health-topics/conditions-treatments/blood,3
"Haemophilia When most people cut themselves, clotting factors in the blood combine with blood cells (platelets) to make their blood sticky. This makes the bleeding stop. If you have haemophilia, you are missing a clotting factor and you may bleed for longer than usual.",https://www.healthnz.govt.nz/health-topics/conditions-treatments/blood/haemophilia,/health-topics/conditions-treatments/blood/haemophilia,/health-topics/conditions-treatments/blood,3
"High red blood cells (primary polycythaemia vera) Primary polycythaemia vera is a rare disease caused by your bone marrow making too many red blood cells. It can be diagnosed at any age, but the average age for diagnosis is 60. It is more common in men than in women.",https://www.healthnz.govt.nz/health-topics/conditions-treatments/blood/high-red-blood-cells-primary-polycythaemia-vera,/health-topics/conditions-treatments/blood/high-red-blood-cells-primary-polycythaemia-vera,/health-topics/conditions-treatments/blood,3
"Iron overload Iron is a mineral your body needs to make red blood cells, which carry oxygen to your body. It is also has other important roles for your muscles, hair, skin, nails and brain function. Iron overload is when too much iron builds up in your body.",https://www.healthnz.govt.nz/health-topics/conditions-treatments/blood/iron-overload-haemochromatosis,/health-topics/conditions-treatments/blood/iron-overload-haemochromatosis,/health-topics/conditions-treatments/blood,3
"Low iron and iron deficiency anaemia Iron is a mineral your body needs to make red blood cells, which carry oxygen to your body.",https://www.healthnz.govt.nz/health-topics/conditions-treatments/blood/low-iron-and-iron-deficiency-anaemia,/health-topics/conditions-treatments/blood/low-iron-and-iron-deficiency-anaemia,/health-topics/conditions-treatments/blood,3
Low sodium (hyponatraemia) Sodium is an important — it helps keep the right amount of water in your body. It is also needed for nerve and muscle function. Low sodium (hyponatraemia) is when the sodium concentration in your blood is below normal.,https://www.healthnz.govt.nz/health-topics/conditions-treatments/blood/low-sodium-hyponatraemia,/health-topics/conditions-treatments/blood/low-sodium-hyponatraemia,/health-topics/conditions-treatments/blood,3
"MGUS MGUS stands for monoclonal gammopathy of unknown significance. It is a benign (non-cancerous) condition where the body makes an abnormal protein, called a paraprotein. This protein is found in your blood or wee (urine).",https://www.healthnz.govt.nz/health-topics/conditions-treatments/blood/mgus,/health-topics/conditions-treatments/blood/mgus,/health-topics/conditions-treatments/blood,3
Peripheral vascular disease Peripheral vascular disease (PVD) is when your arteries have narrowed and reduced the blood flow to your arms and legs.,https://www.healthnz.govt.nz/health-topics/conditions-treatments/blood/peripheral-vascular-disease,/health-topics/conditions-treatments/blood/peripheral-vascular-disease,/health-topics/conditions-treatments/blood,3
Acute limb ischaemia,https://www.healthnz.govt.nz/health-topics/conditions-treatments/blood/peripheral-vascular-disease/acute-limb-ischaemia,/health-topics/conditions-treatments/blood/peripheral-vascular-disease/acute-limb-ischaemia,/health-topics/conditions-treatments/blood/peripheral-vascular-disease,4
Critical limb ischaemia,https://www.healthnz.govt.nz/health-topics/conditions-treatments/blood/peripheral-vascular-disease/critical-limb-ischaemia,/health-topics/conditions-treatments/blood/peripheral-vascular-disease/critical-limb-ischaemia,/health-topics/conditions-treatments/blood/peripheral-vascular-disease,4
Intermittent claudication,https://www.healthnz.govt.nz/health-topics/conditions-treatments/blood/peripheral-vascular-disease/intermittent-claudication,/health-topics/conditions-treatments/blood/peripheral-vascular-disease/intermittent-claudication,/health-topics/conditions-treatments/blood/peripheral-vascular-disease,4
Pulmonary embolism (PE) A pulmonary embolism is a blockage in one of the arteries (blood vessels) in your lungs. It is a serious medical emergency.,https://www.healthnz.govt.nz/health-topics/conditions-treatments/blood/pulmonary-embolism,/health-topics/conditions-treatments/blood/pulmonary-embolism,/health-topics/conditions-treatments/blood,3
Raynaud syndrome Raynaud syndrome is when there is a temporary reduction in blood supply to your fingers or toes. It mostly happens when you get cold.,https://www.healthnz.govt.nz/health-topics/conditions-treatments/blood/raynaud-syndrome,/health-topics/conditions-treatments/blood/raynaud-syndrome,/health-topics/conditions-treatments/blood,3
"Spleen function and spleen problems The spleen is an organ that helps you develop immunity against infections. Some people have a spleen that may not work well, or they have no spleen.",https://www.healthnz.govt.nz/health-topics/conditions-treatments/blood/spleen-conditions-removal,/health-topics/conditions-treatments/blood/spleen-conditions-removal,/health-topics/conditions-treatments/blood,3
"Thrombophlebitis Thrombophlebitis, or just phlebitis, is where a vein becomes inflamed due to a blood clot. It is usually easily treated.",https://www.healthnz.govt.nz/health-topics/conditions-treatments/blood/thrombophlebitis,/health-topics/conditions-treatments/blood/thrombophlebitis,/health-topics/conditions-treatments/blood,3
"Varicose veins Varicose veins are enlarged, twisted veins that usually happen in your legs near the surface of your skin.",https://www.healthnz.govt.nz/health-topics/conditions-treatments/blood/varicose-veins,/health-topics/conditions-treatments/blood/varicose-veins,/health-topics/conditions-treatments/blood,3
Venous insufficiency Venous insufficiency happens when the walls and valves in your leg veins are weak or damaged and do not work as they should.,https://www.healthnz.govt.nz/health-topics/conditions-treatments/blood/venous-insufficiency,/health-topics/conditions-treatments/blood/venous-insufficiency,/health-topics/conditions-treatments/blood,3
Vitamin B12 deficiency and pernicious anaemia Being low in vitamin B12 can cause serious problems. Vitamin B12 is needed to make red blood cells that carry oxygen around your body. It also helps your nerves and brain.,https://www.healthnz.govt.nz/health-topics/conditions-treatments/blood/vitamin-b12-deficiency-and-pernicious-anaemia,/health-topics/conditions-treatments/blood/vitamin-b12-deficiency-and-pernicious-anaemia,/health-topics/conditions-treatments/blood,3
Von Willebrand disease Von Willebrand disease is a condition that affects your blood's ability to clot. It means you have low or poor quality von Willebrand factor in your blood. This is needed to stick platelets together to help stop bleeding.,https://www.healthnz.govt.nz/health-topics/conditions-treatments/blood/von-willebrand-disease,/health-topics/conditions-treatments/blood/von-willebrand-disease,/health-topics/conditions-treatments/blood,3
"Bones, muscles and joints",https://www.healthnz.govt.nz/health-topics/conditions-treatments/bones-and-joints,/health-topics/conditions-treatments/bones-and-joints,/health-topics/conditions-treatments,2
Pain relief medicines for adults,https://www.healthnz.govt.nz/health-topics/conditions-treatments/bones-and-joints/%5Bsitetree_link%5D,/health-topics/conditions-treatments/bones-and-joints/%5Bsitetree_link%5D,/health-topics/conditions-treatments/bones-and-joints,3
AC (acromioclavicular) joint injury Your AC (acromioclavicular) joint is the joint at the outer end of your collar bone (clavicle). Injuries to this joint usually happen because you have fallen directly onto your shoulder. An injured AC joint can range from mild to severe.,https://www.healthnz.govt.nz/health-topics/conditions-treatments/bones-and-joints/ac-joint-injury,/health-topics/conditions-treatments/bones-and-joints/ac-joint-injury,/health-topics/conditions-treatments/bones-and-joints,3
"ACL (anterior cruciate ligament) injury Your ACL (anterior cruciate ligament) is 1 of 2 ligaments inside your knee joint. It is in the front of your knee joint. The ACL stabilises your knee when you twist or pivot it. An injury can be to just the ligament, or it may involve other parts of your knee.",https://www.healthnz.govt.nz/health-topics/conditions-treatments/bones-and-joints/acl-anterior-cruciate-ligament-injury,/health-topics/conditions-treatments/bones-and-joints/acl-anterior-cruciate-ligament-injury,/health-topics/conditions-treatments/bones-and-joints,3
"Ankylosing spondylitis Ankylosing spondylitis (AS) is a type of arthritis that causes back pain. It mainly affects your lower spine, but it can also affect your ankles, knees, shoulders and eyes.",https://www.healthnz.govt.nz/health-topics/conditions-treatments/bones-and-joints/ankylosing-spondylitis,/health-topics/conditions-treatments/bones-and-joints/ankylosing-spondylitis,/health-topics/conditions-treatments/bones-and-joints,3
Baker's cyst (popliteal cyst) A Baker’s cyst is a fluid-filled swelling that can develop behind your knee. It is more common in women and usually develops after the age of 40.,https://www.healthnz.govt.nz/health-topics/conditions-treatments/bones-and-joints/bakers-cyst-popliteal-cyst,/health-topics/conditions-treatments/bones-and-joints/bakers-cyst-popliteal-cyst,/health-topics/conditions-treatments/bones-and-joints,3
"Broken arm or elbow Your arm is made up of 3 long bones. These bones often break after a fall, while playing sport and in vehicle accidents, as we use our arms to stabilise and catch ourselves.",https://www.healthnz.govt.nz/health-topics/conditions-treatments/bones-and-joints/broken-arm-or-elbow,/health-topics/conditions-treatments/bones-and-joints/broken-arm-or-elbow,/health-topics/conditions-treatments/bones-and-joints,3
Broken collar bone (fractured clavicle) A broken collar bone is a very common injury in people of all ages. Your collar bone (clavicle) sits between your breastbone (sternum) and shoulder blade (scapula). It connects your arm to the rest of your body. It helps give your shoulder its full movement.,https://www.healthnz.govt.nz/health-topics/conditions-treatments/bones-and-joints/broken-collar-bone-fractured-clavicle,/health-topics/conditions-treatments/bones-and-joints/broken-collar-bone-fractured-clavicle,/health-topics/conditions-treatments/bones-and-joints,3
"Broken finger (fractured finger) Finger bones may be small but a broken (fractured) finger can cause ongoing problems if it is not treated well. The finger may stay stiff, painful and difficult to use. It can affect your ability to use your hand.",https://www.healthnz.govt.nz/health-topics/conditions-treatments/bones-and-joints/broken-finger-fractured-finger,/health-topics/conditions-treatments/bones-and-joints/broken-finger-fractured-finger,/health-topics/conditions-treatments/bones-and-joints,3
"Broken hand bones A break (fracture) in one of the long bones in your hands (called metacarpals) is relatively common. It often happens with other hand and wrist injuries, such as a sprained or dislocated joint, broken fingers or a broken wrist.",https://www.healthnz.govt.nz/health-topics/conditions-treatments/bones-and-joints/broken-hand-bones,/health-topics/conditions-treatments/bones-and-joints/broken-hand-bones,/health-topics/conditions-treatments/bones-and-joints,3
Broken hip Broken hips (hip fractures) are breaks in the top of the thigh bone (femur) close to the hip joint. They are sometimes called a fractured neck of femur.,https://www.healthnz.govt.nz/health-topics/conditions-treatments/bones-and-joints/broken-hip,/health-topics/conditions-treatments/bones-and-joints/broken-hip,/health-topics/conditions-treatments/bones-and-joints,3
"Broken knee bones Your knee joint is made up of the end of your thigh bone (the femur), the top of your tibia (one of the bones of your lower leg) and your kneecap (the patella). You can break any of these bones.",https://www.healthnz.govt.nz/health-topics/conditions-treatments/bones-and-joints/broken-knee-bones,/health-topics/conditions-treatments/bones-and-joints/broken-knee-bones,/health-topics/conditions-treatments/bones-and-joints,3
Broken kneecap (fractured patella) Your kneecap (patella) is the bone that sits in front of your knee joint. It is held in place by a tendon. A broken kneecap is a common injury because your kneecap acts as a shield to protect your knee joint.,https://www.healthnz.govt.nz/health-topics/conditions-treatments/bones-and-joints/broken-kneecap-fractured-patella,/health-topics/conditions-treatments/bones-and-joints/broken-kneecap-fractured-patella,/health-topics/conditions-treatments/bones-and-joints,3
Broken lower leg (fractured tibia or fibula) Your shinbone (tibia) and calf bone (fibula) are the long bones in your lower leg and are important parts of your knee and ankle joints. The shinbone is the larger bone and supports most of your weight. It is also the most common long bone to be broken.,https://www.healthnz.govt.nz/health-topics/conditions-treatments/bones-and-joints/broken-lower-leg-fractured-tibia-or-fibula,/health-topics/conditions-treatments/bones-and-joints/broken-lower-leg-fractured-tibia-or-fibula,/health-topics/conditions-treatments/bones-and-joints,3
"Broken wrist Your wrist is made up of the 2 forearm bones (radius and ulna) and 8 small bones (carpals), which are between your forearm and hand. A break in any of the bones can cause pain and problems with movement and the use of your hand.",https://www.healthnz.govt.nz/health-topics/conditions-treatments/bones-and-joints/broken-wrist,/health-topics/conditions-treatments/bones-and-joints/broken-wrist,/health-topics/conditions-treatments/bones-and-joints,3
Bursitis Bursitis is inflammation of a small fluid-filled sac (bursa) that sits near one of your bones. These sacs (bursae) help to protect the tissues that slide over the bone when you move. You have more than 150 sacs (bursae) in your body.,https://www.healthnz.govt.nz/health-topics/conditions-treatments/bones-and-joints/bursitis,/health-topics/conditions-treatments/bones-and-joints/bursitis,/health-topics/conditions-treatments/bones-and-joints,3
Calf stretch exercises You can do calf stretches at home after minor injuries that you do not need to see a health provider for. You should see your health provider if you are not getting better within a week of doing these stretches.,https://www.healthnz.govt.nz/health-topics/conditions-treatments/bones-and-joints/calf-stretch-exercises,/health-topics/conditions-treatments/bones-and-joints/calf-stretch-exercises,/health-topics/conditions-treatments/bones-and-joints,3
Care of your arm and hand while in a wrist cast Your wrist has been put in a cast to stop it from moving. This is so your bones can heal properly in a good position.,https://www.healthnz.govt.nz/health-topics/conditions-treatments/bones-and-joints/care-of-your-arm-and-hand-while-in-a-wrist-cast,/health-topics/conditions-treatments/bones-and-joints/care-of-your-arm-and-hand-while-in-a-wrist-cast,/health-topics/conditions-treatments/bones-and-joints,3
"Care of your wrist and hand after a fracture Not all wrist and hand fractures are the same. It is important to follow the advice from your healthcare providers. If you have questions, ask your hand therapist, physiotherapist, doctor or orthopaedic nurse.",https://www.healthnz.govt.nz/health-topics/conditions-treatments/bones-and-joints/care-of-your-wrist-and-hand-after-a-fracture,/health-topics/conditions-treatments/bones-and-joints/care-of-your-wrist-and-hand-after-a-fracture,/health-topics/conditions-treatments/bones-and-joints,3
"Carpal tunnel syndrome A condition that causes pain, tingling and numbness in your hand when the median nerve running through your wrist is squeezed.",https://www.healthnz.govt.nz/health-topics/conditions-treatments/bones-and-joints/carpal-tunnel-syndrome,/health-topics/conditions-treatments/bones-and-joints/carpal-tunnel-syndrome,/health-topics/conditions-treatments/bones-and-joints,3
Costochondritis Costochondritis is an inflammation of the front part of your rib cage. This is the part that connects your ribs to your breastbone (sternum) and is called the costal cartilage. It is a common cause of chest pain.,https://www.healthnz.govt.nz/health-topics/conditions-treatments/bones-and-joints/costochondritis,/health-topics/conditions-treatments/bones-and-joints/costochondritis,/health-topics/conditions-treatments/bones-and-joints,3
De Quervain's tenosynovitis De Quervain's tenosynovitis is a painful wrist condition affecting the 2 tendons that control your thumb. The tendons are on the back of your hand and run down the back of your thumb and the side of your wrist.,https://www.healthnz.govt.nz/health-topics/conditions-treatments/bones-and-joints/de-quervains-tenosynovitis,/health-topics/conditions-treatments/bones-and-joints/de-quervains-tenosynovitis,/health-topics/conditions-treatments/bones-and-joints,3
Deep vein thrombosis and plaster casts A deep vein thrombosis (DVT) is a blood clot that forms in a vein deep in your leg. The clot blocks normal blood flow through your leg and can cause pain and swelling. Having your leg in a plaster cast slightly increases your risk of a DVT.,https://www.healthnz.govt.nz/health-topics/conditions-treatments/bones-and-joints/deep-vein-thrombosis-and-plaster-casts,/health-topics/conditions-treatments/bones-and-joints/deep-vein-thrombosis-and-plaster-casts,/health-topics/conditions-treatments/bones-and-joints,3
"Dislocated kneecap (dislocated patella) Your kneecap (patella) is the bone at the front of your knee. It sits in a shallow groove at the end of your thigh bone (femur). Dislocation means your kneecap slips out of this groove. It usually slips sideways and outwards, tearing the ligament on the other side.",https://www.healthnz.govt.nz/health-topics/conditions-treatments/bones-and-joints/dislocated-kneecap,/health-topics/conditions-treatments/bones-and-joints/dislocated-kneecap,/health-topics/conditions-treatments/bones-and-joints,3
"Dupuytren contracture A Dupuytren contracture is a hand condition where thickened tissue under the skin slowly pulls one or more fingers into a bent position, making it hard to straighten them fully.",https://www.healthnz.govt.nz/health-topics/conditions-treatments/bones-and-joints/dupuytren-contracture,/health-topics/conditions-treatments/bones-and-joints/dupuytren-contracture,/health-topics/conditions-treatments/bones-and-joints,3
Ehlers-Danlos syndromes (EDS) Ehlers-Danlos syndromes are a group of conditions that affect the connective tissues in your body. Symptoms range from mild to severe and vary with each type of syndrome.,https://www.healthnz.govt.nz/health-topics/conditions-treatments/bones-and-joints/ehlers-danlos-syndromes,/health-topics/conditions-treatments/bones-and-joints/ehlers-danlos-syndromes,/health-topics/conditions-treatments/bones-and-joints,3
Exercises for your shoulders Do these exercises at home to help with common shoulder problems.,https://www.healthnz.govt.nz/health-topics/conditions-treatments/bones-and-joints/exercises-for-your-shoulders,/health-topics/conditions-treatments/bones-and-joints/exercises-for-your-shoulders,/health-topics/conditions-treatments/bones-and-joints,3
Fibromyalgia Fibromyalgia is a condition that causes tiredness and widespread muscle pain. Fibromyalgia can have a big impact on your quality of life and can affect you long term. It is not life threatening.,https://www.healthnz.govt.nz/health-topics/conditions-treatments/bones-and-joints/fibromyalgia,/health-topics/conditions-treatments/bones-and-joints/fibromyalgia,/health-topics/conditions-treatments/bones-and-joints,3
Frozen shoulder A frozen shoulder (adhesive capsulitis) happens when the capsule of thin tissue that covers your shoulder joint becomes thicker and inflamed. This can make it harder to move your shoulder.,https://www.healthnz.govt.nz/health-topics/conditions-treatments/bones-and-joints/frozen-shoulder,/health-topics/conditions-treatments/bones-and-joints/frozen-shoulder,/health-topics/conditions-treatments/bones-and-joints,3
Ganglion cyst A ganglion is a fluid-filled swelling or cyst that is near a tendon or joint. Ganglion cysts look like smooth soft lumps under the skin. They are not harmful and are not cancer.,https://www.healthnz.govt.nz/health-topics/conditions-treatments/bones-and-joints/ganglion-cyst,/health-topics/conditions-treatments/bones-and-joints/ganglion-cyst,/health-topics/conditions-treatments/bones-and-joints,3
Gout A form of arthritis caused by a build up of uric acid. Gout attacks cause severe pain and swelling in the joints and can lead to complications if left untreated.,https://www.healthnz.govt.nz/health-topics/conditions-treatments/bones-and-joints/gout,/health-topics/conditions-treatments/bones-and-joints/gout,/health-topics/conditions-treatments/bones-and-joints,3
Joint infection (septic arthritis),https://www.healthnz.govt.nz/health-topics/conditions-treatments/bones-and-joints/gout/joint-infection-septic-arthritis,/health-topics/conditions-treatments/bones-and-joints/gout/joint-infection-septic-arthritis,/health-topics/conditions-treatments/bones-and-joints/gout,4
Lupus (systemic lupus erythematosus),https://www.healthnz.govt.nz/health-topics/conditions-treatments/bones-and-joints/gout/lupus-systemic-lupus-erythematosus,/health-topics/conditions-treatments/bones-and-joints/gout/lupus-systemic-lupus-erythematosus,/health-topics/conditions-treatments/bones-and-joints/gout,4
"Groin strains A groin strain happens when the inner thigh muscles are overstretched or torn. They often happen due to sport or sudden movement, causing pain, swelling, and difficulty moving the leg.",https://www.healthnz.govt.nz/health-topics/conditions-treatments/bones-and-joints/groin-strains,/health-topics/conditions-treatments/bones-and-joints/groin-strains,/health-topics/conditions-treatments/bones-and-joints,3
Heel and foot pain (plantar fasciitis) Plantar fasciitis is a common cause of pain under one of your heels. The plantar fascia is a strong flat band of connective tissue (like a ligament). It acts like a bow string and supports the arch of your foot by connecting your heel bone to the bones in the front of your foot.,https://www.healthnz.govt.nz/health-topics/conditions-treatments/bones-and-joints/heel-and-foot-pain-plantar-fasciitis,/health-topics/conditions-treatments/bones-and-joints/heel-and-foot-pain-plantar-fasciitis,/health-topics/conditions-treatments/bones-and-joints,3
"Hip and groin pain Hip and groin pain is aching or discomfort around the hip joint or inner thigh crease, often caused by injury, arthritis or muscle strain. It is common in people of all ages.",https://www.healthnz.govt.nz/health-topics/conditions-treatments/bones-and-joints/hip-and-groin-pain,/health-topics/conditions-treatments/bones-and-joints/hip-and-groin-pain,/health-topics/conditions-treatments/bones-and-joints,3
"Hip labral tears Your hip joint has a rim of cartilage called the labrum. The labrum helps keep fluid in your hip joint. This cushions your hip joint when you do activities like walking, running and jumping. A labral tear is an injury that damages the labrum.",https://www.healthnz.govt.nz/health-topics/conditions-treatments/bones-and-joints/hip-labral-tears,/health-topics/conditions-treatments/bones-and-joints/hip-labral-tears,/health-topics/conditions-treatments/bones-and-joints,3
"Hypermobility spectrum disorder (HSD) People with hypermobility spectrum disorder (HSD) have very stretchy skin, joints, tendons or ligaments. Sometimes this is painless, other times joints dislocate causing pain. Other areas of the body can have symptoms too.",https://www.healthnz.govt.nz/health-topics/conditions-treatments/bones-and-joints/hypermobility-spectrum-disorder-hsd,/health-topics/conditions-treatments/bones-and-joints/hypermobility-spectrum-disorder-hsd,/health-topics/conditions-treatments/bones-and-joints,3
"Knee injuries The knee is the largest joint in your body. Parts of your knee that are commonly injured include the soft tissue, like the cartilage, ligaments and tendons, or the bone.",https://www.healthnz.govt.nz/health-topics/conditions-treatments/bones-and-joints/knee-injuries,/health-topics/conditions-treatments/bones-and-joints/knee-injuries,/health-topics/conditions-treatments/bones-and-joints,3
"Leg cramp Leg cramp is common and harmless but can be very painful and can affect your sleep, exercise routine and quality of life. It usually happens at night or when you are resting.",https://www.healthnz.govt.nz/health-topics/conditions-treatments/bones-and-joints/leg-cramp,/health-topics/conditions-treatments/bones-and-joints/leg-cramp,/health-topics/conditions-treatments/bones-and-joints,3
Low back pain Low back pain is very common. Most people have it at some point in their lives. It is usually not caused by serious damage and you can manage it safely with the right information and support.,https://www.healthnz.govt.nz/health-topics/conditions-treatments/bones-and-joints/low-back-pain,/health-topics/conditions-treatments/bones-and-joints/low-back-pain,/health-topics/conditions-treatments/bones-and-joints,3
Lower body strengthening exercises Lower limb strengthening exercises can help you recover from an injury. They can also be helpful if you have osteoporosis or osteoarthritis and need to strengthen your lower body.,https://www.healthnz.govt.nz/health-topics/conditions-treatments/bones-and-joints/lower-body-exercises,/health-topics/conditions-treatments/bones-and-joints/lower-body-exercises,/health-topics/conditions-treatments/bones-and-joints,3
"Mallet finger Mallet finger is the name for an injury that results in the tip of your finger bending downward, so you can no longer straighten it. It can usually be treated by wearing a splint.",https://www.healthnz.govt.nz/health-topics/conditions-treatments/bones-and-joints/mallet-finger,/health-topics/conditions-treatments/bones-and-joints/mallet-finger,/health-topics/conditions-treatments/bones-and-joints,3
"Neck pain Many people suffer from neck pain, and it can have a variety of causes. The most common are injury and arthritis.",https://www.healthnz.govt.nz/health-topics/conditions-treatments/bones-and-joints/neck-pain,/health-topics/conditions-treatments/bones-and-joints/neck-pain,/health-topics/conditions-treatments/bones-and-joints,3
Osteoarthritis Osteoarthritis is a condition that causes your joints to become painful and stiff. It is the most common type of arthritis.,https://www.healthnz.govt.nz/health-topics/conditions-treatments/bones-and-joints/osteoarthritis,/health-topics/conditions-treatments/bones-and-joints/osteoarthritis,/health-topics/conditions-treatments/bones-and-joints,3
Foot and ankle arthritis,https://www.healthnz.govt.nz/health-topics/conditions-treatments/bones-and-joints/osteoarthritis/foot-ankle-arthritis,/health-topics/conditions-treatments/bones-and-joints/osteoarthritis/foot-ankle-arthritis,/health-topics/conditions-treatments/bones-and-joints/osteoarthritis,4
Thumb arthritis,https://www.healthnz.govt.nz/health-topics/conditions-treatments/bones-and-joints/osteoarthritis/thumb-arthritis,/health-topics/conditions-treatments/bones-and-joints/osteoarthritis/thumb-arthritis,/health-topics/conditions-treatments/bones-and-joints/osteoarthritis,4
Osteoporosis Osteoporosis is a condition that causes your bones to be thinner and weaker than normal. This means they can break (fracture) easily.,https://www.healthnz.govt.nz/health-topics/conditions-treatments/bones-and-joints/osteoporosis,/health-topics/conditions-treatments/bones-and-joints/osteoporosis,/health-topics/conditions-treatments/bones-and-joints,3
Zoledronate infusion,https://www.healthnz.govt.nz/health-topics/conditions-treatments/bones-and-joints/osteoporosis/zoledronate-infusion,/health-topics/conditions-treatments/bones-and-joints/osteoporosis/zoledronate-infusion,/health-topics/conditions-treatments/bones-and-joints/osteoporosis,4
"Polymyalgia rheumatica Polymyalgia rheumatica (PMR) is a condition that causes inflammation, pain and stiffness in your shoulders, neck and hips. It mainly affects people over 60, but the cause is not known. Some people with it go on to develop a more serious condition called giant cell arteritis.",https://www.healthnz.govt.nz/health-topics/conditions-treatments/bones-and-joints/polymyalgia-rheumatica,/health-topics/conditions-treatments/bones-and-joints/polymyalgia-rheumatica,/health-topics/conditions-treatments/bones-and-joints,3
Inflammatory arthritis When your body mistakenly uses its immune system to attack the area between your joints. Rheumatoid arthritis and psoriatic arthritis are forms of inflammatory arthritis.,https://www.healthnz.govt.nz/health-topics/conditions-treatments/bones-and-joints/rheumatoid-psoriatic-inflammatory-arthritis,/health-topics/conditions-treatments/bones-and-joints/rheumatoid-psoriatic-inflammatory-arthritis,/health-topics/conditions-treatments/bones-and-joints,3
Rib injuries Rib injuries include broken and bruised ribs. You usually injure your ribs due to a force on your chest.,https://www.healthnz.govt.nz/health-topics/conditions-treatments/bones-and-joints/rib-injuries,/health-topics/conditions-treatments/bones-and-joints/rib-injuries,/health-topics/conditions-treatments/bones-and-joints,3
"Rotator cuff problems Your rotator cuff is a group of muscles and their tendons that surround your shoulder joint, keeping the head of your upper arm bone firmly in your shoulder socket.",https://www.healthnz.govt.nz/health-topics/conditions-treatments/bones-and-joints/rotator-cuff-problems,/health-topics/conditions-treatments/bones-and-joints/rotator-cuff-problems,/health-topics/conditions-treatments/bones-and-joints,3
Shin pain (shin splints) Leg pain along the front of your leg between your knee and ankle (your shin) is commonly called shin splints. The medical name for it is medial tibial stress.,https://www.healthnz.govt.nz/health-topics/conditions-treatments/bones-and-joints/shin-pain-shin-splints,/health-topics/conditions-treatments/bones-and-joints/shin-pain-shin-splints,/health-topics/conditions-treatments/bones-and-joints,3
"Sjögren's syndrome Sjögren's syndrome (pronounced 'show grins') is a long-term condition that mainly affects the glands that make tears and saliva. But it can also affect your joints, muscles, nerves and other organs. It is much more common in women and usually occurs after the age of 40.",https://www.healthnz.govt.nz/health-topics/conditions-treatments/bones-and-joints/sjogrens-syndrome,/health-topics/conditions-treatments/bones-and-joints/sjogrens-syndrome,/health-topics/conditions-treatments/bones-and-joints,3
Spinal injuries Your spinal cord runs from the top of your neck to your tailbone. It is protected by the bones in your spine. A spinal injury is when your spinal cord is damaged.,https://www.healthnz.govt.nz/health-topics/conditions-treatments/bones-and-joints/spinal-injuries,/health-topics/conditions-treatments/bones-and-joints/spinal-injuries,/health-topics/conditions-treatments/bones-and-joints,3
Tennis and golfer's elbow Elbow tendinopathy is a common cause of elbow pain. When this happens on the outside of your elbow (the lateral epicondyle) it is called tennis elbow. Pain on the inside (the medial epicondyle) is called golfer's elbow.,https://www.healthnz.govt.nz/health-topics/conditions-treatments/bones-and-joints/tennis-and-golfers-elbow,/health-topics/conditions-treatments/bones-and-joints/tennis-and-golfers-elbow,/health-topics/conditions-treatments/bones-and-joints,3
"Trigger finger Trigger finger is when the tendons in your finger become locked after you bend it, making your finger difficult to straighten.",https://www.healthnz.govt.nz/health-topics/conditions-treatments/bones-and-joints/trigger-finger,/health-topics/conditions-treatments/bones-and-joints/trigger-finger,/health-topics/conditions-treatments/bones-and-joints,3
Unstable shoulders and dislocations Your shoulder joints are the most mobile joints in your body. A dislocated shoulder is common and requires immediate medical help.,https://www.healthnz.govt.nz/health-topics/conditions-treatments/bones-and-joints/unstable-shoulders-dislocations,/health-topics/conditions-treatments/bones-and-joints/unstable-shoulders-dislocations,/health-topics/conditions-treatments/bones-and-joints,3
Upper body strengthening exercises Upper limb strengthening exercises can help you recover from an injury. They can also be helpful if you have a condition that means you will benefit from strengthening your upper body.,https://www.healthnz.govt.nz/health-topics/conditions-treatments/bones-and-joints/upper-body-strengthening-exercises,/health-topics/conditions-treatments/bones-and-joints/upper-body-strengthening-exercises,/health-topics/conditions-treatments/bones-and-joints,3
Using crutches while keeping weight off your leg Find out how to adjust your crutches and how to use them properly to support an injured leg. This page shows you how to use crutches when your healthcare provider has said you cannot put weight on your affected leg (non weight-bearing).,https://www.healthnz.govt.nz/health-topics/conditions-treatments/bones-and-joints/using-crutches-keeping-weight-off-leg,/health-topics/conditions-treatments/bones-and-joints/using-crutches-keeping-weight-off-leg,/health-topics/conditions-treatments/bones-and-joints,3
Using crutches while putting some weight on your leg Find out how to adjust your crutches and how to use them properly to support an injured leg. This page shows you how to use crutches when your healthcare provider has said you can put some weight on your affected leg (weight-bearing).,https://www.healthnz.govt.nz/health-topics/conditions-treatments/bones-and-joints/using-crutches-some-weight-on-leg,/health-topics/conditions-treatments/bones-and-joints/using-crutches-some-weight-on-leg,/health-topics/conditions-treatments/bones-and-joints,3
Vertebral compression fracture A vertebral compression fracture (also called a spinal compression fracture) is a break that happens in the bones that make up your spine.,https://www.healthnz.govt.nz/health-topics/conditions-treatments/bones-and-joints/vertebral-compression-fracture,/health-topics/conditions-treatments/bones-and-joints/vertebral-compression-fracture,/health-topics/conditions-treatments/bones-and-joints,3
Brain and nerves,https://www.healthnz.govt.nz/health-topics/conditions-treatments/brain-and-nerves,/health-topics/conditions-treatments/brain-and-nerves,/health-topics/conditions-treatments,2
Bell's palsy Bell's palsy is a temporary weakness of the face due to damage to a nerve that controls the facial muscles.,https://www.healthnz.govt.nz/health-topics/conditions-treatments/brain-and-nerves/bells-palsy,/health-topics/conditions-treatments/brain-and-nerves/bells-palsy,/health-topics/conditions-treatments/brain-and-nerves,3
"Chronic fatigue syndrome Chronic fatigue syndrome is a debilitating, long-term illness that affects many systems in the body. It is also called myalgic encephalomyelitis or ME/CFS. It can affect people of all ages and ethnic and socio-economic groups. Women are more likely to be diagnosed with it than men.",https://www.healthnz.govt.nz/health-topics/conditions-treatments/brain-and-nerves/chronic-fatigue-syndrome,/health-topics/conditions-treatments/brain-and-nerves/chronic-fatigue-syndrome,/health-topics/conditions-treatments/brain-and-nerves,3
"Chronic (persistent) pain If pain lasts for more than 3 months or longer than the expected healing time, it is called chronic or persistent pain. In medicine, the word chronic means long-lasting.",https://www.healthnz.govt.nz/health-topics/conditions-treatments/brain-and-nerves/chronic-persistent-pain,/health-topics/conditions-treatments/brain-and-nerves/chronic-persistent-pain,/health-topics/conditions-treatments/brain-and-nerves,3
Delirium Delirium is a temporary state of confusion. It is a serious condition but usually has an underlying cause.,https://www.healthnz.govt.nz/health-topics/conditions-treatments/brain-and-nerves/delirium,/health-topics/conditions-treatments/brain-and-nerves/delirium,/health-topics/conditions-treatments/brain-and-nerves,3
Dementia Dementia is the name for symptoms caused by different diseases that affect the brain. Alzheimer's disease is one of the most common types.,https://www.healthnz.govt.nz/health-topics/conditions-treatments/brain-and-nerves/dementia,/health-topics/conditions-treatments/brain-and-nerves/dementia,/health-topics/conditions-treatments/brain-and-nerves,3
How to improve your brain health,https://www.healthnz.govt.nz/health-topics/conditions-treatments/brain-and-nerves/dementia/brain-health-for-adults,/health-topics/conditions-treatments/brain-and-nerves/dementia/brain-health-for-adults,/health-topics/conditions-treatments/brain-and-nerves/dementia,4
Communicating with someone who has dementia,https://www.healthnz.govt.nz/health-topics/conditions-treatments/brain-and-nerves/dementia/communicating-dementia,/health-topics/conditions-treatments/brain-and-nerves/dementia/communicating-dementia,/health-topics/conditions-treatments/brain-and-nerves/dementia,4
Eating well with dementia,https://www.healthnz.govt.nz/health-topics/conditions-treatments/brain-and-nerves/dementia/eating-well-with-dementia,/health-topics/conditions-treatments/brain-and-nerves/dementia/eating-well-with-dementia,/health-topics/conditions-treatments/brain-and-nerves/dementia,4
Self care for dementia and memory loss,https://www.healthnz.govt.nz/health-topics/conditions-treatments/brain-and-nerves/dementia/self-care-dementia,/health-topics/conditions-treatments/brain-and-nerves/dementia/self-care-dementia,/health-topics/conditions-treatments/brain-and-nerves/dementia,4
Epilepsy People with epilepsy have seizures that are caused by brief abnormal electrical activity in their brains.,https://www.healthnz.govt.nz/health-topics/conditions-treatments/brain-and-nerves/epilepsy,/health-topics/conditions-treatments/brain-and-nerves/epilepsy,/health-topics/conditions-treatments/brain-and-nerves,3
Essential tremor Essential tremor (also called familial or benign tremor) is an uncontrollable shaking of part of the body. It can run in families and can get worse with age.,https://www.healthnz.govt.nz/health-topics/conditions-treatments/brain-and-nerves/essential-tremor,/health-topics/conditions-treatments/brain-and-nerves/essential-tremor,/health-topics/conditions-treatments/brain-and-nerves,3
"Fatigue Fatigue is the feeling of being tired all the time, even after you have rested. It is different from the feeling of sleepiness you get at bedtime, or tiredness after exercise or a late night.",https://www.healthnz.govt.nz/health-topics/conditions-treatments/brain-and-nerves/fatigue,/health-topics/conditions-treatments/brain-and-nerves/fatigue,/health-topics/conditions-treatments/brain-and-nerves,3
Functional neurological disorder (FND) A disorder of the way your nervous system functions (works).,https://www.healthnz.govt.nz/health-topics/conditions-treatments/brain-and-nerves/functional-neurological-disorder-fnd,/health-topics/conditions-treatments/brain-and-nerves/functional-neurological-disorder-fnd,/health-topics/conditions-treatments/brain-and-nerves,3
Guillain-Barré syndrome Guillain-Barré syndrome is a disorder where your body's immune system attacks the covering of certain nerves (called the myelin sheath). This causes damage to the nerves.,https://www.healthnz.govt.nz/health-topics/conditions-treatments/brain-and-nerves/guillain-barre-syndrome,/health-topics/conditions-treatments/brain-and-nerves/guillain-barre-syndrome,/health-topics/conditions-treatments/brain-and-nerves,3
"Head injuries and concussion Head injury first aid, head injuries in adults.",https://www.healthnz.govt.nz/health-topics/conditions-treatments/brain-and-nerves/head-injuries-concussion,/health-topics/conditions-treatments/brain-and-nerves/head-injuries-concussion,/health-topics/conditions-treatments/brain-and-nerves,3
Head injuries in adults,https://www.healthnz.govt.nz/health-topics/conditions-treatments/brain-and-nerves/head-injuries-concussion/head-injuries-in-adults,/health-topics/conditions-treatments/brain-and-nerves/head-injuries-concussion/head-injuries-in-adults,/health-topics/conditions-treatments/brain-and-nerves/head-injuries-concussion,4
"Head injuries in children Tamariki (children) often bump their heads because they are active, sometimes fall over, and enjoy rough-and-tumble play. They may get hit on the head while playing with other tamariki. Fortunately, they mostly injure the outside of their heads, not their brains.",https://www.healthnz.govt.nz/health-topics/conditions-treatments/brain-and-nerves/head-injuries-concussion/head-injuries-in-children,/health-topics/conditions-treatments/brain-and-nerves/head-injuries-concussion/head-injuries-in-children,/health-topics/conditions-treatments/brain-and-nerves/head-injuries-concussion,4
"Head injury first aid Any head injury can be serious, although most are mild. Concussion is the most common type of traumatic brain injury. It is important to remember that signs of a head injury can show up 24 to 48 hours after the injury.",https://www.healthnz.govt.nz/health-topics/conditions-treatments/brain-and-nerves/head-injuries-concussion/head-injury-first-aid,/health-topics/conditions-treatments/brain-and-nerves/head-injuries-concussion/head-injury-first-aid,/health-topics/conditions-treatments/brain-and-nerves/head-injuries-concussion,4
Headache Headaches are very common. Most headaches do not have a serious cause and will go away over time.,https://www.healthnz.govt.nz/health-topics/conditions-treatments/brain-and-nerves/headache,/health-topics/conditions-treatments/brain-and-nerves/headache,/health-topics/conditions-treatments/brain-and-nerves,3
"Memory loss and mild cognitive impairment Forgetfulness and memory loss are relatively common in older people. Some people also develop mild cognitive impairment if they have problems with language, thinking, and judgement.",https://www.healthnz.govt.nz/health-topics/conditions-treatments/brain-and-nerves/memory-loss,/health-topics/conditions-treatments/brain-and-nerves/memory-loss,/health-topics/conditions-treatments/brain-and-nerves,3
"Motor neurone disease Motor neurones are nerves that control your body movement. With motor neurone disease, something goes wrong with these nerves and messages from your brain cannot get through to your muscles.",https://www.healthnz.govt.nz/health-topics/conditions-treatments/brain-and-nerves/motor-neurone-disease,/health-topics/conditions-treatments/brain-and-nerves/motor-neurone-disease,/health-topics/conditions-treatments/brain-and-nerves,3
"Multiple sclerosis Multiple sclerosis (MS) affects your central nervous system. It causes scarring (sclerosis) on your nerves or damage to the nerve fibres themselves. This can interrupt the signals between your brain and your body, and cause a range of symptoms.",https://www.healthnz.govt.nz/health-topics/conditions-treatments/brain-and-nerves/multiple-sclerosis,/health-topics/conditions-treatments/brain-and-nerves/multiple-sclerosis,/health-topics/conditions-treatments/brain-and-nerves,3
Pain after shingles (postherpetic neuralgia) Some people who have had shingles go on to have pain that lasts for months or years after the rash has gone. The medical term for this is postherpetic neuralgia.,https://www.healthnz.govt.nz/health-topics/conditions-treatments/brain-and-nerves/pain-after-shingles-postherpetic-neuralgia,/health-topics/conditions-treatments/brain-and-nerves/pain-after-shingles-postherpetic-neuralgia,/health-topics/conditions-treatments/brain-and-nerves,3
"Parkinson disease Parkinson disease is a neurological condition, which means it affects your brain and nervous system, and movement in particular.",https://www.healthnz.govt.nz/health-topics/conditions-treatments/brain-and-nerves/parkinson-disease,/health-topics/conditions-treatments/brain-and-nerves/parkinson-disease,/health-topics/conditions-treatments/brain-and-nerves,3
Peripheral neuropathy Peripheral neuropathy means there is damage to one or more of the nerves around your body. Your brain and spinal cord (central nervous system) are not involved.,https://www.healthnz.govt.nz/health-topics/conditions-treatments/brain-and-nerves/peripheral-neuropathy,/health-topics/conditions-treatments/brain-and-nerves/peripheral-neuropathy,/health-topics/conditions-treatments/brain-and-nerves,3
Restless legs syndrome Restless legs syndrome is a problem where you feel the need to move your legs due to uncomfortable or unpleasant feelings in them. The symptoms are usually worse in the evening or at night. This can cause you problems getting to sleep and staying asleep.,https://www.healthnz.govt.nz/health-topics/conditions-treatments/brain-and-nerves/restless-legs-syndrome,/health-topics/conditions-treatments/brain-and-nerves/restless-legs-syndrome,/health-topics/conditions-treatments/brain-and-nerves,3
Stroke When you have a bleed or a blood clot blocking the blood supply to part of your brain. The effects of a stroke depend on which part of your brain is affected.,https://www.healthnz.govt.nz/health-topics/conditions-treatments/brain-and-nerves/stroke,/health-topics/conditions-treatments/brain-and-nerves/stroke,/health-topics/conditions-treatments/brain-and-nerves,3
Transient ischaemic attacks A warning stroke or mini-stroke. It is very serious and you should not ignore it.,https://www.healthnz.govt.nz/health-topics/conditions-treatments/brain-and-nerves/transient-ischaemic-attacks,/health-topics/conditions-treatments/brain-and-nerves/transient-ischaemic-attacks,/health-topics/conditions-treatments/brain-and-nerves,3
Trigeminal neuralgia Trigeminal neuralgia is a pain condition affecting the nerves that control the feeling on each side of your face (trigeminal nerves). It affects women more often than men and is more likely to occur over the age of 50.,https://www.healthnz.govt.nz/health-topics/conditions-treatments/brain-and-nerves/trigeminal-neuralgia,/health-topics/conditions-treatments/brain-and-nerves/trigeminal-neuralgia,/health-topics/conditions-treatments/brain-and-nerves,3
"Ulnar nerve compression The ulnar nerve travels down the inside of your arm, around the inside of your elbow and finishes on the little-finger side of your hand. When it is damaged or compressed, it affects the strength and feeling you have in your hand, and sometimes your arm.",https://www.healthnz.govt.nz/health-topics/conditions-treatments/brain-and-nerves/ulnar-nerve-compression,/health-topics/conditions-treatments/brain-and-nerves/ulnar-nerve-compression,/health-topics/conditions-treatments/brain-and-nerves,3
Cancer,https://www.healthnz.govt.nz/health-topics/conditions-treatments/cancer,/health-topics/conditions-treatments/cancer,/health-topics/conditions-treatments,2
Bladder cancer Bladder cancer happens when the cells lining the bladder become abnormal and grow into a tumour. The cancer can be in the lining of the bladder or in the deeper layers of the bladder such as the muscle wall.,https://www.healthnz.govt.nz/health-topics/conditions-treatments/cancer/bladder-cancer,/health-topics/conditions-treatments/cancer/bladder-cancer,/health-topics/conditions-treatments/cancer,3
Blood cancer,https://www.healthnz.govt.nz/health-topics/conditions-treatments/cancer/blood-cancer,/health-topics/conditions-treatments/cancer/blood-cancer,/health-topics/conditions-treatments/cancer,3
"Chronic lymphocytic leukaemia Chronic lymphocytic leukaemia (CLL) is a type of slow-growing leukaemia that affects B-lymphocytes. B-lymphocytes are white blood cells that produce antibodies to fight infections. With CLL, the cells become cancerous.",https://www.healthnz.govt.nz/health-topics/conditions-treatments/cancer/blood-cancer/chronic-lymphocytic-leukaemia,/health-topics/conditions-treatments/cancer/blood-cancer/chronic-lymphocytic-leukaemia,/health-topics/conditions-treatments/cancer/blood-cancer,4
Leukaemia Leukaemia is a cancer of the blood cells that develop in the bone marrow. It makes young blood cells grow and multiply in an abnormal way.,https://www.healthnz.govt.nz/health-topics/conditions-treatments/cancer/blood-cancer/leukaemia,/health-topics/conditions-treatments/cancer/blood-cancer/leukaemia,/health-topics/conditions-treatments/cancer/blood-cancer,4
Lymphoma Lymphoma develops in the lymphatic system — part of your immune system. It makes certain white blood cells (lymphocytes) grow and multiply in an abnormal way.,https://www.healthnz.govt.nz/health-topics/conditions-treatments/cancer/blood-cancer/lymphoma,/health-topics/conditions-treatments/cancer/blood-cancer/lymphoma,/health-topics/conditions-treatments/cancer/blood-cancer,4
"Myelodysplastic syndromes Myelodysplastic syndromes (MDS) are a group of rare blood cancers. There are many different types of MDS. Some can stay mild for years and others are more serious. MDS can affect people of any age, but they are most common over the age of 70.",https://www.healthnz.govt.nz/health-topics/conditions-treatments/cancer/blood-cancer/myelodysplastic-syndromes-mds,/health-topics/conditions-treatments/cancer/blood-cancer/myelodysplastic-syndromes-mds,/health-topics/conditions-treatments/cancer/blood-cancer,4
Myeloma Myeloma is a cancer that develops in the bone marrow. It causes abnormal plasma cells to build up which crowds out all other types of healthy blood cells.,https://www.healthnz.govt.nz/health-topics/conditions-treatments/cancer/blood-cancer/myeloma,/health-topics/conditions-treatments/cancer/blood-cancer/myeloma,/health-topics/conditions-treatments/cancer/blood-cancer,4
Bowel cancer Bowel cancer develops when abnormal cells in the colon or rectum grow in an uncontrolled way. Aotearoa New Zealand has one of the highest rates of bowel cancer in the world.,https://www.healthnz.govt.nz/health-topics/conditions-treatments/cancer/bowel-cancer,/health-topics/conditions-treatments/cancer/bowel-cancer,/health-topics/conditions-treatments/cancer,3
Breast cancer Breast cancer is when abnormal cells in the breast begin to grow and eventually form a growth (tumour) which can spread within and beyond the breast.,https://www.healthnz.govt.nz/health-topics/conditions-treatments/cancer/breast-cancer,/health-topics/conditions-treatments/cancer/breast-cancer,/health-topics/conditions-treatments/cancer,3
"Cancer treatments There are many ways to treat cancer. The main treatments are surgery, chemotherapy and radiation treatment. Many cancers can be fully cured, especially if they are found early.",https://www.healthnz.govt.nz/health-topics/conditions-treatments/cancer/cancer-treatments,/health-topics/conditions-treatments/cancer/cancer-treatments,/health-topics/conditions-treatments/cancer,3
"Cervical cancer Cervical cancer (cancer of the cervix) is when abnormal cells in the lining of your cervix grow in an uncontrolled way. Your cervix is the entrance to your uterus at the top of your vagina. Cervical cancer develops slowly over time, usually over many years.",https://www.healthnz.govt.nz/health-topics/conditions-treatments/cancer/cervical-cancer,/health-topics/conditions-treatments/cancer/cervical-cancer,/health-topics/conditions-treatments/cancer,3
"Kidney cancer Your kidneys are bean-shaped organs about the size of your fist. They sit just below your rib cage, one on each side of your spine. Kidney cancer (renal cancer) happens when the cells in the kidney become abnormal and grow into a tumour.",https://www.healthnz.govt.nz/health-topics/conditions-treatments/cancer/kidney-cancer,/health-topics/conditions-treatments/cancer/kidney-cancer,/health-topics/conditions-treatments/cancer,3
"Liver cancer There are 2 types of liver cancer. Primary liver cancer is when abnormal cells in the liver grow in an uncontrolled way. Secondary liver cancer starts in another part of the body and spreads to the liver (metastatic cancer). In Aotearoa New Zealand, secondary liver cancer is more common than primary liver cancer.",https://www.healthnz.govt.nz/health-topics/conditions-treatments/cancer/liver-cancer,/health-topics/conditions-treatments/cancer/liver-cancer,/health-topics/conditions-treatments/cancer,3
Lung cancer Lung cancer begins when abnormal cells grow in an uncontrolled way in one or both lungs.,https://www.healthnz.govt.nz/health-topics/conditions-treatments/cancer/lung-cancer,/health-topics/conditions-treatments/cancer/lung-cancer,/health-topics/conditions-treatments/cancer,3
Melanoma Melanoma is a type of skin cancer. It can spread throughout the body and is the most serious form of skin cancer.,https://www.healthnz.govt.nz/health-topics/conditions-treatments/cancer/melanoma,/health-topics/conditions-treatments/cancer/melanoma,/health-topics/conditions-treatments/cancer,3
"Mouth cancer Matepukupuku waha Mouth cancer (oral cancer) is when a cancer grows in part of the mouth. This can be on the roof of the mouth, the floor of the mouth (under the tongue) or inside the cheeks. It can also be on the tongue, lips or gums.",https://www.healthnz.govt.nz/health-topics/conditions-treatments/cancer/mouth-cancer,/health-topics/conditions-treatments/cancer/mouth-cancer,/health-topics/conditions-treatments/cancer,3
Non-melanoma skin cancer Non-melanoma skin cancers are the most common type of skin cancer. They tend to appear on skin that has had a lot of sun exposure. Non-melanoma skin cancers can usually be treated successfully and cured.,https://www.healthnz.govt.nz/health-topics/conditions-treatments/cancer/non-melanoma-skin-cancer,/health-topics/conditions-treatments/cancer/non-melanoma-skin-cancer,/health-topics/conditions-treatments/cancer,3
Oesophageal cancer Oesophageal cancer is when abnormal cells in the oesophagus grow in an uncontrolled way.,https://www.healthnz.govt.nz/health-topics/conditions-treatments/cancer/oesophageal-cancer,/health-topics/conditions-treatments/cancer/oesophageal-cancer,/health-topics/conditions-treatments/cancer,3
Ovarian cancer Ovarian cancer includes tumours of the ovaries (where eggs form and oestrogen and progesterone are made) and tumours in the fallopian tubes and lining of the abdominal cavity.,https://www.healthnz.govt.nz/health-topics/conditions-treatments/cancer/ovarian-cancer,/health-topics/conditions-treatments/cancer/ovarian-cancer,/health-topics/conditions-treatments/cancer,3
Pancreatic cancer The pancreas is an organ that lies behind the stomach. Several tumours can grow in the pancreas. These can be either cancerous or non-cancerous. Anyone can be affected by this cancer. It is commonly found in people over the age of 45 years and is slightly more common in Māori and Pacific peoples.,https://www.healthnz.govt.nz/health-topics/conditions-treatments/cancer/pancreatic-cancer,/health-topics/conditions-treatments/cancer/pancreatic-cancer,/health-topics/conditions-treatments/cancer,3
"Prostate cancer Prostate cancer is the most common cancer in men in Aotearoa New Zealand. It usually grows slowly but can grow rapidly and spread to other parts of the body, such as your bones, liver and lungs.",https://www.healthnz.govt.nz/health-topics/conditions-treatments/cancer/prostate-cancer,/health-topics/conditions-treatments/cancer/prostate-cancer,/health-topics/conditions-treatments/cancer,3
"Reducing your risk of cancer Making healthy life choices, lifestyle changes and taking part in screening programmes are the best ways to reduce your chances of getting cancer.",https://www.healthnz.govt.nz/health-topics/conditions-treatments/cancer/reducing-your-risk-of-cancer,/health-topics/conditions-treatments/cancer/reducing-your-risk-of-cancer,/health-topics/conditions-treatments/cancer,3
Testicular cancer Testicular cancer is where cells in a testicle become abnormal and grow into a tumour. This usually starts in the cells that develop into sperm. Testicular cancer affects younger men more than older men.,https://www.healthnz.govt.nz/health-topics/conditions-treatments/cancer/testicular-cancer,/health-topics/conditions-treatments/cancer/testicular-cancer,/health-topics/conditions-treatments/cancer,3
Thyroid cancer Thyroid cancer is caused by abnormal cell growth in the thyroid gland a the base of your neck. Most thyroid cancers are curable.,https://www.healthnz.govt.nz/health-topics/conditions-treatments/cancer/thyroid-cancer,/health-topics/conditions-treatments/cancer/thyroid-cancer,/health-topics/conditions-treatments/cancer,3
Uterine cancer Uterine cancer develops when abnormal cells in the uterus (womb) grow in an uncontrolled way. It is the most common cancer of the reproductive system in women. It is also called cancer of the uterus or endometrial cancer.,https://www.healthnz.govt.nz/health-topics/conditions-treatments/cancer/uterine-cancer,/health-topics/conditions-treatments/cancer/uterine-cancer,/health-topics/conditions-treatments/cancer,3
Death and dying,https://www.healthnz.govt.nz/health-topics/conditions-treatments/death-and-dying,/health-topics/conditions-treatments/death-and-dying,/health-topics/conditions-treatments,2
Assisted dying,https://www.healthnz.govt.nz/health-topics/conditions-treatments/death-and-dying/assisted-dying,/health-topics/conditions-treatments/death-and-dying/assisted-dying,/health-topics/conditions-treatments/death-and-dying,3
Cremation,https://www.healthnz.govt.nz/health-topics/conditions-treatments/death-and-dying/cremation,/health-topics/conditions-treatments/death-and-dying/cremation,/health-topics/conditions-treatments/death-and-dying,3
Dying at home,https://www.healthnz.govt.nz/health-topics/conditions-treatments/death-and-dying/dying-at-home,/health-topics/conditions-treatments/death-and-dying/dying-at-home,/health-topics/conditions-treatments/death-and-dying,3
After someone you love has died,https://www.healthnz.govt.nz/health-topics/conditions-treatments/death-and-dying/dying-at-home/after-someone-you-love-has-died,/health-topics/conditions-treatments/death-and-dying/dying-at-home/after-someone-you-love-has-died,/health-topics/conditions-treatments/death-and-dying/dying-at-home,4
Looking after yourself when caring for someone who is dying,https://www.healthnz.govt.nz/health-topics/conditions-treatments/death-and-dying/dying-at-home/looking-after-yourself-caring-for-dying,/health-topics/conditions-treatments/death-and-dying/dying-at-home/looking-after-yourself-caring-for-dying,/health-topics/conditions-treatments/death-and-dying/dying-at-home,4
Planning a funeral or memorial,https://www.healthnz.govt.nz/health-topics/conditions-treatments/death-and-dying/dying-at-home/planning-funeral-memorial,/health-topics/conditions-treatments/death-and-dying/dying-at-home/planning-funeral-memorial,/health-topics/conditions-treatments/death-and-dying/dying-at-home,4
Understanding the dying process,https://www.healthnz.govt.nz/health-topics/conditions-treatments/death-and-dying/dying-at-home/understanding-the-dying-process,/health-topics/conditions-treatments/death-and-dying/dying-at-home/understanding-the-dying-process,/health-topics/conditions-treatments/death-and-dying/dying-at-home,4
End of life planning and care Information about caring for someone at the end of their life.,https://www.healthnz.govt.nz/health-topics/conditions-treatments/death-and-dying/end-of-life-care,/health-topics/conditions-treatments/death-and-dying/end-of-life-care,/health-topics/conditions-treatments/death-and-dying,3
Breathlessness and coughing in palliative care,https://www.healthnz.govt.nz/health-topics/conditions-treatments/death-and-dying/end-of-life-care/breathlessness-and-coughing-in-palliative-care,/health-topics/conditions-treatments/death-and-dying/end-of-life-care/breathlessness-and-coughing-in-palliative-care,/health-topics/conditions-treatments/death-and-dying/end-of-life-care,4
Constipation in adults,https://www.healthnz.govt.nz/health-topics/conditions-treatments/death-and-dying/end-of-life-care/constipation-in-adults,/health-topics/conditions-treatments/death-and-dying/end-of-life-care/constipation-in-adults,/health-topics/conditions-treatments/death-and-dying/end-of-life-care,4
Delirium,https://www.healthnz.govt.nz/health-topics/conditions-treatments/death-and-dying/end-of-life-care/delirium,/health-topics/conditions-treatments/death-and-dying/end-of-life-care/delirium,/health-topics/conditions-treatments/death-and-dying/end-of-life-care,4
End-of-life decisions,https://www.healthnz.govt.nz/health-topics/conditions-treatments/death-and-dying/end-of-life-care/end-of-life-decisions,/health-topics/conditions-treatments/death-and-dying/end-of-life-care/end-of-life-decisions,/health-topics/conditions-treatments/death-and-dying/end-of-life-care,4
Itching (pruritus),https://www.healthnz.govt.nz/health-topics/conditions-treatments/death-and-dying/end-of-life-care/itching-pruritis,/health-topics/conditions-treatments/death-and-dying/end-of-life-care/itching-pruritis,/health-topics/conditions-treatments/death-and-dying/end-of-life-care,4
Mouth care in palliative care,https://www.healthnz.govt.nz/health-topics/conditions-treatments/death-and-dying/end-of-life-care/mouth-care-in-palliative-care,/health-topics/conditions-treatments/death-and-dying/end-of-life-care/mouth-care-in-palliative-care,/health-topics/conditions-treatments/death-and-dying/end-of-life-care,4
Feeling sick and throwing up in palliative care,https://www.healthnz.govt.nz/health-topics/conditions-treatments/death-and-dying/end-of-life-care/nausea-and-vomiting-in-palliative-care,/health-topics/conditions-treatments/death-and-dying/end-of-life-care/nausea-and-vomiting-in-palliative-care,/health-topics/conditions-treatments/death-and-dying/end-of-life-care,4
Poor appetite in palliative care,https://www.healthnz.govt.nz/health-topics/conditions-treatments/death-and-dying/end-of-life-care/poor-appetite-in-palliative-care,/health-topics/conditions-treatments/death-and-dying/end-of-life-care/poor-appetite-in-palliative-care,/health-topics/conditions-treatments/death-and-dying/end-of-life-care,4
Relieving pain in palliative care,https://www.healthnz.govt.nz/health-topics/conditions-treatments/death-and-dying/end-of-life-care/relieving-pain-in-palliative-care,/health-topics/conditions-treatments/death-and-dying/end-of-life-care/relieving-pain-in-palliative-care,/health-topics/conditions-treatments/death-and-dying/end-of-life-care,4
Weakness and tiredness in palliative care,https://www.healthnz.govt.nz/health-topics/conditions-treatments/death-and-dying/end-of-life-care/weakness-and-tiredness-in-palliative-care,/health-topics/conditions-treatments/death-and-dying/end-of-life-care/weakness-and-tiredness-in-palliative-care,/health-topics/conditions-treatments/death-and-dying/end-of-life-care,4
"Getting permission for burials, burial sites and cremation sites",https://www.healthnz.govt.nz/health-topics/conditions-treatments/death-and-dying/getting-permission-for-burials-burial-sites-and-cremation-sites,/health-topics/conditions-treatments/death-and-dying/getting-permission-for-burials-burial-sites-and-cremation-sites,/health-topics/conditions-treatments/death-and-dying,3
Diabetes,https://www.healthnz.govt.nz/health-topics/conditions-treatments/diabetes,/health-topics/conditions-treatments/diabetes,/health-topics/conditions-treatments,2
"Complications of diabetes If you have type 1 diabetes or type 2 diabetes, you might develop complications. These include problems with your eyes, feet, kidneys and heart. Keeping your diabetes under good control will reduce your chances of having problems.",https://www.healthnz.govt.nz/health-topics/conditions-treatments/diabetes/complications-of-diabetes,/health-topics/conditions-treatments/diabetes/complications-of-diabetes,/health-topics/conditions-treatments/diabetes,3
"Diabetes and endoscopy It is important to manage your diabetes before having an endoscopy (including colonoscopy, sigmoidoscopy and capsule endoscopy). The information here is to help you do this.",https://www.healthnz.govt.nz/health-topics/conditions-treatments/diabetes/diabetes-endoscopy,/health-topics/conditions-treatments/diabetes/diabetes-endoscopy,/health-topics/conditions-treatments/diabetes,3
"Diabetes and foot problems If you have diabetes, it is important to look after your feet. Diabetes can cause damage to your feet which makes you more likely to get infections or ulcers.",https://www.healthnz.govt.nz/health-topics/conditions-treatments/diabetes/diabetic-foot-problems,/health-topics/conditions-treatments/diabetes/diabetic-foot-problems,/health-topics/conditions-treatments/diabetes,3
Diabetic ketoacidosis (DKA) Your body releases ketones when it is forced to burn fat for energy. Diabetic ketoacidosis (DKA) can happen to people with Type 1 diabetes if their ketone levels become dangerously high.,https://www.healthnz.govt.nz/health-topics/conditions-treatments/diabetes/diabetic-ketoacidosis,/health-topics/conditions-treatments/diabetes/diabetic-ketoacidosis,/health-topics/conditions-treatments/diabetes,3
Diabetic nerve damage (neuropathy) Diabetes can damage the nerves that travel between your spinal cord and other parts of your body. This is called diabetic neuropathy. It most often affects the nerves in your legs and feet.,https://www.healthnz.govt.nz/health-topics/conditions-treatments/diabetes/diabetic-nerve-damage-neuropathy,/health-topics/conditions-treatments/diabetes/diabetic-nerve-damage-neuropathy,/health-topics/conditions-treatments/diabetes,3
Diabetic retinopathy Diabetic retinopathy is a complication of diabetes. It happens when high blood glucose (sugar) levels cause damage to the back of the eye (retina).,https://www.healthnz.govt.nz/health-topics/conditions-treatments/diabetes/diabetic-retinopathy,/health-topics/conditions-treatments/diabetes/diabetic-retinopathy,/health-topics/conditions-treatments/diabetes,3
"Gestational diabetes Gestational diabetes is diabetes that is diagnosed when you are pregnant. It can be treated by eating well, keeping physically active and sometimes you will need to take medication as well.",https://www.healthnz.govt.nz/health-topics/conditions-treatments/diabetes/gestational-diabetes,/health-topics/conditions-treatments/diabetes/gestational-diabetes,/health-topics/conditions-treatments/diabetes,3
Activity and diet,"https://www.healthnz.govt.nz/health-topics/conditions-treatments/diabetes/gestational-diabetes/%5Bsitetree_link,id=1426%5D","/health-topics/conditions-treatments/diabetes/gestational-diabetes/%5Bsitetree_link,id=1426%5D",/health-topics/conditions-treatments/diabetes/gestational-diabetes,4
,"https://www.healthnz.govt.nz/health-topics/conditions-treatments/diabetes/gestational-diabetes/%5Bsitetree_link,id=365%5D","/health-topics/conditions-treatments/diabetes/gestational-diabetes/%5Bsitetree_link,id=365%5D",/health-topics/conditions-treatments/diabetes/gestational-diabetes,4
"Gestational diabetes, pregnancy and your pēpi",https://www.healthnz.govt.nz/health-topics/conditions-treatments/diabetes/gestational-diabetes/gestational-diabetes-pregnancy-and-your-baby,/health-topics/conditions-treatments/diabetes/gestational-diabetes/gestational-diabetes-pregnancy-and-your-baby,/health-topics/conditions-treatments/diabetes/gestational-diabetes,4
"Low blood glucose (hypoglycaemia) Hypoglycaemia, also called a hypo, means you have a low blood glucose (sugar) level. A severe hypo is dangerous and needs to be treated quickly.",https://www.healthnz.govt.nz/health-topics/conditions-treatments/diabetes/hypoglycaemia,/health-topics/conditions-treatments/diabetes/hypoglycaemia,/health-topics/conditions-treatments/diabetes,3
"Managing diabetes when you are sick If you are unwell, you may need to change your normal diabetes routine. This page is for people who manage their diabetes with insulin or tablets.",https://www.healthnz.govt.nz/health-topics/conditions-treatments/diabetes/managing-diabetes-when-sick,/health-topics/conditions-treatments/diabetes/managing-diabetes-when-sick,/health-topics/conditions-treatments/diabetes,3
"Managing your diabetes with insulin Taking insulin is an essential part of diabetes management for people with type 1 diabetes, and for some with type 2 diabetes",https://www.healthnz.govt.nz/health-topics/conditions-treatments/diabetes/managing-your-diabetes-with-insulin,/health-topics/conditions-treatments/diabetes/managing-your-diabetes-with-insulin,/health-topics/conditions-treatments/diabetes,3
"Monitoring your blood glucose For many people with diabetes, monitoring blood glucose (sugar) levels is essential for managing their condition. You can check your levels using a finger prick test and glucose meter, or use a continuous glucose monitor (CGM).",https://www.healthnz.govt.nz/health-topics/conditions-treatments/diabetes/monitoring-blood-glucose,/health-topics/conditions-treatments/diabetes/monitoring-blood-glucose,/health-topics/conditions-treatments/diabetes,3
"Living well with diabetes You can live well with diabetes if you eat well, do regular physical activity and carefully manage your blood glucose levels if you need to.",https://www.healthnz.govt.nz/health-topics/conditions-treatments/diabetes/self-care-for-diabetes,/health-topics/conditions-treatments/diabetes/self-care-for-diabetes,/health-topics/conditions-treatments/diabetes,3
"Travelling with diabetes When you have diabetes, you need to be prepared when you travel. Find information on what you need to plan for and take with you.",https://www.healthnz.govt.nz/health-topics/conditions-treatments/diabetes/travelling-with-diabetes,/health-topics/conditions-treatments/diabetes/travelling-with-diabetes,/health-topics/conditions-treatments/diabetes,3
Type 1 diabetes You develop type 1 diabetes if your body is not creating enough insulin to keep blood glucose (sugar) levels in the normal range. High blood glucose can cause damage to your body over time.,https://www.healthnz.govt.nz/health-topics/conditions-treatments/diabetes/type-1-diabetes,/health-topics/conditions-treatments/diabetes/type-1-diabetes,/health-topics/conditions-treatments/diabetes,3
Type 2 diabetes Type 2 diabetes happens when your body cannot use insulin properly (insulin resistance). This makes your blood glucose levels high. It is the most common form of diabetes and may be prevented by following a healthy lifestyle.,https://www.healthnz.govt.nz/health-topics/conditions-treatments/diabetes/type-2-diabetes,/health-topics/conditions-treatments/diabetes/type-2-diabetes,/health-topics/conditions-treatments/diabetes,3
"Ear, nose and throat",https://www.healthnz.govt.nz/health-topics/conditions-treatments/ear-nose-throat,/health-topics/conditions-treatments/ear-nose-throat,/health-topics/conditions-treatments,2
Swallowing difficulties (dysphagia),"https://www.healthnz.govt.nz/health-topics/conditions-treatments/ear-nose-throat/%5Bsitetree_link,id=897%5D","/health-topics/conditions-treatments/ear-nose-throat/%5Bsitetree_link,id=897%5D",/health-topics/conditions-treatments/ear-nose-throat,3
Broken nose A broken nose (also called a fractured nose) is a common injury after a knock to your face.,https://www.healthnz.govt.nz/health-topics/conditions-treatments/ear-nose-throat/broken-nose,/health-topics/conditions-treatments/ear-nose-throat/broken-nose,/health-topics/conditions-treatments/ear-nose-throat,3
Cochlear implant A cochlear implant is a small device that helps people hear. It is used when hearing aids do not work for people who have severe hearing loss.,https://www.healthnz.govt.nz/health-topics/conditions-treatments/ear-nose-throat/cochlear-implant,/health-topics/conditions-treatments/ear-nose-throat/cochlear-implant,/health-topics/conditions-treatments/ear-nose-throat,3
Colds and flu,https://www.healthnz.govt.nz/health-topics/conditions-treatments/ear-nose-throat/colds-in-adults,/health-topics/conditions-treatments/ear-nose-throat/colds-in-adults,/health-topics/conditions-treatments/ear-nose-throat,3
"Ear problems Information about blocked ears, outer ear infections and waxy ears.",https://www.healthnz.govt.nz/health-topics/conditions-treatments/ear-nose-throat/ear-problems,/health-topics/conditions-treatments/ear-nose-throat/ear-problems,/health-topics/conditions-treatments/ear-nose-throat,3
"Earache If you or a whānau member has earache, you may have pain that is sharp, dull, or throbbing. You may also have muffled hearing or a feeling of pressure or blockage.",https://www.healthnz.govt.nz/health-topics/conditions-treatments/ear-nose-throat/earache,/health-topics/conditions-treatments/ear-nose-throat/earache,/health-topics/conditions-treatments/ear-nose-throat,3
"Feeling of a lump in the throat (globus sensation) Globus sensation is the feeling of having a lump in your throat, but there is nothing there. It is also called globus pharyngeus.",https://www.healthnz.govt.nz/health-topics/conditions-treatments/ear-nose-throat/feeling-of-a-lump-in-the-throat-globus-sensation,/health-topics/conditions-treatments/ear-nose-throat/feeling-of-a-lump-in-the-throat-globus-sensation,/health-topics/conditions-treatments/ear-nose-throat,3
"Hearing loss in adults Most hearing loss in adults happens because of ageing, but there are other possible reasons. Hearing loss can be temporary or permanent depending on the cause.",https://www.healthnz.govt.nz/health-topics/conditions-treatments/ear-nose-throat/hearing-loss,/health-topics/conditions-treatments/ear-nose-throat/hearing-loss,/health-topics/conditions-treatments/ear-nose-throat,3
"Hoarse or lost voice (laryngitis) Hoarse or lost voice happens when there is a problem with your vocal cords, which are the moving parts of your voice box (larynx). This can make your voice sound croaky, strained or weak.",https://www.healthnz.govt.nz/health-topics/conditions-treatments/ear-nose-throat/hoarse-or-lost-voice-laryngitis,/health-topics/conditions-treatments/ear-nose-throat/hoarse-or-lost-voice-laryngitis,/health-topics/conditions-treatments/ear-nose-throat,3
Neck lumps Lumps in the neck are very common and are not usually a serious problem.,https://www.healthnz.govt.nz/health-topics/conditions-treatments/ear-nose-throat/neck-lumps,/health-topics/conditions-treatments/ear-nose-throat/neck-lumps,/health-topics/conditions-treatments/ear-nose-throat,3
"Nosebleeds A nosebleed is when blood comes out of one or both nostrils. Nosebleeds are common, especially in tamariki (children). They are usually easy to treat and do not mean anything is seriously wrong.",https://www.healthnz.govt.nz/health-topics/conditions-treatments/ear-nose-throat/nosebleeds,/health-topics/conditions-treatments/ear-nose-throat/nosebleeds,/health-topics/conditions-treatments/ear-nose-throat,3
"Obstructive sleep apnoea If you have obstructive sleep apnoea your throat muscles relax too much when you are asleep, blocking the airway. This causes pauses in your breathing. These breathing pauses can lead to disrupted sleep and reduced oxygen levels.",https://www.healthnz.govt.nz/health-topics/conditions-treatments/ear-nose-throat/obstructive-sleep-apnoea,/health-topics/conditions-treatments/ear-nose-throat/obstructive-sleep-apnoea,/health-topics/conditions-treatments/ear-nose-throat,3
Sinusitis Sinusitis is when an infection or inflammation of your sinuses stops them from draining properly. Your head may feel heavy and painful and you may have a blocked or runny nose and headache.,https://www.healthnz.govt.nz/health-topics/conditions-treatments/ear-nose-throat/sinusitis,/health-topics/conditions-treatments/ear-nose-throat/sinusitis,/health-topics/conditions-treatments/ear-nose-throat,3
"Snoring Snoring is the harsh rattling noise made by some people when they sleep. Mild or occasional snoring is generally harmless, but could be a sign of another condition.",https://www.healthnz.govt.nz/health-topics/conditions-treatments/ear-nose-throat/snoring,/health-topics/conditions-treatments/ear-nose-throat/snoring,/health-topics/conditions-treatments/ear-nose-throat,3
"Sore throat Sore throats are very common, especially in tamariki (children) and rangatahi (teenagers). Most sore throats are caused by viruses and get better by themselves with no treatment other than pain relief.",https://www.healthnz.govt.nz/health-topics/conditions-treatments/ear-nose-throat/sore-throat,/health-topics/conditions-treatments/ear-nose-throat/sore-throat,/health-topics/conditions-treatments/ear-nose-throat,3
"Speech and communication difficulties Speech and communication difficulties are problems with speaking, understanding or using language. They can affect how clearly someone talks or how well they understand others.",https://www.healthnz.govt.nz/health-topics/conditions-treatments/ear-nose-throat/speech-communication-difficulties,/health-topics/conditions-treatments/ear-nose-throat/speech-communication-difficulties,/health-topics/conditions-treatments/ear-nose-throat,3
Aphasia Aphasia is a language disorder. It affects your ability to communicate with others.,https://www.healthnz.govt.nz/health-topics/conditions-treatments/ear-nose-throat/speech-communication-difficulties/aphasia,/health-topics/conditions-treatments/ear-nose-throat/speech-communication-difficulties/aphasia,/health-topics/conditions-treatments/ear-nose-throat/speech-communication-difficulties,4
"Apraxia of speech Apraxia of speech (also known as verbal dyspraxia) is a motor speech disorder. You know what you want to say, but your brain has trouble telling your speech muscles how to move. The muscles are not weak but they have lost coordination.",https://www.healthnz.govt.nz/health-topics/conditions-treatments/ear-nose-throat/speech-communication-difficulties/apraxia-of-speech,/health-topics/conditions-treatments/ear-nose-throat/speech-communication-difficulties/apraxia-of-speech,/health-topics/conditions-treatments/ear-nose-throat/speech-communication-difficulties,4
"Dysarthria Dysarthria is a motor speech disorder. When you have dysarthria, you know what you want to say, but the muscles you use to speak are weak and may be uncoordinated.",https://www.healthnz.govt.nz/health-topics/conditions-treatments/ear-nose-throat/speech-communication-difficulties/dysarthria,/health-topics/conditions-treatments/ear-nose-throat/speech-communication-difficulties/dysarthria,/health-topics/conditions-treatments/ear-nose-throat/speech-communication-difficulties,4
Communicating with someone who cannot talk or hear well Tips for communicating with someone who has speech or communication difficulties.,https://www.healthnz.govt.nz/health-topics/conditions-treatments/ear-nose-throat/speech-communication-difficulties/someone-cannot-talk-hear-well,/health-topics/conditions-treatments/ear-nose-throat/speech-communication-difficulties/someone-cannot-talk-hear-well,/health-topics/conditions-treatments/ear-nose-throat/speech-communication-difficulties,4
Stuttering in adults Stuttering is an interruption to the flow of your speech that you cannot control. It is also called stammering.,https://www.healthnz.govt.nz/health-topics/conditions-treatments/ear-nose-throat/speech-communication-difficulties/stuttering-in-adults,/health-topics/conditions-treatments/ear-nose-throat/speech-communication-difficulties/stuttering-in-adults,/health-topics/conditions-treatments/ear-nose-throat/speech-communication-difficulties,4
"Ways to help manage speech and communication difficulties If you are having difficulty with aspects of your speech or communication, these tips may help.",https://www.healthnz.govt.nz/health-topics/conditions-treatments/ear-nose-throat/speech-communication-difficulties/ways-to-help-manage-speech-and-communication-difficulties,/health-topics/conditions-treatments/ear-nose-throat/speech-communication-difficulties/ways-to-help-manage-speech-and-communication-difficulties,/health-topics/conditions-treatments/ear-nose-throat/speech-communication-difficulties,4
"Swallowing difficulties (dysphagia) Swallowing difficulties can make it hard for you to eat and drink. They can be caused by a wide range of conditions, some of which can be serious.",https://www.healthnz.govt.nz/health-topics/conditions-treatments/ear-nose-throat/swallowing-difficulties-dysphagia,/health-topics/conditions-treatments/ear-nose-throat/swallowing-difficulties-dysphagia,/health-topics/conditions-treatments/ear-nose-throat,3
Tinnitus Tinnitus is when you hear sounds in your ears or head that do not come from your surroundings. It results from changes in your hearing or nervous system. There are different forms of tinnitus and many different causes.,https://www.healthnz.govt.nz/health-topics/conditions-treatments/ear-nose-throat/tinnitus,/health-topics/conditions-treatments/ear-nose-throat/tinnitus,/health-topics/conditions-treatments/ear-nose-throat,3
Vertigo Vertigo is a feeling that you or your surroundings are moving when there is no actual movement. Vertigo is a symptom rather than a condition itself.,https://www.healthnz.govt.nz/health-topics/conditions-treatments/ear-nose-throat/vertigo,/health-topics/conditions-treatments/ear-nose-throat/vertigo,/health-topics/conditions-treatments/ear-nose-throat,3
Eyes,https://www.healthnz.govt.nz/health-topics/conditions-treatments/eyes,/health-topics/conditions-treatments/eyes,/health-topics/conditions-treatments,2
Astigmatism A very common condition that causes blurred vision because of the shape of the cornea or lens in the eye.,https://www.healthnz.govt.nz/health-topics/conditions-treatments/eyes/astigmatism,/health-topics/conditions-treatments/eyes/astigmatism,/health-topics/conditions-treatments/eyes,3
Cataracts When the clear lens in your eye becomes cloudy. Cataracts are one of the most common causes of reduced vision.,https://www.healthnz.govt.nz/health-topics/conditions-treatments/eyes/cataracts,/health-topics/conditions-treatments/eyes/cataracts,/health-topics/conditions-treatments/eyes,3
Chalazion (meibomian cyst) A chalazion is a lump on one of your eyelids. It forms when a tiny oil gland (meibomian gland) on the inside of your eyelid gets blocked and swollen. Oil builds up inside the gland and forms a lump.,https://www.healthnz.govt.nz/health-topics/conditions-treatments/eyes/chalazion-meibomian-cyst,/health-topics/conditions-treatments/eyes/chalazion-meibomian-cyst,/health-topics/conditions-treatments/eyes,3
Conjunctivitis,https://www.healthnz.govt.nz/health-topics/conditions-treatments/eyes/conjunctivitis,/health-topics/conditions-treatments/eyes/conjunctivitis,/health-topics/conditions-treatments/eyes,3
Diabetic retinopathy Diabetic retinopathy is a complication of diabetes. It happens when high blood glucose (sugar) levels cause damage to the back of the eye (retina).,https://www.healthnz.govt.nz/health-topics/conditions-treatments/eyes/diabetic-retinopathy,/health-topics/conditions-treatments/eyes/diabetic-retinopathy,/health-topics/conditions-treatments/eyes,3
"Dry eyes Dry eyes are caused by your eyes not producing enough tears or by something affecting the ability of your tears to form a protective film. This gives your eyes a sore, gritty sensation. The irritation of dry eye may trigger excessive tears.",https://www.healthnz.govt.nz/health-topics/conditions-treatments/eyes/dry-eyes,/health-topics/conditions-treatments/eyes/dry-eyes,/health-topics/conditions-treatments/eyes,3
"Eye drops and eye ointment People use eye drops or eye ointment to treat sore, dry or itchy eyes, fight infections, ease allergies, relieve pressure in the eye if they have glaucoma or help with healing after eye surgery. They help to keep eyes comfortable and healthy.",https://www.healthnz.govt.nz/health-topics/conditions-treatments/eyes/eye-drops-and-eye-ointment,/health-topics/conditions-treatments/eyes/eye-drops-and-eye-ointment,/health-topics/conditions-treatments/eyes,3
"Eyelid inflammation (blepharitis) Blepharitis is an inflammation of your eyelid. It is not an infection, and it is not contagious. It is common and may keep coming back as it can be treated but not cured. It will not affect your vision.",https://www.healthnz.govt.nz/health-topics/conditions-treatments/eyes/eyelid-inflammation-blepharitis,/health-topics/conditions-treatments/eyes/eyelid-inflammation-blepharitis,/health-topics/conditions-treatments/eyes,3
"Floaters and flashes Dots and lines (floaters) or flashes of light in your vision are common, especially as you get older. They are not usually serious, particularly if you have had them for a long time, they are not getting worse, and your eyesight is not affected.",https://www.healthnz.govt.nz/health-topics/conditions-treatments/eyes/floaters-and-flashes,/health-topics/conditions-treatments/eyes/floaters-and-flashes,/health-topics/conditions-treatments/eyes,3
"Glaucoma An eye condition that causes damage to the optic nerve at the back of your eye. Untreated, it can cause blindness.",https://www.healthnz.govt.nz/health-topics/conditions-treatments/eyes/glaucoma,/health-topics/conditions-treatments/eyes/glaucoma,/health-topics/conditions-treatments/eyes,3
"Keratoconus Keratoconus is a disorder that makes the cornea (the clear dome at the front of your eye) become thinner and more distorted. Your cornea normally has a rounded shape. But if you have keratoconus the thin bit of your cornea bulges forward, making a cone-like shape.",https://www.healthnz.govt.nz/health-topics/conditions-treatments/eyes/keratoconus,/health-topics/conditions-treatments/eyes/keratoconus,/health-topics/conditions-treatments/eyes,3
Hyperopia When someone can see things clearly in the distance but has difficulty seeing close objects clearly.,https://www.healthnz.govt.nz/health-topics/conditions-treatments/eyes/long-sightedness-hyperopia,/health-topics/conditions-treatments/eyes/long-sightedness-hyperopia,/health-topics/conditions-treatments/eyes,3
"Presbyopia Begins in middle age, and makes it hard to focus on things that are up close. It is not a disease but a normal part of getting older.",https://www.healthnz.govt.nz/health-topics/conditions-treatments/eyes/long-sightedness-with-ageing-presbyopia,/health-topics/conditions-treatments/eyes/long-sightedness-with-ageing-presbyopia,/health-topics/conditions-treatments/eyes,3
Low vision and blindness Low vision is an eyesight problem that makes it hard to do everyday activities.,https://www.healthnz.govt.nz/health-topics/conditions-treatments/eyes/low-vision-and-blindness,/health-topics/conditions-treatments/eyes/low-vision-and-blindness,/health-topics/conditions-treatments/eyes,3
Macular degeneration The main cause of blindness and severe vision loss in Aotearoa New Zealand. A disease that affects the cells that feed the back of your eye.,https://www.healthnz.govt.nz/health-topics/conditions-treatments/eyes/macular-degeneration,/health-topics/conditions-treatments/eyes/macular-degeneration,/health-topics/conditions-treatments/eyes,3
"Pterygium and pinguecula Pterygium and pinguecula are common growths on the front of an eye. Both happen on the clear covering over the white of your eye (the conjunctiva), and usually on the side closest to your nose.",https://www.healthnz.govt.nz/health-topics/conditions-treatments/eyes/pterygium-and-pinguecula,/health-topics/conditions-treatments/eyes/pterygium-and-pinguecula,/health-topics/conditions-treatments/eyes,3
"Retinal detachment The retina is the surface at the back of your eye that detects shape and colour. When it separates from the inner lining of the eye, this is retinal detachment. It can cause loss of vision. This can be prevented if the detachment is found and treated early.",https://www.healthnz.govt.nz/health-topics/conditions-treatments/eyes/retinal-detachment,/health-topics/conditions-treatments/eyes/retinal-detachment,/health-topics/conditions-treatments/eyes,3
Myopia Short-sightedness means someone can see close objects clearly but has difficulty seeing things clearly in the distance.,https://www.healthnz.govt.nz/health-topics/conditions-treatments/eyes/short-sightedness-myopia,/health-topics/conditions-treatments/eyes/short-sightedness-myopia,/health-topics/conditions-treatments/eyes,3
"Stye Stye is the name for a lump or swelling that happens when an infection forms around the base of an eyelash, on the edge of your eyelid. A stye can look like a tiny, yellow, pus-filled spot.",https://www.healthnz.govt.nz/health-topics/conditions-treatments/eyes/stye,/health-topics/conditions-treatments/eyes/stye,/health-topics/conditions-treatments/eyes,3
Subconjunctival haemorrhage A subconjunctival haemorrhage happens when tiny blood vessels on the white of your eye burst. The vessels sit between the clear surface (the conjunctiva) and the white of your eye (the sclera) burst. A subconjunctival haemorrhage does not hurt or affect your vision.,https://www.healthnz.govt.nz/health-topics/conditions-treatments/eyes/subconjunctival-haemorrhage,/health-topics/conditions-treatments/eyes/subconjunctival-haemorrhage,/health-topics/conditions-treatments/eyes,3
"Sudden vision loss in one eye You can lose vision in one eye for several reasons, some of which are potentially serious. The vision loss can be temporary and may only last a few minutes, but the causes may still be important and need treating. Unless you regularly lose vision temporarily during migraines, get your eyes checked straight away.",https://www.healthnz.govt.nz/health-topics/conditions-treatments/eyes/sudden-vision-loss-in-one-eye,/health-topics/conditions-treatments/eyes/sudden-vision-loss-in-one-eye,/health-topics/conditions-treatments/eyes,3
Thyroid eye disease Thyroid eye disease is a condition where the muscles and soft tissues around and behind your eyes become swollen. It mainly affects people with an overactive thyroid gland.,https://www.healthnz.govt.nz/health-topics/conditions-treatments/eyes/thyroid-eye-disease,/health-topics/conditions-treatments/eyes/thyroid-eye-disease,/health-topics/conditions-treatments/eyes,3
"Watery eyes You can get watery eyes at any age, but it's more common in young pēpi (babies) and in people over the age of 60. It can affect one or both eyes.",https://www.healthnz.govt.nz/health-topics/conditions-treatments/eyes/watery-eyes,/health-topics/conditions-treatments/eyes/watery-eyes,/health-topics/conditions-treatments/eyes,3
Feet and ankles,https://www.healthnz.govt.nz/health-topics/conditions-treatments/feet-and-ankles,/health-topics/conditions-treatments/feet-and-ankles,/health-topics/conditions-treatments,2
"Achilles tendinopathy Your Achilles tendon attaches your calf muscle to your heel. Achilles tendinopathy is a condition that causes pain, swelling and stiffness in this tendon. It is common in people who play sports that involve jumping and running.",https://www.healthnz.govt.nz/health-topics/conditions-treatments/feet-and-ankles/achilles-tendinopathy,/health-topics/conditions-treatments/feet-and-ankles/achilles-tendinopathy,/health-topics/conditions-treatments/feet-and-ankles,3
"Achilles tendon rupture Your Achilles tendon attaches your calf muscle to your heel. When the tendon fibres tear, we call this a rupture. It can happen after a sudden force through the foot or ankle, such as suddenly breaking into a sprint.",https://www.healthnz.govt.nz/health-topics/conditions-treatments/feet-and-ankles/achilles-tendon-rupture,/health-topics/conditions-treatments/feet-and-ankles/achilles-tendon-rupture,/health-topics/conditions-treatments/feet-and-ankles,3
Broken ankle (fractured ankle) Your ankle joint is made up of the bones of your lower leg (tibia and fibula) which fit over your talus bone. The most common place for the ankle to break (or fracture) is at the ends of your tibia (medial malleolus) and fibula (lateral malleolus).,https://www.healthnz.govt.nz/health-topics/conditions-treatments/feet-and-ankles/broken-ankle-fractured-ankle,/health-topics/conditions-treatments/feet-and-ankles/broken-ankle-fractured-ankle,/health-topics/conditions-treatments/feet-and-ankles,3
"Broken foot (fractured metatarsal) The long, straight bones in the middle of your foot are your metatarsal bones. They can break from sudden injury or repeated stress over time.",https://www.healthnz.govt.nz/health-topics/conditions-treatments/feet-and-ankles/broken-foot-fractured-metatarsal,/health-topics/conditions-treatments/feet-and-ankles/broken-foot-fractured-metatarsal,/health-topics/conditions-treatments/feet-and-ankles,3
"Broken toe (fractured toe) A broken toe (fractured toe) means one of the bones in your toe has a crack or a break. Most broken toes heal with simple care at home, but a severe break may need medical help.",https://www.healthnz.govt.nz/health-topics/conditions-treatments/feet-and-ankles/broken-toe-fractured-toe,/health-topics/conditions-treatments/feet-and-ankles/broken-toe-fractured-toe,/health-topics/conditions-treatments/feet-and-ankles,3
Bunions A bunion (also known as hallux valgus) is a painful bony lump at the base of your big toe.,https://www.healthnz.govt.nz/health-topics/conditions-treatments/feet-and-ankles/bunions,/health-topics/conditions-treatments/feet-and-ankles/bunions,/health-topics/conditions-treatments/feet-and-ankles,3
Corns A corn is an area of thickened skin that forms at pressure points over bony areas of your foot.,https://www.healthnz.govt.nz/health-topics/conditions-treatments/feet-and-ankles/corns,/health-topics/conditions-treatments/feet-and-ankles/corns,/health-topics/conditions-treatments/feet-and-ankles,3
"Flat feet If you have flat feet (pes planus), the arches in your feet are lower and disappear completely when you are standing. This can cause foot, ankle, knee and low back pain.",https://www.healthnz.govt.nz/health-topics/conditions-treatments/feet-and-ankles/flat-feet,/health-topics/conditions-treatments/feet-and-ankles/flat-feet,/health-topics/conditions-treatments/feet-and-ankles,3
Foot orthotics Foot orthotics are shoe inserts that support your foot. They aim to reduce any foot and leg pains.,https://www.healthnz.govt.nz/health-topics/conditions-treatments/feet-and-ankles/foot-orthotics,/health-topics/conditions-treatments/feet-and-ankles/foot-orthotics,/health-topics/conditions-treatments/feet-and-ankles,3
"Fungal nail infections Fungal nail infections are common as you get older. They happen when fungus infects a fingernail, toenail or the skin under the nail (the nail bed). Fungi tend to attack nails that are already damaged.",https://www.healthnz.govt.nz/health-topics/conditions-treatments/feet-and-ankles/fungal-nail-infections,/health-topics/conditions-treatments/feet-and-ankles/fungal-nail-infections,/health-topics/conditions-treatments/feet-and-ankles,3
"Hammertoe If you have a hammertoe, it means one or more of your toes have bent abnormally. Hammertoe can develop in any of your toes, but it usually affects the middle 3 toes. Most often, it affects the second toe. It tends to run in families.",https://www.healthnz.govt.nz/health-topics/conditions-treatments/feet-and-ankles/hammertoe,/health-topics/conditions-treatments/feet-and-ankles/hammertoe,/health-topics/conditions-treatments/feet-and-ankles,3
"Ingrown toenail An ingrown toenail happens when part of your nail pierces the skin. This can often lead to infection. If an ingrown toenail is infected the toe will be red, inflamed and painful.",https://www.healthnz.govt.nz/health-topics/conditions-treatments/feet-and-ankles/ingrown-toenail,/health-topics/conditions-treatments/feet-and-ankles/ingrown-toenail,/health-topics/conditions-treatments/feet-and-ankles,3
"Mallet toe If you have mallet toe, one or more of your toes bends down abnormally from the joint closest to the tip of your toe. Mallet toe can affect all toes, except your little toe. It can be painful and disabling.",https://www.healthnz.govt.nz/health-topics/conditions-treatments/feet-and-ankles/mallet-toe,/health-topics/conditions-treatments/feet-and-ankles/mallet-toe,/health-topics/conditions-treatments/feet-and-ankles,3
"Morton's neuroma A neuroma is a painful condition often referred to as a pinched nerve, swollen nerve or nerve tumour. The most common neuroma in the foot is a Morton's neuroma, which happens at the base of your third and fourth toes.",https://www.healthnz.govt.nz/health-topics/conditions-treatments/feet-and-ankles/mortons-neuroma,/health-topics/conditions-treatments/feet-and-ankles/mortons-neuroma,/health-topics/conditions-treatments/feet-and-ankles,3
"Overlapping toes Overlapping toes are toes that turn in and lie on top of the toe next to them. They are also known as overriding toes. This condition can affect any toe, but it is most common in the second and little toes. If it is not corrected, it can cause extreme irritation, pain and calluses.",https://www.healthnz.govt.nz/health-topics/conditions-treatments/feet-and-ankles/overlapping-toes,/health-topics/conditions-treatments/feet-and-ankles/overlapping-toes,/health-topics/conditions-treatments/feet-and-ankles,3
"Pain in the ball of your foot (metatarsalgia) Pain in the ball of your foot (on the sole, near your toes) is called metatarsalgia. It can be caused by several different conditions.",https://www.healthnz.govt.nz/health-topics/conditions-treatments/feet-and-ankles/pain-ball-of-foot-metatarsalgia,/health-topics/conditions-treatments/feet-and-ankles/pain-ball-of-foot-metatarsalgia,/health-topics/conditions-treatments/feet-and-ankles,3
Sprained ankle Sprained ankles are common injuries. They usually happen after you have twisted or rolled your ankle.,https://www.healthnz.govt.nz/health-topics/conditions-treatments/feet-and-ankles/sprained-ankle,/health-topics/conditions-treatments/feet-and-ankles/sprained-ankle,/health-topics/conditions-treatments/feet-and-ankles,3
Stress fractures of the foot and shin bone A stress fracture is a small crack in a bone often caused by overuse. Your foot or shin bone is a common place to have a stress fracture.,https://www.healthnz.govt.nz/health-topics/conditions-treatments/feet-and-ankles/stress-fractures-of-the-foot-and-shin-bone,/health-topics/conditions-treatments/feet-and-ankles/stress-fractures-of-the-foot-and-shin-bone,/health-topics/conditions-treatments/feet-and-ankles,3
Warts and verrucas Warts are small rough lumps or growths on your skin. Verrucas are warts on the soles of your feet. Warts are usually harmless and in most cases they eventually go away on their own.,https://www.healthnz.govt.nz/health-topics/conditions-treatments/feet-and-ankles/warts-and-verrucas,/health-topics/conditions-treatments/feet-and-ankles/warts-and-verrucas,/health-topics/conditions-treatments/feet-and-ankles,3
Food and water borne diseases,https://www.healthnz.govt.nz/health-topics/conditions-treatments/food-and-water-borne-diseases,/health-topics/conditions-treatments/food-and-water-borne-diseases,/health-topics/conditions-treatments,2
Online and over-the-phone healthcare,"https://www.healthnz.govt.nz/health-topics/conditions-treatments/food-and-water-borne-diseases/%5Bsitetree_link,id=1188%5D","/health-topics/conditions-treatments/food-and-water-borne-diseases/%5Bsitetree_link,id=1188%5D",/health-topics/conditions-treatments/food-and-water-borne-diseases,3
Campylobacter,https://www.healthnz.govt.nz/health-topics/conditions-treatments/food-and-water-borne-diseases/campylobacter,/health-topics/conditions-treatments/food-and-water-borne-diseases/campylobacter,/health-topics/conditions-treatments/food-and-water-borne-diseases,3
Ciguatera fish poisoning,https://www.healthnz.govt.nz/health-topics/conditions-treatments/food-and-water-borne-diseases/ciguatera-fish-poisoning,/health-topics/conditions-treatments/food-and-water-borne-diseases/ciguatera-fish-poisoning,/health-topics/conditions-treatments/food-and-water-borne-diseases,3
Cryptosporidium,https://www.healthnz.govt.nz/health-topics/conditions-treatments/food-and-water-borne-diseases/cryptosporidium,/health-topics/conditions-treatments/food-and-water-borne-diseases/cryptosporidium,/health-topics/conditions-treatments/food-and-water-borne-diseases,3
Diarrhoea and vomiting,https://www.healthnz.govt.nz/health-topics/conditions-treatments/food-and-water-borne-diseases/diarrhoea-and-vomiting-in-adults-gastroenteritis,/health-topics/conditions-treatments/food-and-water-borne-diseases/diarrhoea-and-vomiting-in-adults-gastroenteritis,/health-topics/conditions-treatments/food-and-water-borne-diseases,3
E. coli,https://www.healthnz.govt.nz/health-topics/conditions-treatments/food-and-water-borne-diseases/e-coli,/health-topics/conditions-treatments/food-and-water-borne-diseases/e-coli,/health-topics/conditions-treatments/food-and-water-borne-diseases,3
Giardia,https://www.healthnz.govt.nz/health-topics/conditions-treatments/food-and-water-borne-diseases/giardia,/health-topics/conditions-treatments/food-and-water-borne-diseases/giardia,/health-topics/conditions-treatments/food-and-water-borne-diseases,3
Hepatitis A,https://www.healthnz.govt.nz/health-topics/conditions-treatments/food-and-water-borne-diseases/hepatitis-a,/health-topics/conditions-treatments/food-and-water-borne-diseases/hepatitis-a,/health-topics/conditions-treatments/food-and-water-borne-diseases,3
Listeriosis,https://www.healthnz.govt.nz/health-topics/conditions-treatments/food-and-water-borne-diseases/listeriosis,/health-topics/conditions-treatments/food-and-water-borne-diseases/listeriosis,/health-topics/conditions-treatments/food-and-water-borne-diseases,3
Norovirus,https://www.healthnz.govt.nz/health-topics/conditions-treatments/food-and-water-borne-diseases/norovirus,/health-topics/conditions-treatments/food-and-water-borne-diseases/norovirus,/health-topics/conditions-treatments/food-and-water-borne-diseases,3
Paratyphoid fever,https://www.healthnz.govt.nz/health-topics/conditions-treatments/food-and-water-borne-diseases/paratyphoid-fever,/health-topics/conditions-treatments/food-and-water-borne-diseases/paratyphoid-fever,/health-topics/conditions-treatments/food-and-water-borne-diseases,3
Preventing the spread of food and water borne diseases,https://www.healthnz.govt.nz/health-topics/conditions-treatments/food-and-water-borne-diseases/preventing-spread-food-water-borne-diseases,/health-topics/conditions-treatments/food-and-water-borne-diseases/preventing-spread-food-water-borne-diseases,/health-topics/conditions-treatments/food-and-water-borne-diseases,3
Salmonella,https://www.healthnz.govt.nz/health-topics/conditions-treatments/food-and-water-borne-diseases/salmonella,/health-topics/conditions-treatments/food-and-water-borne-diseases/salmonella,/health-topics/conditions-treatments/food-and-water-borne-diseases,3
Shigellosis,https://www.healthnz.govt.nz/health-topics/conditions-treatments/food-and-water-borne-diseases/shigellosis,/health-topics/conditions-treatments/food-and-water-borne-diseases/shigellosis,/health-topics/conditions-treatments/food-and-water-borne-diseases,3
Typhoid fever,https://www.healthnz.govt.nz/health-topics/conditions-treatments/food-and-water-borne-diseases/typhoid-fever,/health-topics/conditions-treatments/food-and-water-borne-diseases/typhoid-fever,/health-topics/conditions-treatments/food-and-water-borne-diseases,3
Vibrio parahaemolyticus gastroenteritis (vibrio),https://www.healthnz.govt.nz/health-topics/conditions-treatments/food-and-water-borne-diseases/vibrio-parahaemolyticus-gastroenteritis,/health-topics/conditions-treatments/food-and-water-borne-diseases/vibrio-parahaemolyticus-gastroenteritis,/health-topics/conditions-treatments/food-and-water-borne-diseases,3
Yersinia,https://www.healthnz.govt.nz/health-topics/conditions-treatments/food-and-water-borne-diseases/yersiniosis,/health-topics/conditions-treatments/food-and-water-borne-diseases/yersiniosis,/health-topics/conditions-treatments/food-and-water-borne-diseases,3
Heart,https://www.healthnz.govt.nz/health-topics/conditions-treatments/heart-health,/health-topics/conditions-treatments/heart-health,/health-topics/conditions-treatments,2
Activity and diet,"https://www.healthnz.govt.nz/health-topics/conditions-treatments/heart-health/%5Bsitetree_link,id=1426%5D","/health-topics/conditions-treatments/heart-health/%5Bsitetree_link,id=1426%5D",/health-topics/conditions-treatments/heart-health,3
"Angina (chest pain) Angina is chest pain caused by heart disease. It is when the arteries that carry blood to the heart have narrowed, so your heart cannot get the oxygen it needs to work. People with angina have a higher risk of having a heart attack.",https://www.healthnz.govt.nz/health-topics/conditions-treatments/heart-health/angina,/health-topics/conditions-treatments/heart-health/angina,/health-topics/conditions-treatments/heart-health,3
Activity and diet,"https://www.healthnz.govt.nz/health-topics/conditions-treatments/heart-health/angina/%5Bsitetree_link,id=1426%5D","/health-topics/conditions-treatments/heart-health/angina/%5Bsitetree_link,id=1426%5D",/health-topics/conditions-treatments/heart-health/angina,4
Preventing angina and heart attacks,https://www.healthnz.govt.nz/health-topics/conditions-treatments/heart-health/angina/preventing-angina-heart-attacks,/health-topics/conditions-treatments/heart-health/angina/preventing-angina-heart-attacks,/health-topics/conditions-treatments/heart-health/angina,4
"Atrial fibrillation Atrial fibrillation (AF or AFib) is a problem with the heart's electrical system. It causes heart rhythm changes. Instead of a normal steady beat, the heartbeat is fast and varies in speed (irregular). Atrial fibrillation is the most common heart rhythm problem, especially in older people.",https://www.healthnz.govt.nz/health-topics/conditions-treatments/heart-health/atrial-fibrillation,/health-topics/conditions-treatments/heart-health/atrial-fibrillation,/health-topics/conditions-treatments/heart-health,3
"Chest pain Chest pain is common. If you or a member of your whānau has chest pain, it will likely be caused by something minor. But, chest pain can also be caused by a serious problem like a heart attack. It is important to find out the cause.",https://www.healthnz.govt.nz/health-topics/conditions-treatments/heart-health/chest-pain,/health-topics/conditions-treatments/heart-health/chest-pain,/health-topics/conditions-treatments/heart-health,3
Heart and diabetes checks Heart and diabetes checks can help save lives — they let you know what your risk is and help you find ways to improve your health.,https://www.healthnz.govt.nz/health-topics/conditions-treatments/heart-health/heart-and-diabetes-checks,/health-topics/conditions-treatments/heart-health/heart-and-diabetes-checks,/health-topics/conditions-treatments/heart-health,3
Heart attack Anyone can have a heart attack – but it is more likely if you already have angina or other risk factors. Getting immediate treatment for a heart attack can reduce the damage to your heart and may even save your life.,https://www.healthnz.govt.nz/health-topics/conditions-treatments/heart-health/heart-attack,/health-topics/conditions-treatments/heart-health/heart-attack,/health-topics/conditions-treatments/heart-health,3
Heart failure Heart failure happens when your heart cannot pump blood around your body as well as it should. It does not mean your heart is about to stop — just that is not working as well as it used to.,https://www.healthnz.govt.nz/health-topics/conditions-treatments/heart-health/heart-failure,/health-topics/conditions-treatments/heart-health/heart-failure,/health-topics/conditions-treatments/heart-health,3
Advanced heart failure,https://www.healthnz.govt.nz/health-topics/conditions-treatments/heart-health/heart-failure/advanced-heart-failure,/health-topics/conditions-treatments/heart-health/heart-failure/advanced-heart-failure,/health-topics/conditions-treatments/heart-health/heart-failure,4
Conserving energy,https://www.healthnz.govt.nz/health-topics/conditions-treatments/heart-health/heart-failure/conserving-energy,/health-topics/conditions-treatments/heart-health/heart-failure/conserving-energy,/health-topics/conditions-treatments/heart-health/heart-failure,4
"Heart murmurs and heart valve problems in adults If you have a heart murmur, it means your healthcare provider has heard an extra sound when they listened to your heart with a stethoscope. Most heart murmurs are harmless but they can be a sign of a problem with a heart valve. Heart murmurs are very common.",https://www.healthnz.govt.nz/health-topics/conditions-treatments/heart-health/heart-murmurs-heart-valve-problems-adults,/health-topics/conditions-treatments/heart-health/heart-murmurs-heart-valve-problems-adults,/health-topics/conditions-treatments/heart-health,3
"Heart palpitations Palpitations are when you feel your heartbeat is not normal. Palpitations are not usually a sign of a serious problem. Most often, they go away by themselves.",https://www.healthnz.govt.nz/health-topics/conditions-treatments/heart-health/heart-palpitations,/health-topics/conditions-treatments/heart-health/heart-palpitations,/health-topics/conditions-treatments/heart-health,3
Extra heart beats (ectopic beats),https://www.healthnz.govt.nz/health-topics/conditions-treatments/heart-health/heart-palpitations/extra-heart-beats-ectopic-beats,/health-topics/conditions-treatments/heart-health/heart-palpitations/extra-heart-beats-ectopic-beats,/health-topics/conditions-treatments/heart-health/heart-palpitations,4
Fast heartbeat caused by SVT,https://www.healthnz.govt.nz/health-topics/conditions-treatments/heart-health/heart-palpitations/fast-heartbeat-caused-by-svt,/health-topics/conditions-treatments/heart-health/heart-palpitations/fast-heartbeat-caused-by-svt,/health-topics/conditions-treatments/heart-health/heart-palpitations,4
Heart risk assessment A heart risk assessment is also called a cardiovascular risk assessment (CVRA). It is an estimate of how likely you are to have a heart attack or stroke within the next 5 years.,https://www.healthnz.govt.nz/health-topics/conditions-treatments/heart-health/heart-risk-assessment,/health-topics/conditions-treatments/heart-health/heart-risk-assessment,/health-topics/conditions-treatments/heart-health,3
Heart treatments and procedures Some heart conditions need major surgery such as heart bypass and valve surgery. Many other heart problems can be treated with non-surgical or less invasive procedures.,https://www.healthnz.govt.nz/health-topics/conditions-treatments/heart-health/heart-treatments-and-procedures,/health-topics/conditions-treatments/heart-health/heart-treatments-and-procedures,/health-topics/conditions-treatments/heart-health,3
"High blood pressure (hypertension) High blood pressure is when the force of your blood against your artery walls is too high, for too long. High blood pressure is diagnosed with a blood pressure test.",https://www.healthnz.govt.nz/health-topics/conditions-treatments/heart-health/high-blood-pressure-hypertension,/health-topics/conditions-treatments/heart-health/high-blood-pressure-hypertension,/health-topics/conditions-treatments/heart-health,3
"High cholesterol (hyperlipidaemia) Cholesterol is a type of fat called a lipid, which is mainly made in your liver. Your body needs it to function normally. High levels of cholesterol in your blood can lead to serious health problems over time.",https://www.healthnz.govt.nz/health-topics/conditions-treatments/heart-health/high-cholesterol,/health-topics/conditions-treatments/heart-health/high-cholesterol,/health-topics/conditions-treatments/heart-health,3
"High triglycerides Triglycerides are a type of fat (also called a lipid). Triglycerides store energy in your body, mainly in your fat cells. Everyone also has triglycerides in their blood (called lipoproteins), but some people have too many.",https://www.healthnz.govt.nz/health-topics/conditions-treatments/heart-health/high-triglycerides,/health-topics/conditions-treatments/heart-health/high-triglycerides,/health-topics/conditions-treatments/heart-health,3
"Infective endocarditis Endocarditis is the medical name for inflammation of the inner lining of the heart, including the heart valves. The inflammation is most often caused by an infection, and this is called infective endocarditis.",https://www.healthnz.govt.nz/health-topics/conditions-treatments/heart-health/infective-endocarditis,/health-topics/conditions-treatments/heart-health/infective-endocarditis,/health-topics/conditions-treatments/heart-health,3
Other heart conditions Find information on a list of heart issues on the Heart Foundation website.,https://www.healthnz.govt.nz/health-topics/conditions-treatments/heart-health/other-heart-conditions,/health-topics/conditions-treatments/heart-health/other-heart-conditions,/health-topics/conditions-treatments/heart-health,3
"Tests for heart problems If you are having problems with your heart, there are several different tests that can help your healthcare provider or hospital staff understand what is causing them.",https://www.healthnz.govt.nz/health-topics/conditions-treatments/heart-health/tests-for-heart-problems,/health-topics/conditions-treatments/heart-health/tests-for-heart-problems,/health-topics/conditions-treatments/heart-health,3
Hormones,https://www.healthnz.govt.nz/health-topics/conditions-treatments/hormones,/health-topics/conditions-treatments/hormones,/health-topics/conditions-treatments,2
Addison's disease Addison's disease is a very rare disease where your adrenal glands do not produce enough cortisol and aldosterone hormones. It is also called adrenal insufficiency.,https://www.healthnz.govt.nz/health-topics/conditions-treatments/hormones/addisons-disease,/health-topics/conditions-treatments/hormones/addisons-disease,/health-topics/conditions-treatments/hormones,3
Diabetes insipidus Diabetes insipidus is a rare hormonal condition. It causes you to wee too much and become very thirsty. It is not related to the more common condition of diabetes mellitus.,https://www.healthnz.govt.nz/health-topics/conditions-treatments/hormones/diabetes-insipidus,/health-topics/conditions-treatments/hormones/diabetes-insipidus,/health-topics/conditions-treatments/hormones,3
Enlarged breasts in men (gynaecomastia) Gynaecomastia (sometimes called man boobs) is when a boy's or man's breasts get larger than is usual for males. It is quite common and happens most often in teenage boys and older men. It can happen in one or both of a man's breasts.,https://www.healthnz.govt.nz/health-topics/conditions-treatments/hormones/enlarged-breasts-in-men-gynaecomastia,/health-topics/conditions-treatments/hormones/enlarged-breasts-in-men-gynaecomastia,/health-topics/conditions-treatments/hormones,3
Goitre (enlarged thyroid gland) A goitre is a swelling or enlargement of the thyroid gland at the front of your neck.,https://www.healthnz.govt.nz/health-topics/conditions-treatments/hormones/goitre,/health-topics/conditions-treatments/hormones/goitre,/health-topics/conditions-treatments/hormones,3
"High prolactin and prolactinomas If you have high levels of prolactin hormone, it can cause problems with your fertility, sex drive, breasts and bones. A common cause of high prolactin is small tumors in your pituitary gland called prolactinomas.",https://www.healthnz.govt.nz/health-topics/conditions-treatments/hormones/high-prolactin-and-prolactinomas,/health-topics/conditions-treatments/hormones/high-prolactin-and-prolactinomas,/health-topics/conditions-treatments/hormones,3
Hyperparathyroidism Hyperparathyroidism happens when your parathyroid glands make too much parathyroid hormone. This causes you to have too much calcium in your blood and can lead to a range of symptoms.,https://www.healthnz.govt.nz/health-topics/conditions-treatments/hormones/hyperparathyroidism,/health-topics/conditions-treatments/hormones/hyperparathyroidism,/health-topics/conditions-treatments/hormones,3
Overactive thyroid (hyperthyroidism) Your thyroid gland can become overactive and produce too may hormones. This causes your body's metabolism to speed up.,https://www.healthnz.govt.nz/health-topics/conditions-treatments/hormones/hyperthyroidism,/health-topics/conditions-treatments/hormones/hyperthyroidism,/health-topics/conditions-treatments/hormones,3
"Low testosterone in boys and men Testosterone is a hormone needed by boys and men to develop during puberty, make sperm and support sex drive. Some people have low levels of testosterone and may need treatment.",https://www.healthnz.govt.nz/health-topics/conditions-treatments/hormones/low-testosterone,/health-topics/conditions-treatments/hormones/low-testosterone,/health-topics/conditions-treatments/hormones,3
Clomifene — Healthify,https://www.healthnz.govt.nz/health-topics/conditions-treatments/hormones/more%20than%20a%20healthy%20weight.,/health-topics/conditions-treatments/hormones/more%20than%20a%20healthy%20weight.,/health-topics/conditions-treatments/hormones,3
Polycystic ovary syndrome (PCOS) Polycystic ovary syndrome (PCOS) is a common condition that affects the way your ovaries work. It can make it difficult to get pregnant and cause physical symptoms.,https://www.healthnz.govt.nz/health-topics/conditions-treatments/hormones/polycystic-ovary-syndrome-pcos,/health-topics/conditions-treatments/hormones/polycystic-ovary-syndrome-pcos,/health-topics/conditions-treatments/hormones,3
"Thyroid nodules Thyroid nodules are lumps that form inside your thyroid gland in your neck. They are common and usually harmless. Rarely, thyroid nodules may be cancerous.",https://www.healthnz.govt.nz/health-topics/conditions-treatments/hormones/thyroid-nodules,/health-topics/conditions-treatments/hormones/thyroid-nodules,/health-topics/conditions-treatments/hormones,3
"Thyroiditis (inflamed thyroid) Thyroiditis is a general term that means inflammation of your thyroid gland. It includes Hashimoto's disease, postpartum thyroiditis and acute thyroiditis.",https://www.healthnz.govt.nz/health-topics/conditions-treatments/hormones/thyroiditis-inflamed-thyroid,/health-topics/conditions-treatments/hormones/thyroiditis-inflamed-thyroid,/health-topics/conditions-treatments/hormones,3
"Underactive thyroid (hypothyroidism) Your thyroid is a gland in your neck that produces hormones. Sometimes it does not make enough, which slows down your all your body functions (your metabolism). This can lead to a range of symptoms.",https://www.healthnz.govt.nz/health-topics/conditions-treatments/hormones/underactive-thyroid-hypothyroidism,/health-topics/conditions-treatments/hormones/underactive-thyroid-hypothyroidism,/health-topics/conditions-treatments/hormones,3
Immune system,https://www.healthnz.govt.nz/health-topics/conditions-treatments/immune-system,/health-topics/conditions-treatments/immune-system,/health-topics/conditions-treatments,2
Allergies,https://www.healthnz.govt.nz/health-topics/conditions-treatments/immune-system/allergies,/health-topics/conditions-treatments/immune-system/allergies,/health-topics/conditions-treatments/immune-system,3
Food allergies,https://www.healthnz.govt.nz/health-topics/conditions-treatments/immune-system/allergies/%5Bsitetree_link%5D,/health-topics/conditions-treatments/immune-system/allergies/%5Bsitetree_link%5D,/health-topics/conditions-treatments/immune-system/allergies,4
Angioedema,https://www.healthnz.govt.nz/health-topics/conditions-treatments/immune-system/allergies/angioedema-swelling,/health-topics/conditions-treatments/immune-system/allergies/angioedema-swelling,/health-topics/conditions-treatments/immune-system/allergies,4
Food allergies,https://www.healthnz.govt.nz/health-topics/conditions-treatments/immune-system/allergies/food-allergies,/health-topics/conditions-treatments/immune-system/allergies/food-allergies,/health-topics/conditions-treatments/immune-system/allergies,4
Hay fever,https://www.healthnz.govt.nz/health-topics/conditions-treatments/immune-system/allergies/hay-fever,/health-topics/conditions-treatments/immune-system/allergies/hay-fever,/health-topics/conditions-treatments/immune-system/allergies,4
Oral allergy syndrome,https://www.healthnz.govt.nz/health-topics/conditions-treatments/immune-system/allergies/oral-allergy-syndrome,/health-topics/conditions-treatments/immune-system/allergies/oral-allergy-syndrome,/health-topics/conditions-treatments/immune-system/allergies,4
Fever,https://www.healthnz.govt.nz/health-topics/conditions-treatments/immune-system/fever,/health-topics/conditions-treatments/immune-system/fever,/health-topics/conditions-treatments/immune-system,3
HIV and AIDS,https://www.healthnz.govt.nz/health-topics/conditions-treatments/immune-system/hiv-and-aids,/health-topics/conditions-treatments/immune-system/hiv-and-aids,/health-topics/conditions-treatments/immune-system,3
Inflammatory arthritis,https://www.healthnz.govt.nz/health-topics/conditions-treatments/immune-system/rheumatoid-psoriatic-inflammatory-arthritis,/health-topics/conditions-treatments/immune-system/rheumatoid-psoriatic-inflammatory-arthritis,/health-topics/conditions-treatments/immune-system,3
Type 1 diabetes,https://www.healthnz.govt.nz/health-topics/conditions-treatments/immune-system/type-1-diabetes,/health-topics/conditions-treatments/immune-system/type-1-diabetes,/health-topics/conditions-treatments/immune-system,3
Weak immune system (immunosuppression),https://www.healthnz.govt.nz/health-topics/conditions-treatments/immune-system/weak-immune-system-immunosuppression,/health-topics/conditions-treatments/immune-system/weak-immune-system-immunosuppression,/health-topics/conditions-treatments/immune-system,3
Infectious diseases,https://www.healthnz.govt.nz/health-topics/conditions-treatments/infectious-diseases,/health-topics/conditions-treatments/infectious-diseases,/health-topics/conditions-treatments,2
Antibiotic resistant infections Some bacteria (germs) that cause infections can become resistant to antibiotics. This means some antibiotics will not work and the infection is harder to treat.,https://www.healthnz.govt.nz/health-topics/conditions-treatments/infectious-diseases/antibiotic-resistant-infections,/health-topics/conditions-treatments/infectious-diseases/antibiotic-resistant-infections,/health-topics/conditions-treatments/infectious-diseases,3
Avian influenza Avian influenza is generally only found in people who have had a lot of close contact with infected birds or other infected animals.,https://www.healthnz.govt.nz/health-topics/conditions-treatments/infectious-diseases/avian-influenza,/health-topics/conditions-treatments/infectious-diseases/avian-influenza,/health-topics/conditions-treatments/infectious-diseases,3
Campylobacter Campylobacter is a water and foodborne illness caused by bacteria. It is a common cause of tummy upsets (gastroenteritis). If you eat food or water that has campylobacter in it you can become unwell with diarrhoea and stomach pains.,https://www.healthnz.govt.nz/health-topics/conditions-treatments/infectious-diseases/campylobacter,/health-topics/conditions-treatments/infectious-diseases/campylobacter,/health-topics/conditions-treatments/infectious-diseases,3
Chickenpox A highly contagious disease most common in tamariki that causes small itchy blisters on the skin.,https://www.healthnz.govt.nz/health-topics/conditions-treatments/infectious-diseases/chickenpox,/health-topics/conditions-treatments/infectious-diseases/chickenpox,/health-topics/conditions-treatments/infectious-diseases,3
Chikungunya A disease caused by the bite of chikungunya-infected mosquitoes. These mosquitoes are not found in Aotearoa New Zealand.,https://www.healthnz.govt.nz/health-topics/conditions-treatments/infectious-diseases/chikungunya,/health-topics/conditions-treatments/infectious-diseases/chikungunya,/health-topics/conditions-treatments/infectious-diseases,3
Cholera Cholera is a disease that causes severe runny poohs (diarrhoea) and dehydration. It can be easily treated.,https://www.healthnz.govt.nz/health-topics/conditions-treatments/infectious-diseases/cholera,/health-topics/conditions-treatments/infectious-diseases/cholera,/health-topics/conditions-treatments/infectious-diseases,3
Clostridium difficile infection Clostridium difficile (also called C. difficile) is a type of bacteria (germ). C. difficile may be in your gut (bowel) as part of your normal gut bacteria. It is only considered an infection when it produces toxins which then cause symptoms.,https://www.healthnz.govt.nz/health-topics/conditions-treatments/infectious-diseases/clostridium-difficile-infection-cdi,/health-topics/conditions-treatments/infectious-diseases/clostridium-difficile-infection-cdi,/health-topics/conditions-treatments/infectious-diseases,3
COVID-19,https://www.healthnz.govt.nz/health-topics/conditions-treatments/infectious-diseases/covid-19,/health-topics/conditions-treatments/infectious-diseases/covid-19,/health-topics/conditions-treatments/infectious-diseases,3
Mental health services and support,"https://www.healthnz.govt.nz/health-topics/conditions-treatments/infectious-diseases/covid-19/%5Bsitetree_link,id=222%5D","/health-topics/conditions-treatments/infectious-diseases/covid-19/%5Bsitetree_link,id=222%5D",/health-topics/conditions-treatments/infectious-diseases/covid-19,4
COVID-19 vaccines,"https://www.healthnz.govt.nz/health-topics/conditions-treatments/infectious-diseases/covid-19/%5Bsitetree_link,id=27%5D","/health-topics/conditions-treatments/infectious-diseases/covid-19/%5Bsitetree_link,id=27%5D",/health-topics/conditions-treatments/infectious-diseases/covid-19,4
About COVID-19,https://www.healthnz.govt.nz/health-topics/conditions-treatments/infectious-diseases/covid-19/about-covid-19,/health-topics/conditions-treatments/infectious-diseases/covid-19/about-covid-19,/health-topics/conditions-treatments/infectious-diseases/covid-19,4
COVID-19 antiviral medicine,https://www.healthnz.govt.nz/health-topics/conditions-treatments/infectious-diseases/covid-19/antiviral-medicines,/health-topics/conditions-treatments/infectious-diseases/covid-19/antiviral-medicines,/health-topics/conditions-treatments/infectious-diseases/covid-19,4
COVID-19 vaccines,https://www.healthnz.govt.nz/health-topics/conditions-treatments/infectious-diseases/covid-19/covid-19-vaccines,/health-topics/conditions-treatments/infectious-diseases/covid-19/covid-19-vaccines,/health-topics/conditions-treatments/infectious-diseases/covid-19,4
Face masks,https://www.healthnz.govt.nz/health-topics/conditions-treatments/infectious-diseases/covid-19/face-masks,/health-topics/conditions-treatments/infectious-diseases/covid-19/face-masks,/health-topics/conditions-treatments/infectious-diseases/covid-19,4
If you have COVID-19,https://www.healthnz.govt.nz/health-topics/conditions-treatments/infectious-diseases/covid-19/if-you-have-covid-19,/health-topics/conditions-treatments/infectious-diseases/covid-19/if-you-have-covid-19,/health-topics/conditions-treatments/infectious-diseases/covid-19,4
Long COVID,https://www.healthnz.govt.nz/health-topics/conditions-treatments/infectious-diseases/covid-19/long-covid,/health-topics/conditions-treatments/infectious-diseases/covid-19/long-covid,/health-topics/conditions-treatments/infectious-diseases/covid-19,4
COVID-19 testing,https://www.healthnz.govt.nz/health-topics/conditions-treatments/infectious-diseases/covid-19/testing-and-reporting,/health-topics/conditions-treatments/infectious-diseases/covid-19/testing-and-reporting,/health-topics/conditions-treatments/infectious-diseases/covid-19,4
Cryptosporidium A parasite found in the gut of infected people and animals. People become infected when they swallow the parasites.,https://www.healthnz.govt.nz/health-topics/conditions-treatments/infectious-diseases/cryptosporidium,/health-topics/conditions-treatments/infectious-diseases/cryptosporidium,/health-topics/conditions-treatments/infectious-diseases,3
"Dengue An infection spread by mosquitoes. It is not usually serious and gets better on its own, but it can be severe in some people.",https://www.healthnz.govt.nz/health-topics/conditions-treatments/infectious-diseases/dengue,/health-topics/conditions-treatments/infectious-diseases/dengue,/health-topics/conditions-treatments/infectious-diseases,3
Diphtheria A serious infectious disease that can cause throat infections that can lead to breathing difficulties. Diphtheria is rare in Aotearoa.,https://www.healthnz.govt.nz/health-topics/conditions-treatments/infectious-diseases/diphtheria,/health-topics/conditions-treatments/infectious-diseases/diphtheria,/health-topics/conditions-treatments/infectious-diseases,3
E. coli Most types of E. coli are harmless. But some can cause diarrhoea (gastroenteritis).,https://www.healthnz.govt.nz/health-topics/conditions-treatments/infectious-diseases/e-coli,/health-topics/conditions-treatments/infectious-diseases/e-coli,/health-topics/conditions-treatments/infectious-diseases,3
"Ebola A viral disease that can cause bleeding, organ failure, and death. There is currently no Ebola in Aotearoa New Zealand. The main risk of getting it is from travel to countries with an outbreak or after one.",https://www.healthnz.govt.nz/health-topics/conditions-treatments/infectious-diseases/ebola,/health-topics/conditions-treatments/infectious-diseases/ebola,/health-topics/conditions-treatments/infectious-diseases,3
Enterovirus D68 Enterovirus D68 is a virus that can cause mild to severe flu-like (respiratory) illness.,https://www.healthnz.govt.nz/health-topics/conditions-treatments/infectious-diseases/enterovirus-d68,/health-topics/conditions-treatments/infectious-diseases/enterovirus-d68,/health-topics/conditions-treatments/infectious-diseases,3
"Flu (influenza) Flu spreads quickly and causes fever, runny nose, cough or upset stomach. Different strains can make you sick each year.",https://www.healthnz.govt.nz/health-topics/conditions-treatments/infectious-diseases/flu-influenza,/health-topics/conditions-treatments/infectious-diseases/flu-influenza,/health-topics/conditions-treatments/infectious-diseases,3
"Giardia A parasite (living thing) found in the guts of people and animals such as cattle, sheep, cats and dogs. It is also found in infected water such as lakes and streams.",https://www.healthnz.govt.nz/health-topics/conditions-treatments/infectious-diseases/giardia,/health-topics/conditions-treatments/infectious-diseases/giardia,/health-topics/conditions-treatments/infectious-diseases,3
"Glandular fever Glandular fever, also known as infectious mononucleosis, is a viral infection. It mainly affects people between the ages of 15 and 24 years.",https://www.healthnz.govt.nz/health-topics/conditions-treatments/infectious-diseases/glandular-fever,/health-topics/conditions-treatments/infectious-diseases/glandular-fever,/health-topics/conditions-treatments/infectious-diseases,3
Haemophilus influenzae disease type b (Hib) A bacteria that causes serious illness in tamariki. It can cause swelling of the brain or throat.,https://www.healthnz.govt.nz/health-topics/conditions-treatments/infectious-diseases/haemophilus-influenzae-disease-type-b-hib,/health-topics/conditions-treatments/infectious-diseases/haemophilus-influenzae-disease-type-b-hib,/health-topics/conditions-treatments/infectious-diseases,3
"Hand, foot and mouth disease A common viral infection. It causes mouth ulcers, and spots on the hands and feet. It mostly affects tamariki under 10.",https://www.healthnz.govt.nz/health-topics/conditions-treatments/infectious-diseases/hand-foot-and-mouth-disease,/health-topics/conditions-treatments/infectious-diseases/hand-foot-and-mouth-disease,/health-topics/conditions-treatments/infectious-diseases,3
"Hantavirus Hantaviruses are a group of viruses found in different parts of the world, most commonly in rodents. One type of hantavirus, Andes virus, can spread between people. This is uncommon and generally requires prolonged close contact. This is not a new virus. It is estimated that there are between 10,000 and 100,000 hantavirus infections worldwide each year.",https://www.healthnz.govt.nz/health-topics/conditions-treatments/infectious-diseases/hantavirus,/health-topics/conditions-treatments/infectious-diseases/hantavirus,/health-topics/conditions-treatments/infectious-diseases,3
Hepatitis A An infectious liver disease caused by a virus. It is more common in developing countries. Some travellers need a vaccine.,https://www.healthnz.govt.nz/health-topics/conditions-treatments/infectious-diseases/hepatitis-a,/health-topics/conditions-treatments/infectious-diseases/hepatitis-a,/health-topics/conditions-treatments/infectious-diseases,3
"Hepatitis B Hepatitis B is caused by a virus that attacks and damages the liver. Find out about symptoms, causes, spread and treatment.",https://www.healthnz.govt.nz/health-topics/conditions-treatments/infectious-diseases/hepatitis-b,/health-topics/conditions-treatments/infectious-diseases/hepatitis-b,/health-topics/conditions-treatments/infectious-diseases,3
"Hepatitis C A virus that causes inflammation of your liver. If left untreated, hepatitis C can cause liver disease (cirrhosis), liver failure and liver cancer.",https://www.healthnz.govt.nz/health-topics/conditions-treatments/infectious-diseases/hepatitis-c,/health-topics/conditions-treatments/infectious-diseases/hepatitis-c,/health-topics/conditions-treatments/infectious-diseases,3
Treating hep C,"https://www.healthnz.govt.nz/health-topics/conditions-treatments/infectious-diseases/hepatitis-c/%5Bsitetree_link,id=244%5D","/health-topics/conditions-treatments/infectious-diseases/hepatitis-c/%5Bsitetree_link,id=244%5D",/health-topics/conditions-treatments/infectious-diseases/hepatitis-c,4
Stick it to hep C,https://www.healthnz.govt.nz/health-topics/conditions-treatments/infectious-diseases/hepatitis-c/stick-it-to-hep-c,/health-topics/conditions-treatments/infectious-diseases/hepatitis-c/stick-it-to-hep-c,/health-topics/conditions-treatments/infectious-diseases/hepatitis-c,4
"Hepatitis E Hepatitis E is a virus that causes inflammation of the liver. It is found in many countries, such as India, Asia, Africa and Central America, but is very rare in Aotearoa New Zealand. Some people have no symptoms or only a very mild illness. It can be very serious if you are pregnant.",https://www.healthnz.govt.nz/health-topics/conditions-treatments/infectious-diseases/hepatitis-e,/health-topics/conditions-treatments/infectious-diseases/hepatitis-e,/health-topics/conditions-treatments/infectious-diseases,3
HIV and AIDS HIV is a virus that damages the cells in your immune system and weakens its ability to fight everyday infections and diseases.,https://www.healthnz.govt.nz/health-topics/conditions-treatments/infectious-diseases/hiv-and-aids,/health-topics/conditions-treatments/infectious-diseases/hiv-and-aids,/health-topics/conditions-treatments/infectious-diseases,3
"Human papillomavirus (HPV) Common viruses passed on by skin contact. People usually have no symptoms. Some types of HPV cause genital warts, cell changes or cancer.",https://www.healthnz.govt.nz/health-topics/conditions-treatments/infectious-diseases/hpv,/health-topics/conditions-treatments/infectious-diseases/hpv,/health-topics/conditions-treatments/infectious-diseases,3
"iGAS iGAS infections are very serious infections. They are caused when the Group A Streptococcus (GAS) bacteria infects an area of the body which normally does not have any bacteria growing in it, causing you to become very sick. This can include areas of the body such as in the blood, skin, bones, joints, birth canal after having a baby, and other internal organs.",https://www.healthnz.govt.nz/health-topics/conditions-treatments/infectious-diseases/igas-invasive-group-a-streptococcal-infection,/health-topics/conditions-treatments/infectious-diseases/igas-invasive-group-a-streptococcal-infection,/health-topics/conditions-treatments/infectious-diseases,3
"Leptospirosis Leptospirosis is a bacterial infection caused by contact with the urine (wee) of infected animals, or contaminated soil or water.",https://www.healthnz.govt.nz/health-topics/conditions-treatments/infectious-diseases/leptospirosis,/health-topics/conditions-treatments/infectious-diseases/leptospirosis,/health-topics/conditions-treatments/infectious-diseases,3
Listeriosis A food-borne bacteria that can make you sick. Usually causes few or no symptoms. But some people are more at risk of severe disease.,https://www.healthnz.govt.nz/health-topics/conditions-treatments/infectious-diseases/listeriosis,/health-topics/conditions-treatments/infectious-diseases/listeriosis,/health-topics/conditions-treatments/infectious-diseases,3
Malaria There are 5 types of malaria that can infect people. Malaria is a virus caused by the bite of an Anopheles mosquito carrying the virus. These mosquitoes are not found in Aotearoa New Zealand.,https://www.healthnz.govt.nz/health-topics/conditions-treatments/infectious-diseases/malaria,/health-topics/conditions-treatments/infectious-diseases/malaria,/health-topics/conditions-treatments/infectious-diseases,3
Measles,https://www.healthnz.govt.nz/health-topics/conditions-treatments/infectious-diseases/measles,/health-topics/conditions-treatments/infectious-diseases/measles,/health-topics/conditions-treatments/infectious-diseases,3
"About measles How measles spreads, symptoms, how to prevent it and who to contact for advice.",https://www.healthnz.govt.nz/health-topics/conditions-treatments/infectious-diseases/measles/about-measles,/health-topics/conditions-treatments/infectious-diseases/measles/about-measles,/health-topics/conditions-treatments/infectious-diseases/measles,4
Casual contacts,https://www.healthnz.govt.nz/health-topics/conditions-treatments/infectious-diseases/measles/about-measles/advice-for-casual-contacts,/health-topics/conditions-treatments/infectious-diseases/measles/about-measles/advice-for-casual-contacts,/health-topics/conditions-treatments/infectious-diseases/measles/about-measles,5
Measles quarantine and restriction date calculator,https://www.healthnz.govt.nz/health-topics/conditions-treatments/infectious-diseases/measles/about-measles/measles-quarantine-restriction-date-calculator-health-professionals,/health-topics/conditions-treatments/infectious-diseases/measles/about-measles/measles-quarantine-restriction-date-calculator-health-professionals,/health-topics/conditions-treatments/infectious-diseases/measles/about-measles,5
"Locations of interest Guidance for anyone who has been at a place, known as a location of interest, at the same time as a person who has been confirmed as having measles.",https://www.healthnz.govt.nz/health-topics/conditions-treatments/infectious-diseases/measles/locations-of-interest,/health-topics/conditions-treatments/infectious-diseases/measles/locations-of-interest,/health-topics/conditions-treatments/infectious-diseases/measles,4
Measles immunity Being immune to measles means you are protected from getting infected and spreading the disease to other people.,https://www.healthnz.govt.nz/health-topics/conditions-treatments/infectious-diseases/measles/measles-immunity,/health-topics/conditions-treatments/infectious-diseases/measles/measles-immunity,/health-topics/conditions-treatments/infectious-diseases/measles,4
Measles vaccine,https://www.healthnz.govt.nz/health-topics/conditions-treatments/infectious-diseases/measles/measles-mumps-and-rubella-mmr-vaccine,/health-topics/conditions-treatments/infectious-diseases/measles/measles-mumps-and-rubella-mmr-vaccine,/health-topics/conditions-treatments/infectious-diseases/measles,4
"Meningococcal disease Meningococcal disease is a serious infection that can suddenly make you very sick. Getting help quickly, and early treatment is very important.",https://www.healthnz.govt.nz/health-topics/conditions-treatments/infectious-diseases/meningococcal-disease,/health-topics/conditions-treatments/infectious-diseases/meningococcal-disease,/health-topics/conditions-treatments/infectious-diseases,3
Mpox A virus that causes a rash or sores. It spreads from close contact. People with mpox may have to isolate.,https://www.healthnz.govt.nz/health-topics/conditions-treatments/infectious-diseases/mpox,/health-topics/conditions-treatments/infectious-diseases/mpox,/health-topics/conditions-treatments/infectious-diseases,3
Mumps A disease that spreads easily and can cause swelling in the glands around the face. For some people it can be serious and cause symptoms that last a long time.,https://www.healthnz.govt.nz/health-topics/conditions-treatments/infectious-diseases/mumps,/health-topics/conditions-treatments/infectious-diseases/mumps,/health-topics/conditions-treatments/infectious-diseases,3
Pneumococcal disease Infections caused by bacteria that range from mild ear and sinus infections to serious lung and blood infections.,https://www.healthnz.govt.nz/health-topics/conditions-treatments/infectious-diseases/pneumococcal-disease,/health-topics/conditions-treatments/infectious-diseases/pneumococcal-disease,/health-topics/conditions-treatments/infectious-diseases,3
Polio A viral disease that spreads very easily and can cause muscle weakness or paralysis. Cases are increasing globally and could come here.,https://www.healthnz.govt.nz/health-topics/conditions-treatments/infectious-diseases/polio,/health-topics/conditions-treatments/infectious-diseases/polio,/health-topics/conditions-treatments/infectious-diseases,3
Preventing the spread of respiratory illnesses Find out what to do if you have symptoms of a respiratory illness and how to reduce the risk of spreading it to other people.,https://www.healthnz.govt.nz/health-topics/conditions-treatments/infectious-diseases/preventing-spread-respiratory-illnesses,/health-topics/conditions-treatments/infectious-diseases/preventing-spread-respiratory-illnesses,/health-topics/conditions-treatments/infectious-diseases,3
Psittacosis Psittacosis is an uncommon disease that is usually passed to people from birds. It is caused by a bacterium called Chlamydia psittaci. It is usually a mild illness and it can be treated with antibiotics.,https://www.healthnz.govt.nz/health-topics/conditions-treatments/infectious-diseases/psittacosis,/health-topics/conditions-treatments/infectious-diseases/psittacosis,/health-topics/conditions-treatments/infectious-diseases,3
"Rheumatic fever Rheumatic fever is a serious but potentially preventable illness that often starts with a strep throat infection. Without treatment, this type of infection can cause rheumatic fever. Rheumatic fever can damage a person's heart valves — this is called rheumatic heart disease.",https://www.healthnz.govt.nz/health-topics/conditions-treatments/infectious-diseases/rheumatic-fever,/health-topics/conditions-treatments/infectious-diseases/rheumatic-fever,/health-topics/conditions-treatments/infectious-diseases,3
"Rotavirus A viral infection that causes runny poos, vomiting and fever. It most often affects pēpi and tamariki and can be serious.",https://www.healthnz.govt.nz/health-topics/conditions-treatments/infectious-diseases/rotavirus,/health-topics/conditions-treatments/infectious-diseases/rotavirus,/health-topics/conditions-treatments/infectious-diseases,3
RSV (respiratory syncytial virus) RSV is a common respiratory illness that causes lung and respiratory tract infections. Symptoms are similar to a cold and tend to get better on their own after 10 days. In some cases RSV can cause more serious complications.,https://www.healthnz.govt.nz/health-topics/conditions-treatments/infectious-diseases/rsv,/health-topics/conditions-treatments/infectious-diseases/rsv,/health-topics/conditions-treatments/infectious-diseases,3
Rubella A contagious viral infection that causes a spotty rash. Rubella is usually mild — but can cause problems if you are pregnant.,https://www.healthnz.govt.nz/health-topics/conditions-treatments/infectious-diseases/rubella,/health-topics/conditions-treatments/infectious-diseases/rubella,/health-topics/conditions-treatments/infectious-diseases,3
Shingles A painful blistering rash. Anyone who had chickenpox is at risk of developing it. The best protection against shingles is immunisation.,https://www.healthnz.govt.nz/health-topics/conditions-treatments/infectious-diseases/shingles,/health-topics/conditions-treatments/infectious-diseases/shingles,/health-topics/conditions-treatments/infectious-diseases,3
Slapped cheek syndrome (fifth disease) Slapped cheek syndrome (fifth disease or erythema infectiosum) is caused by a viral infection with parvovirus. It causes bright red cheeks and is most common in tamariki (children). Some adults can get slapped cheek syndrome.,https://www.healthnz.govt.nz/health-topics/conditions-treatments/infectious-diseases/slapped-cheek,/health-topics/conditions-treatments/infectious-diseases/slapped-cheek,/health-topics/conditions-treatments/infectious-diseases,3
Tetanus A rare but serious disease that is fatal if it is not treated. It is caused by a bacteria toxin getting into a wound.,https://www.healthnz.govt.nz/health-topics/conditions-treatments/infectious-diseases/tetanus,/health-topics/conditions-treatments/infectious-diseases/tetanus,/health-topics/conditions-treatments/infectious-diseases,3
"Tuberculosis Tuberculosis (TB) is caused by infection with the 'Mycobacterium Tuberculosis'. It usually affects the lungs but can also affect other parts of the body. While it can make some people very sick, it is also treatable and can be cured with special antibiotics.",https://www.healthnz.govt.nz/health-topics/conditions-treatments/infectious-diseases/tuberculosis,/health-topics/conditions-treatments/infectious-diseases/tuberculosis,/health-topics/conditions-treatments/infectious-diseases,3
Countries with high instances of TB,https://www.healthnz.govt.nz/health-topics/conditions-treatments/infectious-diseases/tuberculosis/countries-with-high-instances-of-tuberculosis-tb,/health-topics/conditions-treatments/infectious-diseases/tuberculosis/countries-with-high-instances-of-tuberculosis-tb,/health-topics/conditions-treatments/infectious-diseases/tuberculosis,4
Latent tuberculosis infection,https://www.healthnz.govt.nz/health-topics/conditions-treatments/infectious-diseases/tuberculosis/latent-tbi,/health-topics/conditions-treatments/infectious-diseases/tuberculosis/latent-tbi,/health-topics/conditions-treatments/infectious-diseases/tuberculosis,4
"Whooping cough A long coughing illness that spreads easily between people. It can be very serious for pēpi, tamariki and older adults.",https://www.healthnz.govt.nz/health-topics/conditions-treatments/infectious-diseases/whooping-cough,/health-topics/conditions-treatments/infectious-diseases/whooping-cough,/health-topics/conditions-treatments/infectious-diseases,3
"Yellow fever Yellow fever is caused by a virus and mainly spread by the bite of an infected 'Aedes' mosquito. These mosquitoes are not normally found in Aotearoa New Zealand. Yellow fever is almost always caught overseas. Outbreaks are most common in Africa and Latin America. Immunisation is required for people travelling to areas where the virus is common, such as parts of tropical South America and sub-Saharan Africa.",https://www.healthnz.govt.nz/health-topics/conditions-treatments/infectious-diseases/yellow-fever,/health-topics/conditions-treatments/infectious-diseases/yellow-fever,/health-topics/conditions-treatments/infectious-diseases,3
Zika virus Zika is a virus mainly spread by mosquito bites. The mosquitoes that spread Zika virus are not normally found in Aotearoa New Zealand.,https://www.healthnz.govt.nz/health-topics/conditions-treatments/infectious-diseases/zika-virus,/health-topics/conditions-treatments/infectious-diseases/zika-virus,/health-topics/conditions-treatments/infectious-diseases,3
Liver,https://www.healthnz.govt.nz/health-topics/conditions-treatments/liver-gallbladder,/health-topics/conditions-treatments/liver-gallbladder,/health-topics/conditions-treatments,2
"Cirrhosis Cirrhosis is severe scarring of your liver. Over time the scarring can stop your liver from working properly. This is liver failure. Cirrhosis cannot be cured, but it can be managed.",https://www.healthnz.govt.nz/health-topics/conditions-treatments/liver-gallbladder/cirrhosis,/health-topics/conditions-treatments/liver-gallbladder/cirrhosis,/health-topics/conditions-treatments/liver-gallbladder,3
Fatty liver disease Fatty liver disease is a condition that happens when fat builds up in the cells of your liver. It is very common but most people only have a mild form that does not usually cause long-term problems.,https://www.healthnz.govt.nz/health-topics/conditions-treatments/liver-gallbladder/fatty-liver-disease,/health-topics/conditions-treatments/liver-gallbladder/fatty-liver-disease,/health-topics/conditions-treatments/liver-gallbladder,3
"Gallbladder and gallstones Your gallbladder is a small organ that sits near your liver within your tummy (abdomen). It stores bile, a fluid made by your liver. Bile is released from your gallbladder into your intestine (bowel) to help digest the fats in your diet. Sometimes stones can form in the gallbladder. Gallstones are common.",https://www.healthnz.govt.nz/health-topics/conditions-treatments/liver-gallbladder/gallbladder-and-gallstones,/health-topics/conditions-treatments/liver-gallbladder/gallbladder-and-gallstones,/health-topics/conditions-treatments/liver-gallbladder,3
Hepatitis A An infectious liver disease caused by a virus. It is more common in developing countries. Some travellers need a vaccine.,https://www.healthnz.govt.nz/health-topics/conditions-treatments/liver-gallbladder/hepatitis-a,/health-topics/conditions-treatments/liver-gallbladder/hepatitis-a,/health-topics/conditions-treatments/liver-gallbladder,3
"Hepatitis B Hepatitis B is caused by a virus that attacks and damages the liver. Find out about symptoms, causes, spread and treatment.",https://www.healthnz.govt.nz/health-topics/conditions-treatments/liver-gallbladder/hepatitis-b,/health-topics/conditions-treatments/liver-gallbladder/hepatitis-b,/health-topics/conditions-treatments/liver-gallbladder,3
"Hepatitis C A virus that causes inflammation of your liver. If left untreated, hepatitis C can cause liver disease (cirrhosis), liver failure and liver cancer.",https://www.healthnz.govt.nz/health-topics/conditions-treatments/liver-gallbladder/hepatitis-c,/health-topics/conditions-treatments/liver-gallbladder/hepatitis-c,/health-topics/conditions-treatments/liver-gallbladder,3
"Liver injuries The liver can be torn, cut or crushed. Any of these injuries can cause the liver to bleed or bruise because it has a large blood supply.",https://www.healthnz.govt.nz/health-topics/conditions-treatments/liver-gallbladder/liver-injury,/health-topics/conditions-treatments/liver-gallbladder/liver-injury,/health-topics/conditions-treatments/liver-gallbladder,3
Lungs,https://www.healthnz.govt.nz/health-topics/conditions-treatments/lungs,/health-topics/conditions-treatments/lungs,/health-topics/conditions-treatments,2
Book a vaccine,https://www.healthnz.govt.nz/health-topics/conditions-treatments/lungs/%5Bsitetree_link%5D,/health-topics/conditions-treatments/lungs/%5Bsitetree_link%5D,/health-topics/conditions-treatments/lungs,3
COVID-19 boosters,"https://www.healthnz.govt.nz/health-topics/conditions-treatments/lungs/%5Bsitetree_link,id=517%5D","/health-topics/conditions-treatments/lungs/%5Bsitetree_link,id=517%5D",/health-topics/conditions-treatments/lungs,3
Bronchitis,https://www.healthnz.govt.nz/health-topics/conditions-treatments/lungs/acute-bronchitis-chest-infection,/health-topics/conditions-treatments/lungs/acute-bronchitis-chest-infection,/health-topics/conditions-treatments/lungs,3
"Asthma Find out about asthma symptoms, medicines that help control asthma and what to do during an asthma attack.",https://www.healthnz.govt.nz/health-topics/conditions-treatments/lungs/asthma,/health-topics/conditions-treatments/lungs/asthma,/health-topics/conditions-treatments/lungs,3
"Chronic obstructive pulmonary disease (COPD) A treatable, long-term lung condition that can cause breathlessness, coughing, mucus (sputum or phlegm) and sometimes wheezing.",https://www.healthnz.govt.nz/health-topics/conditions-treatments/lungs/chronic-obstructive-pulmonary-disease,/health-topics/conditions-treatments/lungs/chronic-obstructive-pulmonary-disease,/health-topics/conditions-treatments/lungs,3
"Collapsed lung (pneumothorax) A collapsed lung (pneumothorax) happens when air leaks into the chest around the lung, causing sudden chest pain and shortness of breath.",https://www.healthnz.govt.nz/health-topics/conditions-treatments/lungs/collapsed-lung-pneumothorax,/health-topics/conditions-treatments/lungs/collapsed-lung-pneumothorax,/health-topics/conditions-treatments/lungs,3
Cough A new cough is not usually serious and will most often go away without any treatment. There are many possible causes of a cough.,https://www.healthnz.govt.nz/health-topics/conditions-treatments/lungs/cough-adults,/health-topics/conditions-treatments/lungs/cough-adults,/health-topics/conditions-treatments/lungs,3
"Coughing up blood (haemoptysis) People who cough up blood usually only cough up small amounts. It may look like blood spots on a tissue, or it may be mixed with mucus and looks brown. Even for small amounts of blood, you should see your healthcare provider.",https://www.healthnz.govt.nz/health-topics/conditions-treatments/lungs/coughing-up-blood-haemoptysis,/health-topics/conditions-treatments/lungs/coughing-up-blood-haemoptysis,/health-topics/conditions-treatments/lungs,3
Croup A common viral infection that narrows the upper airways. It is more common in pēpi (babies) over 6 months old and young tamariki (children) under 3.,https://www.healthnz.govt.nz/health-topics/conditions-treatments/lungs/croup,/health-topics/conditions-treatments/lungs/croup,/health-topics/conditions-treatments/lungs,3
"Legionnaires' disease (legionellosis) Legionnaires' disease is a chest infection (pneumonia) caused by the Legionella bacteria. People usually catch the disease by breathing in water droplets that contain the bacteria from sources like soil, compost, potting mix, or spa pools and water systems.",https://www.healthnz.govt.nz/health-topics/conditions-treatments/lungs/legionnaires-disease-legionellosis,/health-topics/conditions-treatments/lungs/legionnaires-disease-legionellosis,/health-topics/conditions-treatments/lungs,3
Lung cancer Lung cancer begins when abnormal cells grow in an uncontrolled way in one or both lungs.,https://www.healthnz.govt.nz/health-topics/conditions-treatments/lungs/lung-cancer,/health-topics/conditions-treatments/lungs/lung-cancer,/health-topics/conditions-treatments/lungs,3
"Lung fibrosis (pulmonary fibrosis) Lung fibrosis (pulmonary fibrosis) is a condition in which hard scar tissue forms in your lungs, making it hard to breathe. The scar tissue forms around the air sacs (alveoli) in your lungs, making them stiff.",https://www.healthnz.govt.nz/health-topics/conditions-treatments/lungs/lung-fibrosis-pulmonary-fibrosis,/health-topics/conditions-treatments/lungs/lung-fibrosis-pulmonary-fibrosis,/health-topics/conditions-treatments/lungs,3
"Lung injuries Your lungs are protected by your rib cage, but they can be injured which can make it hard to breathe.",https://www.healthnz.govt.nz/health-topics/conditions-treatments/lungs/lung-injuries,/health-topics/conditions-treatments/lungs/lung-injuries,/health-topics/conditions-treatments/lungs,3
Lung nodules A lung nodule is a round area that is denser than the normal lung tissue seen on a chest x-ray or CT scan. They are very common and can be present in up to half of all adults' chest scans. Small nodules do not cause any symptoms.,https://www.healthnz.govt.nz/health-topics/conditions-treatments/lungs/lung-nodules,/health-topics/conditions-treatments/lungs/lung-nodules,/health-topics/conditions-treatments/lungs,3
"Persistent cough A persistent cough is a cough that lasts longer than 6 to 8 weeks. It is also known as a chronic cough. If you have a persistent cough, see your healthcare provider so they can help you find out what is causing it and what you can do about it.",https://www.healthnz.govt.nz/health-topics/conditions-treatments/lungs/persistent-coughs,/health-topics/conditions-treatments/lungs/persistent-coughs,/health-topics/conditions-treatments/lungs,3
"Pneumonia Pneumonia is inflammation and fluid in your lungs. It can be caused by a bacterial, viral or fungal infection.",https://www.healthnz.govt.nz/health-topics/conditions-treatments/lungs/pneumonia,/health-topics/conditions-treatments/lungs/pneumonia,/health-topics/conditions-treatments/lungs,3
Preventing the spread of respiratory illnesses Find out what to do if you have symptoms of a respiratory illness and how to reduce the risk of spreading it to other people.,https://www.healthnz.govt.nz/health-topics/conditions-treatments/lungs/preventing-spread-respiratory-illnesses,/health-topics/conditions-treatments/lungs/preventing-spread-respiratory-illnesses,/health-topics/conditions-treatments/lungs,3
"Sarcoidosis Sarcoidosis is a rare condition that mainly affects the lungs, although sometimes it can involve other parts of the body. It is caused by small pockets of inflammation called granulomas. Sarcoidosis usually happens to people aged between 25 and 45.",https://www.healthnz.govt.nz/health-topics/conditions-treatments/lungs/sarcoidosis,/health-topics/conditions-treatments/lungs/sarcoidosis,/health-topics/conditions-treatments/lungs,3
Silicosis Silicosis is a long-term lung disease. It can develop when someone is exposed to silica dust over time.,https://www.healthnz.govt.nz/health-topics/conditions-treatments/lungs/silicosis,/health-topics/conditions-treatments/lungs/silicosis,/health-topics/conditions-treatments/lungs,3
Men's health,https://www.healthnz.govt.nz/health-topics/conditions-treatments/mens-health,/health-topics/conditions-treatments/mens-health,/health-topics/conditions-treatments,2
"Pelvic floor exercises If your pelvic floor muscles are weak, you can have problems with wee or poo leakage and other issues. You can exercise your pelvic floor muscles to help reduce or avoid these problems.",https://www.healthnz.govt.nz/health-topics/conditions-treatments/mens-health/pelvic-floor-men,/health-topics/conditions-treatments/mens-health/pelvic-floor-men,/health-topics/conditions-treatments/mens-health,3
"Prostate cancer Prostate cancer is the most common cancer in men in Aotearoa New Zealand. It usually grows slowly but can grow rapidly and spread to other parts of the body, such as your bones, liver and lungs.",https://www.healthnz.govt.nz/health-topics/conditions-treatments/mens-health/prostate-cancer,/health-topics/conditions-treatments/mens-health/prostate-cancer,/health-topics/conditions-treatments/mens-health,3
"Prostate enlargement Prostate gland enlargement (benign prostatic hyperplasia) is an overgrowth of prostate cells that can cause problems. It is common in men as they reach age 40 and above. It is not prostate cancer, but prostate checks are still important.",https://www.healthnz.govt.nz/health-topics/conditions-treatments/mens-health/prostate-enlargement,/health-topics/conditions-treatments/mens-health/prostate-enlargement,/health-topics/conditions-treatments/mens-health,3
"Prostatitis Prostatitis is swelling (inflammation) of the prostate gland in men. The prostate sits just below the bladder and surrounds part of the urethra, the tube that carries wee (urine) from the bladder.",https://www.healthnz.govt.nz/health-topics/conditions-treatments/mens-health/prostatitis,/health-topics/conditions-treatments/mens-health/prostatitis,/health-topics/conditions-treatments/mens-health,3
"Puberty Puberty is a stage of life when your body grows and changes. It is a normal and healthy part of development. For boys, puberty includes physical, emotional and hormone-related changes. These changes prepare your body for adulthood. Everyone’s experience is different. There is no ‘right’ time or way to go through puberty.",https://www.healthnz.govt.nz/health-topics/conditions-treatments/mens-health/puberty-in-boys,/health-topics/conditions-treatments/mens-health/puberty-in-boys,/health-topics/conditions-treatments/mens-health,3
Vasectomy A vasectomy is a procedure men can choose to have to make them sterile. This means they are unable to father a baby.,https://www.healthnz.govt.nz/health-topics/conditions-treatments/mens-health/sterilisation,/health-topics/conditions-treatments/mens-health/sterilisation,/health-topics/conditions-treatments/mens-health,3
"Lumps, swelling and pain in the testicles and scrotum Lumps and swelling in your testicles are fairly common and, in most cases, the cause is not serious. But if you have lumps, swelling or pain you should see your healthcare provider.",https://www.healthnz.govt.nz/health-topics/conditions-treatments/mens-health/testicles-and-scrotum-lumps-swelling-and-pain,/health-topics/conditions-treatments/mens-health/testicles-and-scrotum-lumps-swelling-and-pain,/health-topics/conditions-treatments/mens-health,3
Testicular cancer Testicular cancer is where cells in a testicle become abnormal and grow into a tumour. This usually starts in the cells that develop into sperm. Testicular cancer affects younger men more than older men.,https://www.healthnz.govt.nz/health-topics/conditions-treatments/mens-health/testicular-cancer,/health-topics/conditions-treatments/mens-health/testicular-cancer,/health-topics/conditions-treatments/mens-health,3
"Testicular infection (epididymo-orchitis) Epididymo-orchitis is an inflammation of your testicle and the tubes attached to the testicle, which are called the epididymis. It is usually caused by an infection.",https://www.healthnz.govt.nz/health-topics/conditions-treatments/mens-health/testicular-infection,/health-topics/conditions-treatments/mens-health/testicular-infection,/health-topics/conditions-treatments/mens-health,3
"Urethritis Urethritis is inflammation of your urethra, the tube that you pass wee (urine) through. It can cause a discharge from the tip of your penis, pain on weeing and itching. It is usually caused by a sexually transmitted infection (STI) such as chlamydia or gonorrhoea.",https://www.healthnz.govt.nz/health-topics/conditions-treatments/mens-health/urethritis,/health-topics/conditions-treatments/mens-health/urethritis,/health-topics/conditions-treatments/mens-health,3
Mental health,https://www.healthnz.govt.nz/health-topics/conditions-treatments/mental-health-conditions,/health-topics/conditions-treatments/mental-health-conditions,/health-topics/conditions-treatments,2
Anxiety,https://www.healthnz.govt.nz/health-topics/conditions-treatments/mental-health-conditions/anxiety,/health-topics/conditions-treatments/mental-health-conditions/anxiety,/health-topics/conditions-treatments/mental-health-conditions,3
"Anxiety in rangatahi (teens) and young adults Anxiety is a normal emotion where you might feel worried, unsafe or stressed. These feelings are common, but sometimes they do not go away and can stop you doing things you want or need to do.",https://www.healthnz.govt.nz/health-topics/conditions-treatments/mental-health-conditions/anxiety-teens-young-adults,/health-topics/conditions-treatments/mental-health-conditions/anxiety-teens-young-adults,/health-topics/conditions-treatments/mental-health-conditions,3
"Bipolar disorder When you have bipolar disorder, your mood is sometimes very low (depression), and sometimes very high (elevated).",https://www.healthnz.govt.nz/health-topics/conditions-treatments/mental-health-conditions/bipolar-disorder,/health-topics/conditions-treatments/mental-health-conditions/bipolar-disorder,/health-topics/conditions-treatments/mental-health-conditions,3
Borderline personality disorder A type of mental health disorder. People with a personality disorder may find it difficult to think and act the way other people do.,https://www.healthnz.govt.nz/health-topics/conditions-treatments/mental-health-conditions/borderline-personality-disorder,/health-topics/conditions-treatments/mental-health-conditions/borderline-personality-disorder,/health-topics/conditions-treatments/mental-health-conditions,3
Eating disorders Eating disorders are serious mental health conditions that lead to unhealthy and sometimes dangerous eating behaviours.,https://www.healthnz.govt.nz/health-topics/conditions-treatments/mental-health-conditions/eating-disorders,/health-topics/conditions-treatments/mental-health-conditions/eating-disorders,/health-topics/conditions-treatments/mental-health-conditions,3
Hoarding Hoarding is when collecting and saving things gets out of control. People with a hoarding disorder are unable to get rid of items most people see as worthless.,https://www.healthnz.govt.nz/health-topics/conditions-treatments/mental-health-conditions/hoarding,/health-topics/conditions-treatments/mental-health-conditions/hoarding,/health-topics/conditions-treatments/mental-health-conditions,3
"Post-traumatic stress disorder If distress after a traumatic even continues for a longer period and affects your daily life, you may have post-traumatic stress disorder (PTSD).",https://www.healthnz.govt.nz/health-topics/conditions-treatments/mental-health-conditions/post-traumatic-stress-disorder,/health-topics/conditions-treatments/mental-health-conditions/post-traumatic-stress-disorder,/health-topics/conditions-treatments/mental-health-conditions,3
Psychosis It usually happens as part of a serious mental illness but there are some other causes.,https://www.healthnz.govt.nz/health-topics/conditions-treatments/mental-health-conditions/psychosis,/health-topics/conditions-treatments/mental-health-conditions/psychosis,/health-topics/conditions-treatments/mental-health-conditions,3
Schizophrenia A long-term mental illness. It can usually be very effectively treated with medications.,https://www.healthnz.govt.nz/health-topics/conditions-treatments/mental-health-conditions/schizophrenia,/health-topics/conditions-treatments/mental-health-conditions/schizophrenia,/health-topics/conditions-treatments/mental-health-conditions,3
"Self harm When you hurt your body on purpose. It can affect anyone, and takes many different forms.",https://www.healthnz.govt.nz/health-topics/conditions-treatments/mental-health-conditions/self-harm,/health-topics/conditions-treatments/mental-health-conditions/self-harm,/health-topics/conditions-treatments/mental-health-conditions,3
"Suicide and prevention If you, or someone you know, is having thoughts about taking their own life, remember support is available. Things can get better, and suicide is preventable.",https://www.healthnz.govt.nz/health-topics/conditions-treatments/mental-health-conditions/suicide-prevention,/health-topics/conditions-treatments/mental-health-conditions/suicide-prevention,/health-topics/conditions-treatments/mental-health-conditions,3
Depression,https://www.healthnz.govt.nz/health-topics/conditions-treatments/mental-health-conditions/understanding-depression,/health-topics/conditions-treatments/mental-health-conditions/understanding-depression,/health-topics/conditions-treatments/mental-health-conditions,3
Depression in teens and young adults,https://www.healthnz.govt.nz/health-topics/conditions-treatments/mental-health-conditions/understanding-depression/depression-in-teens-and-young-adults,/health-topics/conditions-treatments/mental-health-conditions/understanding-depression/depression-in-teens-and-young-adults,/health-topics/conditions-treatments/mental-health-conditions/understanding-depression,4
Neurodevelopmental conditions,https://www.healthnz.govt.nz/health-topics/conditions-treatments/neurodevelopmental-conditions,/health-topics/conditions-treatments/neurodevelopmental-conditions,/health-topics/conditions-treatments,2
"ADHD in adults ADHD causes problems with your concentration, memory and impulsive behaviour.",https://www.healthnz.govt.nz/health-topics/conditions-treatments/neurodevelopmental-conditions/adhd-in-adults,/health-topics/conditions-treatments/neurodevelopmental-conditions/adhd-in-adults,/health-topics/conditions-treatments/neurodevelopmental-conditions,3
"Autism A lifelong condition that causes differences in communication, social skills and behaviour.",https://www.healthnz.govt.nz/health-topics/conditions-treatments/neurodevelopmental-conditions/autism-in-adults,/health-topics/conditions-treatments/neurodevelopmental-conditions/autism-in-adults,/health-topics/conditions-treatments/neurodevelopmental-conditions,3
Older people's health,https://www.healthnz.govt.nz/health-topics/conditions-treatments/older-peoples-health,/health-topics/conditions-treatments/older-peoples-health,/health-topics/conditions-treatments,2
Pain relief medicines for adults,https://www.healthnz.govt.nz/health-topics/conditions-treatments/older-peoples-health/%5Bsitetree_link%5D,/health-topics/conditions-treatments/older-peoples-health/%5Bsitetree_link%5D,/health-topics/conditions-treatments/older-peoples-health,3
Care plans Care plans can provide information to others about your health and wishes.,https://www.healthnz.govt.nz/health-topics/conditions-treatments/older-peoples-health/care-plans,/health-topics/conditions-treatments/older-peoples-health/care-plans,/health-topics/conditions-treatments/older-peoples-health,3
Cataracts When the clear lens in your eye becomes cloudy. Cataracts are one of the most common causes of reduced vision.,https://www.healthnz.govt.nz/health-topics/conditions-treatments/older-peoples-health/cataracts,/health-topics/conditions-treatments/older-peoples-health/cataracts,/health-topics/conditions-treatments/older-peoples-health,3
Constipation in adults Constipation is a very common problem that means painful bowel motions or emptying your bowels less often than usual.,https://www.healthnz.govt.nz/health-topics/conditions-treatments/older-peoples-health/constipation-in-adults,/health-topics/conditions-treatments/older-peoples-health/constipation-in-adults,/health-topics/conditions-treatments/older-peoples-health,3
Delirium Delirium is a temporary state of confusion. It is a serious condition but usually has an underlying cause.,https://www.healthnz.govt.nz/health-topics/conditions-treatments/older-peoples-health/delirium,/health-topics/conditions-treatments/older-peoples-health/delirium,/health-topics/conditions-treatments/older-peoples-health,3
Dementia Dementia is the name for symptoms caused by different diseases that affect the brain. Alzheimer's disease is one of the most common types.,https://www.healthnz.govt.nz/health-topics/conditions-treatments/older-peoples-health/dementia,/health-topics/conditions-treatments/older-peoples-health/dementia,/health-topics/conditions-treatments/older-peoples-health,3
Dental health for older people Good dental health in older people supports overall health and wellbeing. It is important you continue to take good care of your teeth and gums when you are older.,https://www.healthnz.govt.nz/health-topics/conditions-treatments/older-peoples-health/dental-health-for-older-people,/health-topics/conditions-treatments/older-peoples-health/dental-health-for-older-people,/health-topics/conditions-treatments/older-peoples-health,3
Eating well for older people It is important you eat well as you get older. This ensures you are getting the nutrients you need and that you maintain a healthy weight.,https://www.healthnz.govt.nz/health-topics/conditions-treatments/older-peoples-health/eating-well-older-people,/health-topics/conditions-treatments/older-peoples-health/eating-well-older-people,/health-topics/conditions-treatments/older-peoples-health,3
Frailty in older people Older people who are frail are not as strong or healthy as they used to be. Everyday activities might be harder for them. They will take longer to bounce back from illness and injury.,https://www.healthnz.govt.nz/health-topics/conditions-treatments/older-peoples-health/frailty-older-people,/health-topics/conditions-treatments/older-peoples-health/frailty-older-people,/health-topics/conditions-treatments/older-peoples-health,3
Loneliness and isolation Loneliness and social isolation can impact your mental and physical health. There are things you can do to feel less lonely and improve your wellbeing.,https://www.healthnz.govt.nz/health-topics/conditions-treatments/older-peoples-health/mental-wellbeing-loneliness,/health-topics/conditions-treatments/older-peoples-health/mental-wellbeing-loneliness,/health-topics/conditions-treatments/older-peoples-health,3
Osteoarthritis Osteoarthritis is a condition that causes your joints to become painful and stiff. It is the most common type of arthritis.,https://www.healthnz.govt.nz/health-topics/conditions-treatments/older-peoples-health/osteoarthritis,/health-topics/conditions-treatments/older-peoples-health/osteoarthritis,/health-topics/conditions-treatments/older-peoples-health,3
Osteoporosis Osteoporosis is a condition that causes your bones to be thinner and weaker than normal. This means they can break (fracture) easily.,https://www.healthnz.govt.nz/health-topics/conditions-treatments/older-peoples-health/osteoporosis,/health-topics/conditions-treatments/older-peoples-health/osteoporosis,/health-topics/conditions-treatments/older-peoples-health,3
Sexually transmitted infections,https://www.healthnz.govt.nz/health-topics/conditions-treatments/sexually-transmitted-infections,/health-topics/conditions-treatments/sexually-transmitted-infections,/health-topics/conditions-treatments,2
Chlamydia A common bacterial infection passed on by having sex. It is easy to catch and easy to treat.,https://www.healthnz.govt.nz/health-topics/conditions-treatments/sexually-transmitted-infections/chlamydia,/health-topics/conditions-treatments/sexually-transmitted-infections/chlamydia,/health-topics/conditions-treatments/sexually-transmitted-infections,3
Genital herpes Genital herpes is a common sexually transmitted infection that causes blisters or ulcers on genital skin.,https://www.healthnz.govt.nz/health-topics/conditions-treatments/sexually-transmitted-infections/genital-herpes,/health-topics/conditions-treatments/sexually-transmitted-infections/genital-herpes,/health-topics/conditions-treatments/sexually-transmitted-infections,3
"Genital warts Genital warts are caused by the human papilloma virus (HPV), which is passed on by skin-to-skin contact. Most sexually active people get HPV and most have no symptoms.",https://www.healthnz.govt.nz/health-topics/conditions-treatments/sexually-transmitted-infections/genital-warts,/health-topics/conditions-treatments/sexually-transmitted-infections/genital-warts,/health-topics/conditions-treatments/sexually-transmitted-infections,3
gonorrhoea,https://www.healthnz.govt.nz/health-topics/conditions-treatments/sexually-transmitted-infections/gonorrhoea,/health-topics/conditions-treatments/sexually-transmitted-infections/gonorrhoea,/health-topics/conditions-treatments/sexually-transmitted-infections,3
"Human papillomavirus (HPV) Common viruses passed on by skin contact. People usually have no symptoms. Some types of HPV cause genital warts, cell changes or cancer.",https://www.healthnz.govt.nz/health-topics/conditions-treatments/sexually-transmitted-infections/hpv,/health-topics/conditions-treatments/sexually-transmitted-infections/hpv,/health-topics/conditions-treatments/sexually-transmitted-infections,3
Mpox A virus that causes a rash or sores. It spreads from close contact. People with mpox may have to isolate.,https://www.healthnz.govt.nz/health-topics/conditions-treatments/sexually-transmitted-infections/mpox,/health-topics/conditions-treatments/sexually-transmitted-infections/mpox,/health-topics/conditions-treatments/sexually-transmitted-infections,3
Pubic lice Pubic lice are tiny parasites which can causing itching in the genital area.,https://www.healthnz.govt.nz/health-topics/conditions-treatments/sexually-transmitted-infections/pubic-lice,/health-topics/conditions-treatments/sexually-transmitted-infections/pubic-lice,/health-topics/conditions-treatments/sexually-transmitted-infections,3
syphilis,https://www.healthnz.govt.nz/health-topics/conditions-treatments/sexually-transmitted-infections/syphilis,/health-topics/conditions-treatments/sexually-transmitted-infections/syphilis,/health-topics/conditions-treatments/sexually-transmitted-infections,3
"Trichomonas infection Trichomonas infection is a sexually transmitted infection caused by a small parasite. It is passed on by having sex, sexual contact or sharing a sex toy, for example a vibrator, with someone with the infection. Using a condom is the best way to protect yourself from this infection, or passing it on.",https://www.healthnz.govt.nz/health-topics/conditions-treatments/sexually-transmitted-infections/trichomonas-infection,/health-topics/conditions-treatments/sexually-transmitted-infections/trichomonas-infection,/health-topics/conditions-treatments/sexually-transmitted-infections,3
Understanding your vaginal swab results Vaginal swabs are taken to test for infections or as part of a check-up. You may be able to take the swab yourself.,https://www.healthnz.govt.nz/health-topics/conditions-treatments/sexually-transmitted-infections/understanding-your-vaginal-swab-results,/health-topics/conditions-treatments/sexually-transmitted-infections/understanding-your-vaginal-swab-results,/health-topics/conditions-treatments/sexually-transmitted-infections,3
Skin,https://www.healthnz.govt.nz/health-topics/conditions-treatments/skin,/health-topics/conditions-treatments/skin,/health-topics/conditions-treatments,2
Online and over-the-phone healthcare,"https://www.healthnz.govt.nz/health-topics/conditions-treatments/skin/%5Bsitetree_link,id=1188%5D","/health-topics/conditions-treatments/skin/%5Bsitetree_link,id=1188%5D",/health-topics/conditions-treatments/skin,3
"Acne Acne is a common skin condition that happens when the hair follicles get plugged with oil and dead skin, causing pimples and spots.",https://www.healthnz.govt.nz/health-topics/conditions-treatments/skin/acne,/health-topics/conditions-treatments/skin/acne,/health-topics/conditions-treatments/skin,3
Anal fissure (tear) An anal fissure is a small split or tear in the skin around your anus. These are very common and can occur from infancy through to adulthood.,https://www.healthnz.govt.nz/health-topics/conditions-treatments/skin/anal-fissure-tear,/health-topics/conditions-treatments/skin/anal-fissure-tear,/health-topics/conditions-treatments/skin,3
"Angular cheilitis Angular cheilitis causes cracks, crusting and redness at the corners of the mouth and around the lips.",https://www.healthnz.govt.nz/health-topics/conditions-treatments/skin/angular-cheilitis,/health-topics/conditions-treatments/skin/angular-cheilitis,/health-topics/conditions-treatments/skin,3
Boils and abscesses Boils and abscesses are painful lumps under your skin caused by a skin infection.,https://www.healthnz.govt.nz/health-topics/conditions-treatments/skin/boils-and-abscesses,/health-topics/conditions-treatments/skin/boils-and-abscesses,/health-topics/conditions-treatments/skin,3
Burns Burns can range from minor burns you can treat at home to major burns that need to be treated in hospital. All burns need immediate first aid.,https://www.healthnz.govt.nz/health-topics/conditions-treatments/skin/burns,/health-topics/conditions-treatments/skin/burns,/health-topics/conditions-treatments/skin,3
"Cellulitis Cellulitis is an infection of the skin and the tissue just under the skin. Cellulitis can affect any area of skin, but your leg is the most common place.",https://www.healthnz.govt.nz/health-topics/conditions-treatments/skin/cellulitis,/health-topics/conditions-treatments/skin/cellulitis,/health-topics/conditions-treatments/skin,3
Cold sores Cold sores are small blisters on your lip or around your mouth. They are caused by the herpes simplex virus.,https://www.healthnz.govt.nz/health-topics/conditions-treatments/skin/cold-sores,/health-topics/conditions-treatments/skin/cold-sores,/health-topics/conditions-treatments/skin,3
"Dermatitis and eczema Dermatitis is a very common skin condition that makes your skin dry, red and itchy. There are several types of dermatitis, including eczema.",https://www.healthnz.govt.nz/health-topics/conditions-treatments/skin/dermatitis-eczema,/health-topics/conditions-treatments/skin/dermatitis-eczema,/health-topics/conditions-treatments/skin,3
Allergic contact dermatitis,https://www.healthnz.govt.nz/health-topics/conditions-treatments/skin/dermatitis-eczema/allergic-contact-dermatitis,/health-topics/conditions-treatments/skin/dermatitis-eczema/allergic-contact-dermatitis,/health-topics/conditions-treatments/skin/dermatitis-eczema,4
Eczema,https://www.healthnz.govt.nz/health-topics/conditions-treatments/skin/dermatitis-eczema/eczema,/health-topics/conditions-treatments/skin/dermatitis-eczema/eczema,/health-topics/conditions-treatments/skin/dermatitis-eczema,4
Irritant contact dermatitis,https://www.healthnz.govt.nz/health-topics/conditions-treatments/skin/dermatitis-eczema/irritant-contact-dermatitis,/health-topics/conditions-treatments/skin/dermatitis-eczema/irritant-contact-dermatitis,/health-topics/conditions-treatments/skin/dermatitis-eczema,4
Seborrhoeic dermatitis and cradle cap,https://www.healthnz.govt.nz/health-topics/conditions-treatments/skin/dermatitis-eczema/seborrhoeic-dermatitis-and-cradle-cap,/health-topics/conditions-treatments/skin/dermatitis-eczema/seborrhoeic-dermatitis-and-cradle-cap,/health-topics/conditions-treatments/skin/dermatitis-eczema,4
Epidermoid and pilar cysts Epidermoid and pilar cysts (trichilemmal cysts) are smooth lumps that appear under your skin. They are not cancerous.,https://www.healthnz.govt.nz/health-topics/conditions-treatments/skin/epidermoid-and-pilar-cysts,/health-topics/conditions-treatments/skin/epidermoid-and-pilar-cysts,/health-topics/conditions-treatments/skin,3
Foot ulcers A foot ulcer is a wound or sore on your foot that is slow to heal. People with diabetes are at higher risk of getting foot ulcers.,https://www.healthnz.govt.nz/health-topics/conditions-treatments/skin/foot-ulcer,/health-topics/conditions-treatments/skin/foot-ulcer,/health-topics/conditions-treatments/skin,3
"Hair loss (alopecia) Alopecia is abnormal hair loss. With alopecia, you can lose hair from one area of your body or several areas.",https://www.healthnz.govt.nz/health-topics/conditions-treatments/skin/hair-loss-alopecia,/health-topics/conditions-treatments/skin/hair-loss-alopecia,/health-topics/conditions-treatments/skin,3
Harmless scaly skin lesions Skin lesions are spots and patches on your skin. They include solar keratoses and seborrhoeic keratoses.,https://www.healthnz.govt.nz/health-topics/conditions-treatments/skin/harmless-scaly-skin-lesions,/health-topics/conditions-treatments/skin/harmless-scaly-skin-lesions,/health-topics/conditions-treatments/skin,3
Hidradenitis suppurativa Hidradenitis suppurativa is a long-term skin condition. It causes persistent or recurrent lumps or abscesses and scarring.,https://www.healthnz.govt.nz/health-topics/conditions-treatments/skin/hidradenitis-suppurativa,/health-topics/conditions-treatments/skin/hidradenitis-suppurativa,/health-topics/conditions-treatments/skin,3
Itching (pruritus) Itching (pruritus) is the sensation on your skin that makes you want to scratch. There are many possible causes and treatments.,https://www.healthnz.govt.nz/health-topics/conditions-treatments/skin/itching-pruritis,/health-topics/conditions-treatments/skin/itching-pruritis,/health-topics/conditions-treatments/skin,3
Venous leg ulcers A venous leg ulcer is a wound on your leg that takes a long time to heal due to poor blood circulation.,https://www.healthnz.govt.nz/health-topics/conditions-treatments/skin/leg-ulcers,/health-topics/conditions-treatments/skin/leg-ulcers,/health-topics/conditions-treatments/skin,3
Lichen sclerosus Lichen sclerosus is a skin disease affecting both sexes of all ages and in all areas of the body. It is more common in women and most often occurs on the genital area.,https://www.healthnz.govt.nz/health-topics/conditions-treatments/skin/lichen-sclerosus,/health-topics/conditions-treatments/skin/lichen-sclerosus,/health-topics/conditions-treatments/skin,3
"Lipoma A lipoma is a soft, fatty lump under your skin. Lipomas are common and harmless so they usually do not need any treatment.",https://www.healthnz.govt.nz/health-topics/conditions-treatments/skin/lipoma,/health-topics/conditions-treatments/skin/lipoma,/health-topics/conditions-treatments/skin,3
Lymphoedema Lymphoedema is swelling caused by a build-up of lymph fluid in your body. It happens when your body's lymphatic system is not working properly.,https://www.healthnz.govt.nz/health-topics/conditions-treatments/skin/lymphoedema,/health-topics/conditions-treatments/skin/lymphoedema,/health-topics/conditions-treatments/skin,3
Melanoma Melanoma is a type of skin cancer. It can spread throughout the body and is the most serious form of skin cancer.,https://www.healthnz.govt.nz/health-topics/conditions-treatments/skin/melanoma,/health-topics/conditions-treatments/skin/melanoma,/health-topics/conditions-treatments/skin,3
Molluscum contagiosum A common viral skin infection. It mainly affects tamariki (children) under 10 years old.,https://www.healthnz.govt.nz/health-topics/conditions-treatments/skin/molluscum-contagiosum,/health-topics/conditions-treatments/skin/molluscum-contagiosum,/health-topics/conditions-treatments/skin,3
Non-melanoma skin cancer Non-melanoma skin cancers are the most common type of skin cancer. They tend to appear on skin that has had a lot of sun exposure. Non-melanoma skin cancers can usually be treated successfully and cured.,https://www.healthnz.govt.nz/health-topics/conditions-treatments/skin/non-melanoma-skin-cancer,/health-topics/conditions-treatments/skin/non-melanoma-skin-cancer,/health-topics/conditions-treatments/skin,3
Pressure injuries Pressure injuries are sores or ulcers. These are sometimes called pressure sores or bedsores.,https://www.healthnz.govt.nz/health-topics/conditions-treatments/skin/pressure-injuries,/health-topics/conditions-treatments/skin/pressure-injuries,/health-topics/conditions-treatments/skin,3
Psoriasis Psoriasis is a common long-term (chronic) skin condition. There are many effective treatments to help keep psoriasis under control.,https://www.healthnz.govt.nz/health-topics/conditions-treatments/skin/psoriasis,/health-topics/conditions-treatments/skin/psoriasis,/health-topics/conditions-treatments/skin,3
Skin surgery risks and complications Skin surgery carries some risk of complications such as infections and nerve damage. Your doctor will make every effort to reduce risk and minimise complications.,https://www.healthnz.govt.nz/health-topics/conditions-treatments/skin/risks-skin-surgery,/health-topics/conditions-treatments/skin/risks-skin-surgery,/health-topics/conditions-treatments/skin,3
Rosacea Rosacea is an inflamed rash that affects the central part of the face. It cannot be cured but there are treatments available to help control it.,https://www.healthnz.govt.nz/health-topics/conditions-treatments/skin/rosacea,/health-topics/conditions-treatments/skin/rosacea,/health-topics/conditions-treatments/skin,3
Scabies Scabies is a skin condition caused by a parasitic mite (a living thing). Scabies usually produces a very itchy rash.,https://www.healthnz.govt.nz/health-topics/conditions-treatments/skin/scabies,/health-topics/conditions-treatments/skin/scabies,/health-topics/conditions-treatments/skin,3
"Scarlet fever Scarlet fever is a bacterial illness similar to strep throat, but with a skin rash. Scarlet fever can also lead to rheumatic fever and to other illnesses like pneumonia or infections.",https://www.healthnz.govt.nz/health-topics/conditions-treatments/skin/scarlet-fever,/health-topics/conditions-treatments/skin/scarlet-fever,/health-topics/conditions-treatments/skin,3
Impetigo A common skin infection. Impetigo mostly affects tamariki. It spreads very easily through skin to skin contact.,https://www.healthnz.govt.nz/health-topics/conditions-treatments/skin/school-sores-impetigo,/health-topics/conditions-treatments/skin/school-sores-impetigo,/health-topics/conditions-treatments/skin,3
Skin decolonisation Skin decolonisation is a 5-day process to remove as much bacteria as possible from your body. This is done to reduce the number of skin infections you get.,https://www.healthnz.govt.nz/health-topics/conditions-treatments/skin/skin-decolonisation,/health-topics/conditions-treatments/skin/skin-decolonisation,/health-topics/conditions-treatments/skin,3
Skin grafts A skin graft is an area of skin taken from one part of your body to cover an injury on another part of your body.,https://www.healthnz.govt.nz/health-topics/conditions-treatments/skin/skin-grafts,/health-topics/conditions-treatments/skin/skin-grafts,/health-topics/conditions-treatments/skin,3
Slapped cheek syndrome (fifth disease) Slapped cheek syndrome (fifth disease or erythema infectiosum) is caused by a viral infection with parvovirus. It causes bright red cheeks and is most common in tamariki (children). Some adults can get slapped cheek syndrome.,https://www.healthnz.govt.nz/health-topics/conditions-treatments/skin/slapped-cheek,/health-topics/conditions-treatments/skin/slapped-cheek,/health-topics/conditions-treatments/skin,3
"Staphylococcus skin infections A type of germ (bacteria) that commonly lives on healthy skin. If the skin is very dry, scratched or grazed, the germ can multiply and cause skin infections.",https://www.healthnz.govt.nz/health-topics/conditions-treatments/skin/staphylococcus-skin-infections,/health-topics/conditions-treatments/skin/staphylococcus-skin-infections,/health-topics/conditions-treatments/skin,3
Sunburn The sun in Aotearoa New Zealand has very high levels of ultraviolet (UV) light or radiation. These UV rays cause sunburn.,https://www.healthnz.govt.nz/health-topics/conditions-treatments/skin/sunburn,/health-topics/conditions-treatments/skin/sunburn,/health-topics/conditions-treatments/skin,3
Surgical wound care There are several things you can do to look after your wound after surgery. Taking good care of your wound and your general health will lower your risk of infection and encourage healing.,https://www.healthnz.govt.nz/health-topics/conditions-treatments/skin/surgical-wound-care,/health-topics/conditions-treatments/skin/surgical-wound-care,/health-topics/conditions-treatments/skin,3
Eating well for wound healing,https://www.healthnz.govt.nz/health-topics/conditions-treatments/skin/surgical-wound-care/eating-well-for-wound-healing,/health-topics/conditions-treatments/skin/surgical-wound-care/eating-well-for-wound-healing,/health-topics/conditions-treatments/skin/surgical-wound-care,4
Stomach and bowel,https://www.healthnz.govt.nz/health-topics/conditions-treatments/stomach-and-bowel,/health-topics/conditions-treatments/stomach-and-bowel,/health-topics/conditions-treatments,2
Online and over-the-phone healthcare,"https://www.healthnz.govt.nz/health-topics/conditions-treatments/stomach-and-bowel/%5Bsitetree_link,id=1188%5D","/health-topics/conditions-treatments/stomach-and-bowel/%5Bsitetree_link,id=1188%5D",/health-topics/conditions-treatments/stomach-and-bowel,3
"Abdominal hernias in adults An abdominal hernia is a lump that happens when an organ or tissue pushes through a weak spot in the wall of your abdomen (tummy). If an abdominal hernia is small and not causing you problems, it may not need treatment. Others may need surgery to repair them.",https://www.healthnz.govt.nz/health-topics/conditions-treatments/stomach-and-bowel/abdominal-hernias-in-adults,/health-topics/conditions-treatments/stomach-and-bowel/abdominal-hernias-in-adults,/health-topics/conditions-treatments/stomach-and-bowel,3
"Anorectal abscess An abscess is an infected collection of pus in your body. When you get one near your anus (where your poo comes out) or rectum (the last part of the bowel before the anus), it is called an anorectal abscess. You will need hospital treatment.",https://www.healthnz.govt.nz/health-topics/conditions-treatments/stomach-and-bowel/anorectal-abscess,/health-topics/conditions-treatments/stomach-and-bowel/anorectal-abscess,/health-topics/conditions-treatments/stomach-and-bowel,3
Appendicitis Appendicitis happens when your appendix gets blocked and becomes inflamed. It is important to treat appendicitis immediately. If left untreated it can burst and cause serious complications.,https://www.healthnz.govt.nz/health-topics/conditions-treatments/stomach-and-bowel/appendicitis,/health-topics/conditions-treatments/stomach-and-bowel/appendicitis,/health-topics/conditions-treatments/stomach-and-bowel,3
"Botulism Botulism is a very rare but life-threatening condition that causes paralysis (muscle weakness). It is caused by bacteria found throughout the environment in soil, dust, honey and some marine environments.",https://www.healthnz.govt.nz/health-topics/conditions-treatments/stomach-and-bowel/botulism,/health-topics/conditions-treatments/stomach-and-bowel/botulism,/health-topics/conditions-treatments/stomach-and-bowel,3
Coeliac disease Coeliac disease is a condition where your immune system attacks your own body when you eat gluten. This damages your gut (small intestine) so it is important to avoid foods and drinks containing gluten.,https://www.healthnz.govt.nz/health-topics/conditions-treatments/stomach-and-bowel/coeliac-disease,/health-topics/conditions-treatments/stomach-and-bowel/coeliac-disease,/health-topics/conditions-treatments/stomach-and-bowel,3
Gluten-free eating for coeliac disease,https://www.healthnz.govt.nz/health-topics/conditions-treatments/stomach-and-bowel/coeliac-disease/gluten-free-eating-for-coeliac-disease,/health-topics/conditions-treatments/stomach-and-bowel/coeliac-disease/gluten-free-eating-for-coeliac-disease,/health-topics/conditions-treatments/stomach-and-bowel/coeliac-disease,4
Constipation in adults Constipation is a very common problem that means painful bowel motions or emptying your bowels less often than usual.,https://www.healthnz.govt.nz/health-topics/conditions-treatments/stomach-and-bowel/constipation-in-adults,/health-topics/conditions-treatments/stomach-and-bowel/constipation-in-adults,/health-topics/conditions-treatments/stomach-and-bowel,3
"Gastroenteritis Gastroenteritis is a term used to describe the combination of diarrhoea, nausea (with or without vomiting), stomach pain and fever. Gastroenteritis is usually caused by an infection in the stomach and intestines. It is highly infectious, and large numbers of people can be affected in a short amount of time.",https://www.healthnz.govt.nz/health-topics/conditions-treatments/stomach-and-bowel/diarrhoea-and-vomiting-gastroenteritis,/health-topics/conditions-treatments/stomach-and-bowel/diarrhoea-and-vomiting-gastroenteritis,/health-topics/conditions-treatments/stomach-and-bowel,3
"Diverticular disease and diverticulitis Diverticular disease happens when small pouches (diverticula) form in the wall of your bowel and cause pain or changes in bowel movements. Diverticulitis is when one of these pouches becomes sore, swollen, or infected.",https://www.healthnz.govt.nz/health-topics/conditions-treatments/stomach-and-bowel/diverticular-disease-and-diverticulitis,/health-topics/conditions-treatments/stomach-and-bowel/diverticular-disease-and-diverticulitis,/health-topics/conditions-treatments/stomach-and-bowel,3
H. pylori H. pylori (Helicobacter pylori) is a type of germ (bacteria) that can infect your stomach lining. The infection can damage the protective lining of your stomach and cause inflammation.,https://www.healthnz.govt.nz/health-topics/conditions-treatments/stomach-and-bowel/h-pylori,/health-topics/conditions-treatments/stomach-and-bowel/h-pylori,/health-topics/conditions-treatments/stomach-and-bowel,3
Haemorrhoids (piles) Hemorrhoids (piles) are swollen blood vessels in or just outside your anal canal (where your poo comes out).,https://www.healthnz.govt.nz/health-topics/conditions-treatments/stomach-and-bowel/haemorrhoids-piles,/health-topics/conditions-treatments/stomach-and-bowel/haemorrhoids-piles,/health-topics/conditions-treatments/stomach-and-bowel,3
Heartburn and acid reflux in adults Heartburn is a burning feeling that happens when acid leaks up from your stomach into your food pipe (oesophagus). It is also called acid reflux.,https://www.healthnz.govt.nz/health-topics/conditions-treatments/stomach-and-bowel/heartburn-and-acid-reflux-in-adults,/health-topics/conditions-treatments/stomach-and-bowel/heartburn-and-acid-reflux-in-adults,/health-topics/conditions-treatments/stomach-and-bowel,3
"Inflammatory bowel disease Conditions in which your bowel (intestines) get inflamed, red and swollen. This leads to symptoms such as runny poos and stomach pain.",https://www.healthnz.govt.nz/health-topics/conditions-treatments/stomach-and-bowel/inflammatory-bowel-disease,/health-topics/conditions-treatments/stomach-and-bowel/inflammatory-bowel-disease,/health-topics/conditions-treatments/stomach-and-bowel,3
Intestinal failure When a large part of the intestine is missing or does not work properly.,https://www.healthnz.govt.nz/health-topics/conditions-treatments/stomach-and-bowel/intestinal-failure,/health-topics/conditions-treatments/stomach-and-bowel/intestinal-failure,/health-topics/conditions-treatments/stomach-and-bowel,3
"Irritable bowel syndrome Irritable bowel syndrome (IBS) is a common condition that affects your digestive system. It is often a lifelong condition, but lifestyle changes and medicine can help.",https://www.healthnz.govt.nz/health-topics/conditions-treatments/stomach-and-bowel/irritable-bowel-syndrome,/health-topics/conditions-treatments/stomach-and-bowel/irritable-bowel-syndrome,/health-topics/conditions-treatments/stomach-and-bowel,3
Low-FODMAP diet,https://www.healthnz.govt.nz/health-topics/conditions-treatments/stomach-and-bowel/irritable-bowel-syndrome/low-fodmap-diet,/health-topics/conditions-treatments/stomach-and-bowel/irritable-bowel-syndrome/low-fodmap-diet,/health-topics/conditions-treatments/stomach-and-bowel/irritable-bowel-syndrome,4
Lactose intolerance Lactose intolerance is a digestive problem where your gut has difficulty breaking down lactose. Lactose is a sugar found in animal milks and some dairy products.,https://www.healthnz.govt.nz/health-topics/conditions-treatments/stomach-and-bowel/lactose-intolerance,/health-topics/conditions-treatments/stomach-and-bowel/lactose-intolerance,/health-topics/conditions-treatments/stomach-and-bowel,3
"Nausea and vomiting in adults Nausea is a sick or queasy feeling. You may have this with or without vomiting. Vomiting (or throwing up) is when you cannot keep food, or anything else in your stomach.",https://www.healthnz.govt.nz/health-topics/conditions-treatments/stomach-and-bowel/nausea-and-vomiting-in-adults,/health-topics/conditions-treatments/stomach-and-bowel/nausea-and-vomiting-in-adults,/health-topics/conditions-treatments/stomach-and-bowel,3
Norovirus A virus that causes gastroenteritis. It is very infectious.,https://www.healthnz.govt.nz/health-topics/conditions-treatments/stomach-and-bowel/norovirus,/health-topics/conditions-treatments/stomach-and-bowel/norovirus,/health-topics/conditions-treatments/stomach-and-bowel,3
Pancreatic lesions A pancreatic lesion is a type of cyst that sits on or in your pancreas. Cysts are sacs or lumps that contain fluid or other material. Most are benign (non-cancerous). But a small number have the potential to become cancerous.,https://www.healthnz.govt.nz/health-topics/conditions-treatments/stomach-and-bowel/pancreatic-lesions,/health-topics/conditions-treatments/stomach-and-bowel/pancreatic-lesions,/health-topics/conditions-treatments/stomach-and-bowel,3
Peptic ulcers Peptic ulcers are open sores that develop in the lining of your stomach or the first part of your small intestine (small bowel).,https://www.healthnz.govt.nz/health-topics/conditions-treatments/stomach-and-bowel/peptic-ulcers,/health-topics/conditions-treatments/stomach-and-bowel/peptic-ulcers,/health-topics/conditions-treatments/stomach-and-bowel,3
Pilonidal disease Pilonidal disease is a chronic skin condition which happens at the base of your spine in the gap between the top of your buttocks (your natal cleft).,https://www.healthnz.govt.nz/health-topics/conditions-treatments/stomach-and-bowel/pilonidal-disease,/health-topics/conditions-treatments/stomach-and-bowel/pilonidal-disease,/health-topics/conditions-treatments/stomach-and-bowel,3
Yersinia Yersiniosis is a bacterial infection that can cause acute stomach illness. It is rare in Aotearoa New Zealand. Yersiniosis is not usually serious and most people recover quickly. It is caused by infection with 'Yersinia pseudotuberculosis' or 'Yersinia enterocolitica'.,https://www.healthnz.govt.nz/health-topics/conditions-treatments/stomach-and-bowel/yersiniosis,/health-topics/conditions-treatments/stomach-and-bowel/yersiniosis,/health-topics/conditions-treatments/stomach-and-bowel,3
Teeth and mouth,https://www.healthnz.govt.nz/health-topics/conditions-treatments/teeth-and-mouth,/health-topics/conditions-treatments/teeth-and-mouth,/health-topics/conditions-treatments,2
"Mouth care (a guide for carers) If a person cannot keep their mouth clean and clear, they need someone to do this for them. This may be because they are very ill. It is important because it lowers the risk of infections in the mouth.",https://www.healthnz.govt.nz/health-topics/conditions-treatments/teeth-and-mouth/carers-guide-to-mouth-care,/health-topics/conditions-treatments/teeth-and-mouth/carers-guide-to-mouth-care,/health-topics/conditions-treatments/teeth-and-mouth,3
"Dry mouth If your body does not make enough saliva to wet the inside of your mouth, you will get a dry mouth. This can cause problems with speech, taste, chewing and swallowing. It also increases your risk of developing tooth decay and getting mouth infections.",https://www.healthnz.govt.nz/health-topics/conditions-treatments/teeth-and-mouth/dry-mouth,/health-topics/conditions-treatments/teeth-and-mouth/dry-mouth,/health-topics/conditions-treatments/teeth-and-mouth,3
"Gum disease Gum disease (periodontal disease), is an inflammatory disease caused by a build up of plaque on teeth. There are 2 types of gum disease — gingivitis, and periodontitis.",https://www.healthnz.govt.nz/health-topics/conditions-treatments/teeth-and-mouth/gum-disease,/health-topics/conditions-treatments/teeth-and-mouth/gum-disease,/health-topics/conditions-treatments/teeth-and-mouth,3
Mouth ulcers A mouth ulcer is a small painful sore that appears anywhere inside your mouth. Most mouth ulcers go away on their own but some will need treatment.,https://www.healthnz.govt.nz/health-topics/conditions-treatments/teeth-and-mouth/mouth-ulcer,/health-topics/conditions-treatments/teeth-and-mouth/mouth-ulcer,/health-topics/conditions-treatments/teeth-and-mouth,3
"Oral thrush Oral thrush is a common yeast infection in your mouth. It is usually harmless, but it can be uncomfortable. You can also get thrush in other parts of your body including your throat, skin, bowel and vagina.",https://www.healthnz.govt.nz/health-topics/conditions-treatments/teeth-and-mouth/oral-thrush,/health-topics/conditions-treatments/teeth-and-mouth/oral-thrush,/health-topics/conditions-treatments/teeth-and-mouth,3
"Teeth grinding and clenching Teeth grinding and clenching is a habit where you rub or squeeze your teeth together, when you are awake or asleep. Teeth grinding is common in children and young people, but it can happen in people of any age.",https://www.healthnz.govt.nz/health-topics/conditions-treatments/teeth-and-mouth/teeth-grinding,/health-topics/conditions-treatments/teeth-and-mouth/teeth-grinding,/health-topics/conditions-treatments/teeth-and-mouth,3
Temporomandibular disorder Temporomandibular disorder (TMD) is a condition that affects the movement of the jaw. It is not usually serious and generally gets better on its own.,https://www.healthnz.govt.nz/health-topics/conditions-treatments/teeth-and-mouth/temporomandibular-disorder-tmd,/health-topics/conditions-treatments/teeth-and-mouth/temporomandibular-disorder-tmd,/health-topics/conditions-treatments/teeth-and-mouth,3
"Tooth decay The tooth decay process can be painless and occur over a long period of time. Decay can occur in any part of the tooth, even in exposed root surfaces or around and under existing fillings. Sometimes decay can only be detected by an x-ray, particularly in the early stages.",https://www.healthnz.govt.nz/health-topics/conditions-treatments/teeth-and-mouth/tooth-decay,/health-topics/conditions-treatments/teeth-and-mouth/tooth-decay,/health-topics/conditions-treatments/teeth-and-mouth,3
Women's health,https://www.healthnz.govt.nz/health-topics/conditions-treatments/womens-health,/health-topics/conditions-treatments/womens-health,/health-topics/conditions-treatments,2
"Ageing well Supporting health and wellbeing in later life. Focusing on maintaining independence, staying active, and managing changes in your body with confidence and support. Ageing well",https://www.healthnz.govt.nz/health-topics/conditions-treatments/womens-health/ageing-well,/health-topics/conditions-treatments/womens-health/ageing-well,/health-topics/conditions-treatments/womens-health,3
Pain relief medicines for adults,https://www.healthnz.govt.nz/health-topics/conditions-treatments/womens-health/ageing-well/%5Bsitetree_link%5D,/health-topics/conditions-treatments/womens-health/ageing-well/%5Bsitetree_link%5D,/health-topics/conditions-treatments/womens-health/ageing-well,4
Bladder control problems (urinary incontinence) Urinary incontinence is when you lose bladder control and you accidentally leak wee (urine). It may be occasionally leaking a few drops of wee to leaking enough to affect your daily activities.,https://www.healthnz.govt.nz/health-topics/conditions-treatments/womens-health/ageing-well/bladder-control-problems-urinary-incontinence,/health-topics/conditions-treatments/womens-health/ageing-well/bladder-control-problems-urinary-incontinence,/health-topics/conditions-treatments/womens-health/ageing-well,4
Bowel screening The National Bowel Screening Programme is a free programme to help detect bowel cancer. It is offered every 2 years to help find bowel cancer at an early stage.,https://www.healthnz.govt.nz/health-topics/conditions-treatments/womens-health/ageing-well/bowel-screening,/health-topics/conditions-treatments/womens-health/ageing-well/bowel-screening,/health-topics/conditions-treatments/womens-health/ageing-well,4
"Brain health for adults Looking after your brain is important, whatever your age. Your lifestyle — how you eat, move, sleep and connect with others — can shape how sharp your mind stays as you get older.",https://www.healthnz.govt.nz/health-topics/conditions-treatments/womens-health/ageing-well/brain-health-for-adults,/health-topics/conditions-treatments/womens-health/ageing-well/brain-health-for-adults,/health-topics/conditions-treatments/womens-health/ageing-well,4
Breast screening 45 to 69 year olds Regular breast screening with a mammogram saves lives by finding breast cancer early.,https://www.healthnz.govt.nz/health-topics/conditions-treatments/womens-health/ageing-well/breast-screening,/health-topics/conditions-treatments/womens-health/ageing-well/breast-screening,/health-topics/conditions-treatments/womens-health/ageing-well,4
Cervical screening 25 to 69 year olds If you are between ages 25 and 69 find out about getting cervical screening in Aotearoa New Zealand.,https://www.healthnz.govt.nz/health-topics/conditions-treatments/womens-health/ageing-well/cervical-screening,/health-topics/conditions-treatments/womens-health/ageing-well/cervical-screening,/health-topics/conditions-treatments/womens-health/ageing-well,4
Dementia Dementia is the name for symptoms caused by different diseases that affect the brain. Alzheimer's disease is one of the most common types.,https://www.healthnz.govt.nz/health-topics/conditions-treatments/womens-health/ageing-well/dementia,/health-topics/conditions-treatments/womens-health/ageing-well/dementia,/health-topics/conditions-treatments/womens-health/ageing-well,4
Eating well for healthy bones Eating well can help you build strong bones from an early age and keep them strong throughout your life. Find out how you can best support good bone health.,https://www.healthnz.govt.nz/health-topics/conditions-treatments/womens-health/ageing-well/eating-well-for-healthy-bones,/health-topics/conditions-treatments/womens-health/ageing-well/eating-well-for-healthy-bones,/health-topics/conditions-treatments/womens-health/ageing-well,4
Loneliness and isolation Loneliness and social isolation can impact your mental and physical health. There are things you can do to feel less lonely and improve your wellbeing.,https://www.healthnz.govt.nz/health-topics/conditions-treatments/womens-health/ageing-well/mental-wellbeing-loneliness,/health-topics/conditions-treatments/womens-health/ageing-well/mental-wellbeing-loneliness,/health-topics/conditions-treatments/womens-health/ageing-well,4
Osteoarthritis Osteoarthritis is a condition that causes your joints to become painful and stiff. It is the most common type of arthritis.,https://www.healthnz.govt.nz/health-topics/conditions-treatments/womens-health/ageing-well/osteoarthritis,/health-topics/conditions-treatments/womens-health/ageing-well/osteoarthritis,/health-topics/conditions-treatments/womens-health/ageing-well,4
Osteoporosis Osteoporosis is a condition that causes your bones to be thinner and weaker than normal. This means they can break (fracture) easily.,https://www.healthnz.govt.nz/health-topics/conditions-treatments/womens-health/ageing-well/osteoporosis,/health-topics/conditions-treatments/womens-health/ageing-well/osteoporosis,/health-topics/conditions-treatments/womens-health/ageing-well,4
Inflammatory arthritis When your body mistakenly uses its immune system to attack the area between your joints. Rheumatoid arthritis and psoriatic arthritis are forms of inflammatory arthritis.,https://www.healthnz.govt.nz/health-topics/conditions-treatments/womens-health/ageing-well/rheumatoid-psoriatic-inflammatory-arthritis,/health-topics/conditions-treatments/womens-health/ageing-well/rheumatoid-psoriatic-inflammatory-arthritis,/health-topics/conditions-treatments/womens-health/ageing-well,4
Type 2 diabetes Type 2 diabetes happens when your body cannot use insulin properly (insulin resistance). This makes your blood glucose levels high. It is the most common form of diabetes and may be prevented by following a healthy lifestyle.,https://www.healthnz.govt.nz/health-topics/conditions-treatments/womens-health/ageing-well/type-2-diabetes,/health-topics/conditions-treatments/womens-health/ageing-well/type-2-diabetes,/health-topics/conditions-treatments/womens-health/ageing-well,4
"Growing well Supporting health during the teenage and young adult years. The focus is on building knowledge, making informed choices, and getting the right care early. Growing well",https://www.healthnz.govt.nz/health-topics/conditions-treatments/womens-health/growing-well,/health-topics/conditions-treatments/womens-health/growing-well,/health-topics/conditions-treatments/womens-health,3
"Abortion A well-established, safe health care procedure. It is a free service for most New Zealand citizens and residents.",https://www.healthnz.govt.nz/health-topics/conditions-treatments/womens-health/growing-well/abortion-termination-of-pregnacy,/health-topics/conditions-treatments/womens-health/growing-well/abortion-termination-of-pregnacy,/health-topics/conditions-treatments/womens-health/growing-well,4
Bacterial vaginosis An overgrowth of bugs (bacteria) that are normally found in the vagina in small numbers.,https://www.healthnz.govt.nz/health-topics/conditions-treatments/womens-health/growing-well/bacterial-vaginosis,/health-topics/conditions-treatments/womens-health/growing-well/bacterial-vaginosis,/health-topics/conditions-treatments/womens-health/growing-well,4
"Body image during teen and young adult years Learn how body image can affect your wellbeing, why everybody develops differently, and what you can do to build a positive relationship with your body during adolescence and young adulthood.",https://www.healthnz.govt.nz/health-topics/conditions-treatments/womens-health/growing-well/body-image,/health-topics/conditions-treatments/womens-health/growing-well/body-image,/health-topics/conditions-treatments/womens-health/growing-well,4
"Breast pain Breast pain is a common problem. It is not usually a reason to worry. Most often it is caused by hormonal changes. But if you are worried, see your healthcare provider.",https://www.healthnz.govt.nz/health-topics/conditions-treatments/womens-health/growing-well/breast-pain,/health-topics/conditions-treatments/womens-health/growing-well/breast-pain,/health-topics/conditions-treatments/womens-health/growing-well,4
Contraception Learn about different contraception types and the emergency contraceptive pill.,https://www.healthnz.govt.nz/health-topics/conditions-treatments/womens-health/growing-well/contraception,/health-topics/conditions-treatments/womens-health/growing-well/contraception,/health-topics/conditions-treatments/womens-health/growing-well,4
Endometriosis,https://www.healthnz.govt.nz/health-topics/conditions-treatments/womens-health/growing-well/endometriosis,/health-topics/conditions-treatments/womens-health/growing-well/endometriosis,/health-topics/conditions-treatments/womens-health/growing-well,4
"Human papillomavirus (HPV) Common viruses passed on by skin contact. People usually have no symptoms. Some types of HPV cause genital warts, cell changes or cancer.",https://www.healthnz.govt.nz/health-topics/conditions-treatments/womens-health/growing-well/hpv,/health-topics/conditions-treatments/womens-health/growing-well/hpv,/health-topics/conditions-treatments/womens-health/growing-well,4
HPV (human papillomavirus) vaccine Free for ages 9 to 26. It is provided through most schools in Year 7 or Year 8.,https://www.healthnz.govt.nz/health-topics/conditions-treatments/womens-health/growing-well/hpv-human-papillomavirus-vaccine,/health-topics/conditions-treatments/womens-health/growing-well/hpv-human-papillomavirus-vaccine,/health-topics/conditions-treatments/womens-health/growing-well,4
Mental wellbeing Life can be challenging and cause high and low moods. Some people may experience mental wellbeing issues or addiction. Find out about the symptoms and what support is available.,https://www.healthnz.govt.nz/health-topics/conditions-treatments/womens-health/growing-well/mental-health,/health-topics/conditions-treatments/womens-health/growing-well/mental-health,/health-topics/conditions-treatments/womens-health/growing-well,4
Clomifene — Healthify,https://www.healthnz.govt.nz/health-topics/conditions-treatments/womens-health/growing-well/more%20than%20a%20healthy%20weight.,/health-topics/conditions-treatments/womens-health/growing-well/more%20than%20a%20healthy%20weight.,/health-topics/conditions-treatments/womens-health/growing-well,4
"Ovarian cysts Ovarian cysts are sacks that form in or on your ovary and are filled with fluid. They are quite common, especially younger women. They are not usually painful.",https://www.healthnz.govt.nz/health-topics/conditions-treatments/womens-health/growing-well/ovarian-cysts,/health-topics/conditions-treatments/womens-health/growing-well/ovarian-cysts,/health-topics/conditions-treatments/womens-health/growing-well,4
"Periods Your period is part of your menstrual cycle and is normal vaginal bleeding. Each month you shed the lining of your uterus, some tissue and blood through your vagina.",https://www.healthnz.govt.nz/health-topics/conditions-treatments/womens-health/growing-well/periods,/health-topics/conditions-treatments/womens-health/growing-well/periods,/health-topics/conditions-treatments/womens-health/growing-well,4
Heavy periods (menorrhagia),https://www.healthnz.govt.nz/health-topics/conditions-treatments/womens-health/growing-well/periods/heavy-periods-menorrhagia,/health-topics/conditions-treatments/womens-health/growing-well/periods/heavy-periods-menorrhagia,/health-topics/conditions-treatments/womens-health/growing-well/periods,5
Irregular periods,https://www.healthnz.govt.nz/health-topics/conditions-treatments/womens-health/growing-well/periods/irregular-periods,/health-topics/conditions-treatments/womens-health/growing-well/periods/irregular-periods,/health-topics/conditions-treatments/womens-health/growing-well/periods,5
Period pain (dysmenorrhoea),https://www.healthnz.govt.nz/health-topics/conditions-treatments/womens-health/growing-well/periods/period-pain,/health-topics/conditions-treatments/womens-health/growing-well/periods/period-pain,/health-topics/conditions-treatments/womens-health/growing-well/periods,5
Premenstrual syndrome (PMS),https://www.healthnz.govt.nz/health-topics/conditions-treatments/womens-health/growing-well/periods/premenstrual-syndrome-pms,/health-topics/conditions-treatments/womens-health/growing-well/periods/premenstrual-syndrome-pms,/health-topics/conditions-treatments/womens-health/growing-well/periods,5
Polycystic ovary syndrome (PCOS) Polycystic ovary syndrome (PCOS) is a common condition that affects the way your ovaries work. It can make it difficult to get pregnant and cause physical symptoms.,https://www.healthnz.govt.nz/health-topics/conditions-treatments/womens-health/growing-well/polycystic-ovary-syndrome-pcos,/health-topics/conditions-treatments/womens-health/growing-well/polycystic-ovary-syndrome-pcos,/health-topics/conditions-treatments/womens-health/growing-well,4
"Puberty Puberty is a stage of life when your body grows and changes. It is a normal and healthy part of development. For girls, puberty includes physical, emotional and hormone-related changes.",https://www.healthnz.govt.nz/health-topics/conditions-treatments/womens-health/growing-well/puberty-in-girls,/health-topics/conditions-treatments/womens-health/growing-well/puberty-in-girls,/health-topics/conditions-treatments/womens-health/growing-well,4
"Sexual health Learn about the different types of contraception, how sexually transmitted infections (STIs) are spread, and what to do if you are experiencing sexual harm.",https://www.healthnz.govt.nz/health-topics/conditions-treatments/womens-health/growing-well/safe-sex,/health-topics/conditions-treatments/womens-health/growing-well/safe-sex,/health-topics/conditions-treatments/womens-health/growing-well,4
Urine infections (cystitis) The infection can make weeing painful and urgent. You need antibiotics to clear the infection.,https://www.healthnz.govt.nz/health-topics/conditions-treatments/womens-health/growing-well/urine-infections-cystitis,/health-topics/conditions-treatments/womens-health/growing-well/urine-infections-cystitis,/health-topics/conditions-treatments/womens-health/growing-well,4
Vaginal thrush,https://www.healthnz.govt.nz/health-topics/conditions-treatments/womens-health/growing-well/vaginal-thrush,/health-topics/conditions-treatments/womens-health/growing-well/vaginal-thrush,/health-topics/conditions-treatments/womens-health/growing-well,4
Vulval problems Your vulva is the area around the opening of your vagina. You may experience problems with your vulva which could be caused by a range of things.,https://www.healthnz.govt.nz/health-topics/conditions-treatments/womens-health/growing-well/vulval-problems,/health-topics/conditions-treatments/womens-health/growing-well/vulval-problems,/health-topics/conditions-treatments/womens-health/growing-well,4
"Living well Focusing on staying healthy and managing your wellbeing. The aim is to help you stay well, recognise changes early, and get support when you need it. Living well",https://www.healthnz.govt.nz/health-topics/conditions-treatments/womens-health/living-well,/health-topics/conditions-treatments/womens-health/living-well,/health-topics/conditions-treatments/womens-health,3
Osteoporosis,https://www.healthnz.govt.nz/health-topics/conditions-treatments/womens-health/living-well/%5Bsitetree_link%5D,/health-topics/conditions-treatments/womens-health/living-well/%5Bsitetree_link%5D,/health-topics/conditions-treatments/womens-health/living-well,4
Activity and diet,"https://www.healthnz.govt.nz/health-topics/conditions-treatments/womens-health/living-well/%5Bsitetree_link,id=1426%5D","/health-topics/conditions-treatments/womens-health/living-well/%5Bsitetree_link,id=1426%5D",/health-topics/conditions-treatments/womens-health/living-well,4
Abnormal vaginal bleeding,https://www.healthnz.govt.nz/health-topics/conditions-treatments/womens-health/living-well/abnormal-vaginal-bleeding,/health-topics/conditions-treatments/womens-health/living-well/abnormal-vaginal-bleeding,/health-topics/conditions-treatments/womens-health/living-well,4
Abortion,https://www.healthnz.govt.nz/health-topics/conditions-treatments/womens-health/living-well/abortion-termination-of-pregnancy,/health-topics/conditions-treatments/womens-health/living-well/abortion-termination-of-pregnancy,/health-topics/conditions-treatments/womens-health/living-well,4
Bacterial vaginosis An overgrowth of bugs (bacteria) that are normally found in the vagina in small numbers.,https://www.healthnz.govt.nz/health-topics/conditions-treatments/womens-health/living-well/bacterial-vaginosis,/health-topics/conditions-treatments/womens-health/living-well/bacterial-vaginosis,/health-topics/conditions-treatments/womens-health/living-well,4
"Bartholin's gland cyst and abscess If a cyst forms in the Bartholin’s gland it can cause a lump that may be painless or may cause pain and discomfort in the vulva. If infected, it becomes an abscess.",https://www.healthnz.govt.nz/health-topics/conditions-treatments/womens-health/living-well/bartholins-gland-cyst-and-abscess,/health-topics/conditions-treatments/womens-health/living-well/bartholins-gland-cyst-and-abscess,/health-topics/conditions-treatments/womens-health/living-well,4
Breast cancer Breast cancer is when abnormal cells in the breast begin to grow and eventually form a growth (tumour) which can spread within and beyond the breast.,https://www.healthnz.govt.nz/health-topics/conditions-treatments/womens-health/living-well/breast-cancer,/health-topics/conditions-treatments/womens-health/living-well/breast-cancer,/health-topics/conditions-treatments/womens-health/living-well,4
"Breast lumps Breast lumps have many different causes, and most breast lumps are not cancer. If you find a lump in your breast, you should see your healthcare provider as soon as possible.",https://www.healthnz.govt.nz/health-topics/conditions-treatments/womens-health/living-well/breast-lumps,/health-topics/conditions-treatments/womens-health/living-well/breast-lumps,/health-topics/conditions-treatments/womens-health/living-well,4
"Breast pain Breast pain is a common problem. It is not usually a reason to worry. Most often it is caused by hormonal changes. But if you are worried, see your healthcare provider.",https://www.healthnz.govt.nz/health-topics/conditions-treatments/womens-health/living-well/breast-pain,/health-topics/conditions-treatments/womens-health/living-well/breast-pain,/health-topics/conditions-treatments/womens-health/living-well,4
Breast screening 45 to 69 year olds Regular breast screening with a mammogram saves lives by finding breast cancer early.,https://www.healthnz.govt.nz/health-topics/conditions-treatments/womens-health/living-well/breast-screening,/health-topics/conditions-treatments/womens-health/living-well/breast-screening,/health-topics/conditions-treatments/womens-health/living-well,4
"Cervical polyps Cervical polyps are small, irregular growths on your cervix. They are almost always non-cancerous (benign). They are usually found during a cervical screening test.",https://www.healthnz.govt.nz/health-topics/conditions-treatments/womens-health/living-well/cervical-polyps,/health-topics/conditions-treatments/womens-health/living-well/cervical-polyps,/health-topics/conditions-treatments/womens-health/living-well,4
Cervical screening,https://www.healthnz.govt.nz/health-topics/conditions-treatments/womens-health/living-well/cervical-screening,/health-topics/conditions-treatments/womens-health/living-well/cervical-screening,/health-topics/conditions-treatments/womens-health/living-well,4
Contraception Learn about different contraception types and the emergency contraceptive pill.,https://www.healthnz.govt.nz/health-topics/conditions-treatments/womens-health/living-well/contraception,/health-topics/conditions-treatments/womens-health/living-well/contraception,/health-topics/conditions-treatments/womens-health/living-well,4
"Diabetes Diabetes is a disease that causes high glucose (a kind of sugar) in your blood. It happens when your body can not make or use enough insulin. While there is no cure, you can still live well with diabetes if you manage it well.",https://www.healthnz.govt.nz/health-topics/conditions-treatments/womens-health/living-well/diabetes,/health-topics/conditions-treatments/womens-health/living-well/diabetes,/health-topics/conditions-treatments/womens-health/living-well,4
Fibroids Fibroids are benign (non-cancerous) tumours that grow in the walls of the uterus. They are a common condition affecting women. They range in size and it is possible to have more than one.,https://www.healthnz.govt.nz/health-topics/conditions-treatments/womens-health/living-well/fibroids,/health-topics/conditions-treatments/womens-health/living-well/fibroids,/health-topics/conditions-treatments/womens-health/living-well,4
"High blood pressure (hypertension) High blood pressure is when the force of your blood against your artery walls is too high, for too long. High blood pressure is diagnosed with a blood pressure test.",https://www.healthnz.govt.nz/health-topics/conditions-treatments/womens-health/living-well/high-blood-pressure-hypertension,/health-topics/conditions-treatments/womens-health/living-well/high-blood-pressure-hypertension,/health-topics/conditions-treatments/womens-health/living-well,4
"High cholesterol (hyperlipidaemia) Cholesterol is a type of fat called a lipid, which is mainly made in your liver. Your body needs it to function normally. High levels of cholesterol in your blood can lead to serious health problems over time.",https://www.healthnz.govt.nz/health-topics/conditions-treatments/womens-health/living-well/high-cholesterol,/health-topics/conditions-treatments/womens-health/living-well/high-cholesterol,/health-topics/conditions-treatments/womens-health/living-well,4
Menopause,https://www.healthnz.govt.nz/health-topics/conditions-treatments/womens-health/living-well/menopause,/health-topics/conditions-treatments/womens-health/living-well/menopause,/health-topics/conditions-treatments/womens-health/living-well,4
Bleeding after menopause,https://www.healthnz.govt.nz/health-topics/conditions-treatments/womens-health/living-well/menopause/bleeding-after-menopause,/health-topics/conditions-treatments/womens-health/living-well/menopause/bleeding-after-menopause,/health-topics/conditions-treatments/womens-health/living-well/menopause,5
Osteoporosis Osteoporosis is a condition that causes your bones to be thinner and weaker than normal. This means they can break (fracture) easily.,https://www.healthnz.govt.nz/health-topics/conditions-treatments/womens-health/living-well/osteoporosis,/health-topics/conditions-treatments/womens-health/living-well/osteoporosis,/health-topics/conditions-treatments/womens-health/living-well,4
Ovarian cancer Ovarian cancer includes tumours of the ovaries (where eggs form and oestrogen and progesterone are made) and tumours in the fallopian tubes and lining of the abdominal cavity.,https://www.healthnz.govt.nz/health-topics/conditions-treatments/womens-health/living-well/ovarian-cancer,/health-topics/conditions-treatments/womens-health/living-well/ovarian-cancer,/health-topics/conditions-treatments/womens-health/living-well,4
"Ovarian cysts Ovarian cysts are sacks that form in or on your ovary and are filled with fluid. They are quite common, especially younger women. They are not usually painful.",https://www.healthnz.govt.nz/health-topics/conditions-treatments/womens-health/living-well/ovarian-cysts,/health-topics/conditions-treatments/womens-health/living-well/ovarian-cysts,/health-topics/conditions-treatments/womens-health/living-well,4
"Pelvic floor exercises If your pelvic floor muscles are weak, you can have problems with wee or poo leakage and other issues. You can exercise your pelvic floor muscles to help reduce or avoid these problems.",https://www.healthnz.govt.nz/health-topics/conditions-treatments/womens-health/living-well/pelvic-floor-women,/health-topics/conditions-treatments/womens-health/living-well/pelvic-floor-women,/health-topics/conditions-treatments/womens-health/living-well,4
"Pelvic inflammatory disease An infection of the uterus (womb), fallopian tubes or ovaries.",https://www.healthnz.govt.nz/health-topics/conditions-treatments/womens-health/living-well/pelvic-inflammatory-disease,/health-topics/conditions-treatments/womens-health/living-well/pelvic-inflammatory-disease,/health-topics/conditions-treatments/womens-health/living-well,4
Pelvic organ prolapse A pelvic organ prolapse happens when the tissues and muscle that support your pelvic organs become weak. This can cause one of your organs to drop down and bulge into your vagina.,https://www.healthnz.govt.nz/health-topics/conditions-treatments/womens-health/living-well/pelvic-organ-prolapse,/health-topics/conditions-treatments/womens-health/living-well/pelvic-organ-prolapse,/health-topics/conditions-treatments/womens-health/living-well,4
"Pelvic pain Pelvic pain is a common problem for women. It may be sudden and short term, or it may be chronic and come and go over months or longer. There are many possible causes of pelvic pain.",https://www.healthnz.govt.nz/health-topics/conditions-treatments/womens-health/living-well/pelvic-pain,/health-topics/conditions-treatments/womens-health/living-well/pelvic-pain,/health-topics/conditions-treatments/womens-health/living-well,4
"Sexually transmitted infections (STIs) STIs are common and can affect anyone who is sexually active. Many STIs have no symptoms, so you may not know you have one. Understand different STIs, symptoms to look out for, when to get tested, and how to protect yourself and others.",https://www.healthnz.govt.nz/health-topics/conditions-treatments/womens-health/living-well/sexually-transmitted-infections,/health-topics/conditions-treatments/womens-health/living-well/sexually-transmitted-infections,/health-topics/conditions-treatments/womens-health/living-well,4
Stress urinary incontinence Stress urinary incontinence is a condition that causes your bladder to leak wee (urine). There are surgical and non-surgical options for treatment.,https://www.healthnz.govt.nz/health-topics/conditions-treatments/womens-health/living-well/stress-urinary-incontinence,/health-topics/conditions-treatments/womens-health/living-well/stress-urinary-incontinence,/health-topics/conditions-treatments/womens-health/living-well,4
"Colposuspension Colposuspension (also known as Burch colposuspension) is one surgical option for treating incontinence. It is an operation that lifts and supports the bladder neck and urethra to help stop wee (urine) leaking when you cough, laugh, or exercise.",https://www.healthnz.govt.nz/health-topics/conditions-treatments/womens-health/living-well/stress-urinary-incontinence/colposuspension,/health-topics/conditions-treatments/womens-health/living-well/stress-urinary-incontinence/colposuspension,/health-topics/conditions-treatments/womens-health/living-well/stress-urinary-incontinence,5
"Management Management of stress urinary incontinence, including non-surgical and surgical options.",https://www.healthnz.govt.nz/health-topics/conditions-treatments/womens-health/living-well/stress-urinary-incontinence/management-of-stress-urinary-incontinence,/health-topics/conditions-treatments/womens-health/living-well/stress-urinary-incontinence/management-of-stress-urinary-incontinence,/health-topics/conditions-treatments/womens-health/living-well/stress-urinary-incontinence,5
Mesh sling Mesh sling is a surgical option for treating incontinence. A piece of plastic (synthetic) mesh tape is placed behind the urethra to support it in a sling. The mesh stays in your body permanently.,https://www.healthnz.govt.nz/health-topics/conditions-treatments/womens-health/living-well/stress-urinary-incontinence/mesh-sling,/health-topics/conditions-treatments/womens-health/living-well/stress-urinary-incontinence/mesh-sling,/health-topics/conditions-treatments/womens-health/living-well/stress-urinary-incontinence,5
"Native tissue sling In native tissue sling surgery, a 'sling' of your own body tissue, taken from the abdomen or thigh, is made to support the urethra.",https://www.healthnz.govt.nz/health-topics/conditions-treatments/womens-health/living-well/stress-urinary-incontinence/native-tissue-sling,/health-topics/conditions-treatments/womens-health/living-well/stress-urinary-incontinence/native-tissue-sling,/health-topics/conditions-treatments/womens-health/living-well/stress-urinary-incontinence,5
"Urethral bulking agents Urethral bulking agents are one surgical option for treating incontinence. In this surgery, a water-based gel is injected into the walls of the urethra. The urethra is the tube that carries wee (urine) from the bladder to outside the body.",https://www.healthnz.govt.nz/health-topics/conditions-treatments/womens-health/living-well/stress-urinary-incontinence/urethral-bulking-agents,/health-topics/conditions-treatments/womens-health/living-well/stress-urinary-incontinence/urethral-bulking-agents,/health-topics/conditions-treatments/womens-health/living-well/stress-urinary-incontinence,5
Tubal ligation,https://www.healthnz.govt.nz/health-topics/conditions-treatments/womens-health/living-well/tubal-ligation,/health-topics/conditions-treatments/womens-health/living-well/tubal-ligation,/health-topics/conditions-treatments/womens-health/living-well,4
Vaginal dryness Dryness in your vagina is a common symptom that affects most women at some time. There are several possible causes for vaginal dryness. It can be improved with self care and treatment.,https://www.healthnz.govt.nz/health-topics/conditions-treatments/womens-health/living-well/vaginal-dryness,/health-topics/conditions-treatments/womens-health/living-well/vaginal-dryness,/health-topics/conditions-treatments/womens-health/living-well,4
Vaginal moisturisers and lubricants Vaginal moisturisers and lubricants can relieve symptoms of vaginal dryness. They have different uses and are safe to use long term. You can use vaginal moisturisers and lubricants together.,https://www.healthnz.govt.nz/health-topics/conditions-treatments/womens-health/living-well/vaginal-moisturisers-lubricants,/health-topics/conditions-treatments/womens-health/living-well/vaginal-moisturisers-lubricants,/health-topics/conditions-treatments/womens-health/living-well,4
"Vaginal thrush Vaginal thrush (candida) is a common yeast infection in your vagina. It can cause itching and discharge. While usually easily treated, in some people it can keep coming back.",https://www.healthnz.govt.nz/health-topics/conditions-treatments/womens-health/living-well/vaginal-thrush,/health-topics/conditions-treatments/womens-health/living-well/vaginal-thrush,/health-topics/conditions-treatments/womens-health/living-well,4
Vulval problems Your vulva is the area around the opening of your vagina. You may experience problems with your vulva which could be caused by a range of things.,https://www.healthnz.govt.nz/health-topics/conditions-treatments/womens-health/living-well/vulval-problems,/health-topics/conditions-treatments/womens-health/living-well/vulval-problems,/health-topics/conditions-treatments/womens-health/living-well,4
Make the most of your health appointment,https://www.healthnz.govt.nz/health-topics/conditions-treatments/womens-health/talking-with-your-healthcare-provider,/health-topics/conditions-treatments/womens-health/talking-with-your-healthcare-provider,/health-topics/conditions-treatments/womens-health,3
Immunisations,https://www.healthnz.govt.nz/health-topics/immunisations,/health-topics/immunisations,/health-topics,1
Pacific provider immunisation clinics,"https://www.healthnz.govt.nz/health-topics/immunisations/%5Bsitetree_link,id=3311%5D","/health-topics/immunisations/%5Bsitetree_link,id=3311%5D",/health-topics/immunisations,2
Benefits of immunisation,https://www.healthnz.govt.nz/health-topics/immunisations/benefits-immunisation,/health-topics/immunisations/benefits-immunisation,/health-topics/immunisations,2
Book a vaccine,https://www.healthnz.govt.nz/health-topics/immunisations/booking-a-vaccine,/health-topics/immunisations/booking-a-vaccine,/health-topics/immunisations,2
Privacy: Booking a vaccine,https://www.healthnz.govt.nz/health-topics/immunisations/booking-a-vaccine/privacy,/health-topics/immunisations/booking-a-vaccine/privacy,/health-topics/immunisations/booking-a-vaccine,3
Catching up on missed immunisations,https://www.healthnz.govt.nz/health-topics/immunisations/catching-up-on-missed-immunisations,/health-topics/immunisations/catching-up-on-missed-immunisations,/health-topics/immunisations,2
Every whānau finds their own path with immunisations.,https://www.healthnz.govt.nz/health-topics/immunisations/every-whanau-finds-their-own-path-with-immunisations,/health-topics/immunisations/every-whanau-finds-their-own-path-with-immunisations,/health-topics/immunisations,2
Get a copy of your immunisation record,https://www.healthnz.govt.nz/health-topics/immunisations/get-a-copy-of-your-immunisation-record,/health-topics/immunisations/get-a-copy-of-your-immunisation-record,/health-topics/immunisations,2
AIR privacy information,https://www.healthnz.govt.nz/health-topics/immunisations/get-a-copy-of-your-immunisation-record/aotearoa-immunisation-record-privacy-information,/health-topics/immunisations/get-a-copy-of-your-immunisation-record/aotearoa-immunisation-record-privacy-information,/health-topics/immunisations/get-a-copy-of-your-immunisation-record,3
How vaccines work Sometimes our immune systems need help to fight diseases. Vaccines train the immune system to produce antibodies that protect us from getting sick.,https://www.healthnz.govt.nz/health-topics/immunisations/how-vaccines-work,/health-topics/immunisations/how-vaccines-work,/health-topics/immunisations,2
Immunisation clinics Immunisation drop-in clinics are healthcare services that provide vaccines without the need for an appointment.,https://www.healthnz.govt.nz/health-topics/immunisations/immunisation-clinics,/health-topics/immunisations/immunisation-clinics,/health-topics/immunisations,2
Bay of Plenty immunisation clinics,https://www.healthnz.govt.nz/health-topics/immunisations/immunisation-clinics/bay-of-plenty-immunisation-clinics,/health-topics/immunisations/immunisation-clinics/bay-of-plenty-immunisation-clinics,/health-topics/immunisations/immunisation-clinics,3
Northland community immunisation clinic schedules,https://www.healthnz.govt.nz/health-topics/immunisations/immunisation-clinics/community-immunisation-clinics-northland,/health-topics/immunisations/immunisation-clinics/community-immunisation-clinics-northland,/health-topics/immunisations/immunisation-clinics,3
Otago and Southland community immunisation clinics,https://www.healthnz.govt.nz/health-topics/immunisations/immunisation-clinics/community-immunisation-clinics-otago-southland,/health-topics/immunisations/immunisation-clinics/community-immunisation-clinics-otago-southland,/health-topics/immunisations/immunisation-clinics,3
"Wellington, Hutt and Kāpiti immunisation clinics",https://www.healthnz.govt.nz/health-topics/immunisations/immunisation-clinics/drop-in-immunisation-clinics,/health-topics/immunisations/immunisation-clinics/drop-in-immunisation-clinics,/health-topics/immunisations/immunisation-clinics,3
Hawke's Bay immunisation clinics,https://www.healthnz.govt.nz/health-topics/immunisations/immunisation-clinics/hawkes-bay-immunisation-clinics,/health-topics/immunisations/immunisation-clinics/hawkes-bay-immunisation-clinics,/health-topics/immunisations/immunisation-clinics,3
Manawatū-Whanganui immunisation clinics,https://www.healthnz.govt.nz/health-topics/immunisations/immunisation-clinics/immunisation-clinics,/health-topics/immunisations/immunisation-clinics/immunisation-clinics,/health-topics/immunisations/immunisation-clinics,3
Wairarapa immunisation clinics,https://www.healthnz.govt.nz/health-topics/immunisations/immunisation-clinics/immunisation-clinics-2,/health-topics/immunisations/immunisation-clinics/immunisation-clinics-2,/health-topics/immunisations/immunisation-clinics,3
Nelson Marlborough community immunisation clinics,https://www.healthnz.govt.nz/health-topics/immunisations/immunisation-clinics/nelson-immunisation-clinics,/health-topics/immunisations/immunisation-clinics/nelson-immunisation-clinics,/health-topics/immunisations/immunisation-clinics,3
Rotorua and Taupō immunisation clinics,https://www.healthnz.govt.nz/health-topics/immunisations/immunisation-clinics/rotorua-and-taupo-immunisation-clinics,/health-topics/immunisations/immunisation-clinics/rotorua-and-taupo-immunisation-clinics,/health-topics/immunisations/immunisation-clinics,3
Tairāwhiti immunisation clinics,https://www.healthnz.govt.nz/health-topics/immunisations/immunisation-clinics/tairawhiti-immunisation-clinics,/health-topics/immunisations/immunisation-clinics/tairawhiti-immunisation-clinics,/health-topics/immunisations/immunisation-clinics,3
Taranaki immunisation clinics,https://www.healthnz.govt.nz/health-topics/immunisations/immunisation-clinics/taranaki-immunisation-clinics,/health-topics/immunisations/immunisation-clinics/taranaki-immunisation-clinics,/health-topics/immunisations/immunisation-clinics,3
Waikato immunisation clinics,https://www.healthnz.govt.nz/health-topics/immunisations/immunisation-clinics/waikato-immunisation-clinics,/health-topics/immunisations/immunisation-clinics/waikato-immunisation-clinics,/health-topics/immunisations/immunisation-clinics,3
"Immunising your whānau Your doctor, nurse, or healthcare provider will be able to tell you which immunisations your whānau are eligible for.",https://www.healthnz.govt.nz/health-topics/immunisations/immunising-your-whanau,/health-topics/immunisations/immunising-your-whanau,/health-topics/immunisations,2
National Immunisation Schedule,https://www.healthnz.govt.nz/health-topics/immunisations/national-immunisation-schedule,/health-topics/immunisations/national-immunisation-schedule,/health-topics/immunisations,2
Preparing for a vaccination appointment Some tips to help you prepare for an immunisation appointment.,https://www.healthnz.govt.nz/health-topics/immunisations/preparing-vaccination-appointment,/health-topics/immunisations/preparing-vaccination-appointment,/health-topics/immunisations,2
Understanding immunisations can take time,https://www.healthnz.govt.nz/health-topics/immunisations/understanding-immunisations-can-take-time,/health-topics/immunisations/understanding-immunisations-can-take-time,/health-topics/immunisations,2
"Vaccine side effects, reactions and safety",https://www.healthnz.govt.nz/health-topics/immunisations/vaccine-side-effects-reactions-and-safety,/health-topics/immunisations/vaccine-side-effects-reactions-and-safety,/health-topics/immunisations,2
Vaccines given in Aotearoa,https://www.healthnz.govt.nz/health-topics/immunisations/vaccines-aotearoa,/health-topics/immunisations/vaccines-aotearoa,/health-topics/immunisations,2
Chickenpox,https://www.healthnz.govt.nz/health-topics/immunisations/vaccines-aotearoa/chickenpox-varicella-vaccine,/health-topics/immunisations/vaccines-aotearoa/chickenpox-varicella-vaccine,/health-topics/immunisations/vaccines-aotearoa,3
COVID-19 vaccines,https://www.healthnz.govt.nz/health-topics/immunisations/vaccines-aotearoa/covid-19-vaccines,/health-topics/immunisations/vaccines-aotearoa/covid-19-vaccines,/health-topics/immunisations/vaccines-aotearoa,3
COVID-19 vaccine side effects and reactions Find out about possible COVID-19 vaccine side effects and what to do if you experience them.,https://www.healthnz.govt.nz/health-topics/immunisations/vaccines-aotearoa/covid-19-vaccines/covid-19-vaccine-side-effects-and-reactions,/health-topics/immunisations/vaccines-aotearoa/covid-19-vaccines/covid-19-vaccine-side-effects-and-reactions,/health-topics/immunisations/vaccines-aotearoa/covid-19-vaccines,4
COVID-19 vaccines in Aotearoa Learn about the COVID-19 Pfizer vaccine approved for use in Aotearoa New Zealand.,https://www.healthnz.govt.nz/health-topics/immunisations/vaccines-aotearoa/covid-19-vaccines/covid-19-vaccines-aotearoa,/health-topics/immunisations/vaccines-aotearoa/covid-19-vaccines/covid-19-vaccines-aotearoa,/health-topics/immunisations/vaccines-aotearoa/covid-19-vaccines,4
Getting COVID-19 vaccines The COVID-19 vaccine is free for everyone aged 5 and over in Aotearoa New Zealand. It is also free for some children under 5 with certain medical conditions. Ongoing free additional COVID-19 vaccines are available for people aged 30 and over who are eligible for healthcare in New Zealand. People at higher risk of severe illness benefit most from additional doses. Talk to your healthcare provider to see if this is recommended for you.,https://www.healthnz.govt.nz/health-topics/immunisations/vaccines-aotearoa/covid-19-vaccines/getting-covid-19-vaccines,/health-topics/immunisations/vaccines-aotearoa/covid-19-vaccines/getting-covid-19-vaccines,/health-topics/immunisations/vaccines-aotearoa/covid-19-vaccines,4
Proof of COVID-19 vaccination You no longer need an International Travel COVID-19 Vaccination Certificate for travelling overseas.,https://www.healthnz.govt.nz/health-topics/immunisations/vaccines-aotearoa/covid-19-vaccines/proof-of-covid-19-vaccination,/health-topics/immunisations/vaccines-aotearoa/covid-19-vaccines/proof-of-covid-19-vaccination,/health-topics/immunisations/vaccines-aotearoa/covid-19-vaccines,4
"Diphtheria, tetanus, whooping cough and polio",https://www.healthnz.govt.nz/health-topics/immunisations/vaccines-aotearoa/diphtheria-tetanus-whooping-cough-and-polio-vaccine,/health-topics/immunisations/vaccines-aotearoa/diphtheria-tetanus-whooping-cough-and-polio-vaccine,/health-topics/immunisations/vaccines-aotearoa,3
"Diphtheria, tetanus, whooping cough, polio, hep B and Hib",https://www.healthnz.govt.nz/health-topics/immunisations/vaccines-aotearoa/diptheria-tetanus-whooping-cough-polio-hep-b-and-hib,/health-topics/immunisations/vaccines-aotearoa/diptheria-tetanus-whooping-cough-polio-hep-b-and-hib,/health-topics/immunisations/vaccines-aotearoa,3
Flu vaccine,https://www.healthnz.govt.nz/health-topics/immunisations/vaccines-aotearoa/flu-vaccine,/health-topics/immunisations/vaccines-aotearoa/flu-vaccine,/health-topics/immunisations/vaccines-aotearoa,3
Hib,https://www.healthnz.govt.nz/health-topics/immunisations/vaccines-aotearoa/haemophilus-influenzae-tybe-b-hib-vaccine,/health-topics/immunisations/vaccines-aotearoa/haemophilus-influenzae-tybe-b-hib-vaccine,/health-topics/immunisations/vaccines-aotearoa,3
Hepatitis B vaccines Hepatitis B vaccines are given to all tamariki. Some high-risk groups and travellers to some areas also need the vaccine.,https://www.healthnz.govt.nz/health-topics/immunisations/vaccines-aotearoa/hep-b-vaccines,/health-topics/immunisations/vaccines-aotearoa/hep-b-vaccines,/health-topics/immunisations/vaccines-aotearoa,3
"Hepatitis A vaccine If you are planning to travel, check whether hep A immunisation is advised. Immunisation may also be recommended for certain tamariki at high risk.",https://www.healthnz.govt.nz/health-topics/immunisations/vaccines-aotearoa/hepatitis-a-hep-a-vaccine,/health-topics/immunisations/vaccines-aotearoa/hepatitis-a-hep-a-vaccine,/health-topics/immunisations/vaccines-aotearoa,3
HPV,https://www.healthnz.govt.nz/health-topics/immunisations/vaccines-aotearoa/hpv-human-papillomavirus-vaccine,/health-topics/immunisations/vaccines-aotearoa/hpv-human-papillomavirus-vaccine,/health-topics/immunisations/vaccines-aotearoa,3
"Measles, mumps and rubella",https://www.healthnz.govt.nz/health-topics/immunisations/vaccines-aotearoa/measles-mumps-and-rubella-mmr-vaccine,/health-topics/immunisations/vaccines-aotearoa/measles-mumps-and-rubella-mmr-vaccine,/health-topics/immunisations/vaccines-aotearoa,3
Making measles immunisation records easier to access,https://www.healthnz.govt.nz/health-topics/immunisations/vaccines-aotearoa/measles-mumps-and-rubella-mmr-vaccine/making-measles-immunisation-records-easier-to-access,/health-topics/immunisations/vaccines-aotearoa/measles-mumps-and-rubella-mmr-vaccine/making-measles-immunisation-records-easier-to-access,/health-topics/immunisations/vaccines-aotearoa/measles-mumps-and-rubella-mmr-vaccine,4
Meningococcal vaccines,https://www.healthnz.govt.nz/health-topics/immunisations/vaccines-aotearoa/meningococcal-vaccine,/health-topics/immunisations/vaccines-aotearoa/meningococcal-vaccine,/health-topics/immunisations/vaccines-aotearoa,3
Mpox vaccine A vaccine is available to people who are eligible in Aotearoa New Zealand to help prevent mpox and to reduce complications in those who develop the illness.,https://www.healthnz.govt.nz/health-topics/immunisations/vaccines-aotearoa/mpox-vaccine,/health-topics/immunisations/vaccines-aotearoa/mpox-vaccine,/health-topics/immunisations/vaccines-aotearoa,3
Pneumococcal,https://www.healthnz.govt.nz/health-topics/immunisations/vaccines-aotearoa/pneumococcal-vaccine,/health-topics/immunisations/vaccines-aotearoa/pneumococcal-vaccine,/health-topics/immunisations/vaccines-aotearoa,3
Rotavirus,https://www.healthnz.govt.nz/health-topics/immunisations/vaccines-aotearoa/rotavirus-vaccine,/health-topics/immunisations/vaccines-aotearoa/rotavirus-vaccine,/health-topics/immunisations/vaccines-aotearoa,3
Shingles vaccine,https://www.healthnz.govt.nz/health-topics/immunisations/vaccines-aotearoa/shingles-vaccine,/health-topics/immunisations/vaccines-aotearoa/shingles-vaccine,/health-topics/immunisations/vaccines-aotearoa,3
"Tetanus, diphtheria, whooping cough",https://www.healthnz.govt.nz/health-topics/immunisations/vaccines-aotearoa/tetanus-diptheria-and-whooping-cough-vaccine-boostrix,/health-topics/immunisations/vaccines-aotearoa/tetanus-diptheria-and-whooping-cough-vaccine-boostrix,/health-topics/immunisations/vaccines-aotearoa,3
Tuberculosis (BCG) vaccine The BCG vaccine is free for tamariki under 5 years of age who have a higher risk of catching tuberculosis.,https://www.healthnz.govt.nz/health-topics/immunisations/vaccines-aotearoa/tuberculosis-bcg-vaccine,/health-topics/immunisations/vaccines-aotearoa/tuberculosis-bcg-vaccine,/health-topics/immunisations/vaccines-aotearoa,3
BCG vaccine clinics in Auckland,https://www.healthnz.govt.nz/health-topics/immunisations/vaccines-aotearoa/tuberculosis-bcg-vaccine/bcg-vaccine-clinics-in-auckland,/health-topics/immunisations/vaccines-aotearoa/tuberculosis-bcg-vaccine/bcg-vaccine-clinics-in-auckland,/health-topics/immunisations/vaccines-aotearoa/tuberculosis-bcg-vaccine,4
Whooping cough vaccine,https://www.healthnz.govt.nz/health-topics/immunisations/vaccines-aotearoa/whooping-cough-pertussis-vaccine,/health-topics/immunisations/vaccines-aotearoa/whooping-cough-pertussis-vaccine,/health-topics/immunisations/vaccines-aotearoa,3
Yellow fever vaccine Immunisation is the most important and effective measure against yellow fever.,https://www.healthnz.govt.nz/health-topics/immunisations/vaccines-aotearoa/yellow-fever-vaccine,/health-topics/immunisations/vaccines-aotearoa/yellow-fever-vaccine,/health-topics/immunisations/vaccines-aotearoa,3
Authorised yellow fever vaccination centres,https://www.healthnz.govt.nz/health-topics/immunisations/vaccines-aotearoa/yellow-fever-vaccine/authorised-yellow-fever-vaccination-centres,/health-topics/immunisations/vaccines-aotearoa/yellow-fever-vaccine/authorised-yellow-fever-vaccination-centres,/health-topics/immunisations/vaccines-aotearoa/yellow-fever-vaccine,4
When to immunise,https://www.healthnz.govt.nz/health-topics/immunisations/when-to-immunise,/health-topics/immunisations/when-to-immunise,/health-topics/immunisations,2
"Adult immunisations Keep up to date with flu, COVID-19, whooping cough, tetanus and meningococcal vaccines. Check you are fully protected against measles. Shingles immunisation is free for 12 months after your 65th birthday.",https://www.healthnz.govt.nz/health-topics/immunisations/when-to-immunise/adult-immunisations,/health-topics/immunisations/when-to-immunise/adult-immunisations,/health-topics/immunisations/when-to-immunise,3
"Babies and toddlers Free immunisations for your pēpi are due at 6 weeks, 3 months, 5 months, 12 months, and 15 months.",https://www.healthnz.govt.nz/health-topics/immunisations/when-to-immunise/babies-and-toddlers,/health-topics/immunisations/when-to-immunise/babies-and-toddlers,/health-topics/immunisations/when-to-immunise,3
Extra immunisations for tamariki and adults,https://www.healthnz.govt.nz/health-topics/immunisations/when-to-immunise/extra-immunisations-for-children-and-adults,/health-topics/immunisations/when-to-immunise/extra-immunisations-for-children-and-adults,/health-topics/immunisations/when-to-immunise,3
"Create a child’s personalised immunisation schedule Based on the National Immunisation Schedule, this handy tool shows what immunisations your child needs from 6 weeks to 13 years, and the dates due.",https://www.healthnz.govt.nz/health-topics/immunisations/when-to-immunise/immunisation-schedule,/health-topics/immunisations/when-to-immunise/immunisation-schedule,/health-topics/immunisations/when-to-immunise,3
Pregnancy and immunisations,https://www.healthnz.govt.nz/health-topics/immunisations/when-to-immunise/pregnancy-and-immunisations,/health-topics/immunisations/when-to-immunise/pregnancy-and-immunisations,/health-topics/immunisations/when-to-immunise,3
"Preschoolers Free diphtheria, tetanus, whooping cough and polio booster vaccine, meningococcal B and flu vaccines. From 5 years old tamariki can get COVID-19 immunisations.",https://www.healthnz.govt.nz/health-topics/immunisations/when-to-immunise/preschoolers,/health-topics/immunisations/when-to-immunise/preschoolers,/health-topics/immunisations/when-to-immunise,3
"Rangatahi (teenagers and young adults) Rangatahi should be up to date with measles, HPV, and meningococcal vaccines.",https://www.healthnz.govt.nz/health-topics/immunisations/when-to-immunise/rangatahi-teenagers,/health-topics/immunisations/when-to-immunise/rangatahi-teenagers,/health-topics/immunisations/when-to-immunise,3
Immunisations for school-aged children,https://www.healthnz.govt.nz/health-topics/immunisations/when-to-immunise/school-aged-children,/health-topics/immunisations/when-to-immunise/school-aged-children,/health-topics/immunisations/when-to-immunise,3
"Whānau immunisations All members of a whānau (family) being fully vaccinated creates a bubble of protection around pēpi (baby), tamariki, kaumātua (older people), and other higher risk whānau.",https://www.healthnz.govt.nz/health-topics/immunisations/when-to-immunise/whanau-immunisations,/health-topics/immunisations/when-to-immunise/whanau-immunisations,/health-topics/immunisations/when-to-immunise,3
Keeping well,https://www.healthnz.govt.nz/health-topics/keeping-healthy,/health-topics/keeping-healthy,/health-topics,1
Physical activity,https://www.healthnz.govt.nz/health-topics/keeping-healthy/being-physically-active,/health-topics/keeping-healthy/being-physically-active,/health-topics/keeping-healthy,2
Mobility Action Programme for hip or knee osteoarthritis,"https://www.healthnz.govt.nz/health-topics/keeping-healthy/being-physically-active/%5Bsitetree_link,id=2148%5D","/health-topics/keeping-healthy/being-physically-active/%5Bsitetree_link,id=2148%5D",/health-topics/keeping-healthy/being-physically-active,3
"Staying active when you are older Staying active is important when you are getting older especially if you have health conditions. Just 30 minutes of regular physical activity a day can improve your health, wellbeing, and make it easier to do daily tasks.",https://www.healthnz.govt.nz/health-topics/keeping-healthy/being-physically-active/active-older-people,/health-topics/keeping-healthy/being-physically-active/active-older-people,/health-topics/keeping-healthy/being-physically-active,3
Driving for older people Getting around can become an issue as you get older and your health changes. There are extra requirements for older drivers who want to continue to drive. There are also options if you can no longer drive yourself.,https://www.healthnz.govt.nz/health-topics/keeping-healthy/being-physically-active/driving-for-older-people,/health-topics/keeping-healthy/being-physically-active/driving-for-older-people,/health-topics/keeping-healthy/being-physically-active,3
"Goal setting after illness when you are older After you have been unwell or spent time in hospital, it can be helpful to set goals for your rehabilitation at home.",https://www.healthnz.govt.nz/health-topics/keeping-healthy/being-physically-active/goal-setting-after-illness,/health-topics/keeping-healthy/being-physically-active/goal-setting-after-illness,/health-topics/keeping-healthy/being-physically-active,3
How to start getting active Keeping active is one of the best things you can do for your health. It can become an enjoyable part of your everyday life and may be easier than you think.,https://www.healthnz.govt.nz/health-topics/keeping-healthy/being-physically-active/how-to-start-getting-active,/health-topics/keeping-healthy/being-physically-active/how-to-start-getting-active,/health-topics/keeping-healthy/being-physically-active,3
Being physically active How active we are plays an important part in our overall health and wellbeing. Find out how being physically active benefits our health.,https://www.healthnz.govt.nz/health-topics/keeping-healthy/being-physically-active/physical-activity,/health-topics/keeping-healthy/being-physically-active/physical-activity,/health-topics/keeping-healthy/being-physically-active,3
Brain health for adults,https://www.healthnz.govt.nz/health-topics/keeping-healthy/brain-health-for-adults,/health-topics/keeping-healthy/brain-health-for-adults,/health-topics/keeping-healthy,2
Cancer screening,https://www.healthnz.govt.nz/health-topics/keeping-healthy/cancer-screening,/health-topics/keeping-healthy/cancer-screening,/health-topics/keeping-healthy,2
Bowel screening,https://www.healthnz.govt.nz/health-topics/keeping-healthy/cancer-screening/bowel-screening,/health-topics/keeping-healthy/cancer-screening/bowel-screening,/health-topics/keeping-healthy/cancer-screening,3
"Bowel cancer Bowel cancer develops when abnormal cells in the colon or rectum grow in an uncontrolled way. The cells can form small growths called polyps, which can turn into cancer over time. Aotearoa New Zealand has one of the highest rates of bowel cancer in the world.",https://www.healthnz.govt.nz/health-topics/keeping-healthy/cancer-screening/bowel-screening/bowel-cancer,/health-topics/keeping-healthy/cancer-screening/bowel-screening/bowel-cancer,/health-topics/keeping-healthy/cancer-screening/bowel-screening,4
Bowel screening privacy and complaints Your information will be kept secure and will only be used for purposes related to the screening programme.,https://www.healthnz.govt.nz/health-topics/keeping-healthy/cancer-screening/bowel-screening/bowel-screening-privacy,/health-topics/keeping-healthy/cancer-screening/bowel-screening/bowel-screening-privacy,/health-topics/keeping-healthy/cancer-screening/bowel-screening,4
Bowel screening programme The National Bowel Screening Programme is a free programme to help detect bowel cancer. It is offered every 2 years to help find bowel cancer at an early stage.,https://www.healthnz.govt.nz/health-topics/keeping-healthy/cancer-screening/bowel-screening/bowel-screening-programme,/health-topics/keeping-healthy/cancer-screening/bowel-screening/bowel-screening-programme,/health-topics/keeping-healthy/cancer-screening/bowel-screening,4
Check if you're eligible for bowel screening Check here to see who can take part in the free bowel screening programme,https://www.healthnz.govt.nz/health-topics/keeping-healthy/cancer-screening/bowel-screening/check-if-youre-eligible,/health-topics/keeping-healthy/cancer-screening/bowel-screening/check-if-youre-eligible,/health-topics/keeping-healthy/cancer-screening/bowel-screening,4
"Colonoscopy During a colonoscopy, a specially trained doctor or nurse looks directly at the lining of your large bowel (colon), using a very small camera. A sample (biopsy) can be taken from your bowel and small polyps can be removed during the procedure.",https://www.healthnz.govt.nz/health-topics/keeping-healthy/cancer-screening/bowel-screening/colonoscopy,/health-topics/keeping-healthy/cancer-screening/bowel-screening/colonoscopy,/health-topics/keeping-healthy/cancer-screening/bowel-screening,4
"Doing the bowel screening test Find out about the bowel screening test, how you can do it at home and the next steps once you have received your results.",https://www.healthnz.govt.nz/health-topics/keeping-healthy/cancer-screening/bowel-screening/doing-the-test,/health-topics/keeping-healthy/cancer-screening/bowel-screening/doing-the-test,/health-topics/keeping-healthy/cancer-screening/bowel-screening,4
Breast screening 45 to 69 year olds Regular breast screening with a mammogram saves lives by finding breast cancer early.,https://www.healthnz.govt.nz/health-topics/keeping-healthy/cancer-screening/breast-screening,/health-topics/keeping-healthy/cancer-screening/breast-screening,/health-topics/keeping-healthy/cancer-screening,3
About breast screening,https://www.healthnz.govt.nz/health-topics/keeping-healthy/cancer-screening/breast-screening/about-breast-screening,/health-topics/keeping-healthy/cancer-screening/breast-screening/about-breast-screening,/health-topics/keeping-healthy/cancer-screening/breast-screening,4
Breast cancer,https://www.healthnz.govt.nz/health-topics/keeping-healthy/cancer-screening/breast-screening/breast-cancer,/health-topics/keeping-healthy/cancer-screening/breast-screening/breast-cancer,/health-topics/keeping-healthy/cancer-screening/breast-screening,4
Screening locations,https://www.healthnz.govt.nz/health-topics/keeping-healthy/cancer-screening/breast-screening/breast-screening-clinic-locations,/health-topics/keeping-healthy/cancer-screening/breast-screening/breast-screening-clinic-locations,/health-topics/keeping-healthy/cancer-screening/breast-screening,4
Women aged 70 and over,https://www.healthnz.govt.nz/health-topics/keeping-healthy/cancer-screening/breast-screening/breast-screening-information-for-women-aged-70-and-over,/health-topics/keeping-healthy/cancer-screening/breast-screening/breast-screening-information-for-women-aged-70-and-over,/health-topics/keeping-healthy/cancer-screening/breast-screening,4
Having a mammogram,https://www.healthnz.govt.nz/health-topics/keeping-healthy/cancer-screening/breast-screening/having-your-mammogram,/health-topics/keeping-healthy/cancer-screening/breast-screening/having-your-mammogram,/health-topics/keeping-healthy/cancer-screening/breast-screening,4
Te Puna,https://www.healthnz.govt.nz/health-topics/keeping-healthy/cancer-screening/breast-screening/national-breast-screening-system-te-puna,/health-topics/keeping-healthy/cancer-screening/breast-screening/national-breast-screening-system-te-puna,/health-topics/keeping-healthy/cancer-screening/breast-screening,4
Privacy: BreastScreen Aotearoa,https://www.healthnz.govt.nz/health-topics/keeping-healthy/cancer-screening/breast-screening/privacy-statement-breastscreen-aotearoa,/health-topics/keeping-healthy/cancer-screening/breast-screening/privacy-statement-breastscreen-aotearoa,/health-topics/keeping-healthy/cancer-screening/breast-screening,4
Screening Support Services,https://www.healthnz.govt.nz/health-topics/keeping-healthy/cancer-screening/breast-screening/screening-support-services-in-aotearoa-new-zealand,/health-topics/keeping-healthy/cancer-screening/breast-screening/screening-support-services-in-aotearoa-new-zealand,/health-topics/keeping-healthy/cancer-screening/breast-screening,4
Sign up for free breast screening,https://www.healthnz.govt.nz/health-topics/keeping-healthy/cancer-screening/breast-screening/sign-up-for-your-two-yearly-mammogram,/health-topics/keeping-healthy/cancer-screening/breast-screening/sign-up-for-your-two-yearly-mammogram,/health-topics/keeping-healthy/cancer-screening/breast-screening,4
Cervical screening 25 to 69 year olds If you are between ages 25 and 69 find out about getting cervical screening in Aotearoa New Zealand.,https://www.healthnz.govt.nz/health-topics/keeping-healthy/cancer-screening/cervical-screening,/health-topics/keeping-healthy/cancer-screening/cervical-screening,/health-topics/keeping-healthy/cancer-screening,3
Cervical screening: Data and privacy,https://www.healthnz.govt.nz/health-topics/keeping-healthy/cancer-screening/cervical-screening/cervical-screening-data-and-privacy,/health-topics/keeping-healthy/cancer-screening/cervical-screening/cervical-screening-data-and-privacy,/health-topics/keeping-healthy/cancer-screening/cervical-screening,4
Cervical screening options,https://www.healthnz.govt.nz/health-topics/keeping-healthy/cancer-screening/cervical-screening/cervical-screening-options,/health-topics/keeping-healthy/cancer-screening/cervical-screening/cervical-screening-options,/health-topics/keeping-healthy/cancer-screening/cervical-screening,4
Colposcopy,https://www.healthnz.govt.nz/health-topics/keeping-healthy/cancer-screening/cervical-screening/colposcopy,/health-topics/keeping-healthy/cancer-screening/cervical-screening/colposcopy,/health-topics/keeping-healthy/cancer-screening/cervical-screening,4
Doing a vaginal swab,https://www.healthnz.govt.nz/health-topics/keeping-healthy/cancer-screening/cervical-screening/doing-a-vaginal-swab-self-test,/health-topics/keeping-healthy/cancer-screening/cervical-screening/doing-a-vaginal-swab-self-test,/health-topics/keeping-healthy/cancer-screening/cervical-screening,4
Cervical screening — eligibility and costs,https://www.healthnz.govt.nz/health-topics/keeping-healthy/cancer-screening/cervical-screening/eligibility-for-cervical-screening,/health-topics/keeping-healthy/cancer-screening/cervical-screening/eligibility-for-cervical-screening,/health-topics/keeping-healthy/cancer-screening/cervical-screening,4
Cervical sample,https://www.healthnz.govt.nz/health-topics/keeping-healthy/cancer-screening/cervical-screening/having-a-cervical-sample-taken,/health-topics/keeping-healthy/cancer-screening/cervical-screening/having-a-cervical-sample-taken,/health-topics/keeping-healthy/cancer-screening/cervical-screening,4
HPV and cervical cancer,https://www.healthnz.govt.nz/health-topics/keeping-healthy/cancer-screening/cervical-screening/hpv-and-cervical-cancer,/health-topics/keeping-healthy/cancer-screening/cervical-screening/hpv-and-cervical-cancer,/health-topics/keeping-healthy/cancer-screening/cervical-screening,4
Results of your HPV test,https://www.healthnz.govt.nz/health-topics/keeping-healthy/cancer-screening/cervical-screening/results-of-your-hpv-test,/health-topics/keeping-healthy/cancer-screening/cervical-screening/results-of-your-hpv-test,/health-topics/keeping-healthy/cancer-screening/cervical-screening,4
Treatment,https://www.healthnz.govt.nz/health-topics/keeping-healthy/cancer-screening/cervical-screening/treatment-for-abnormal-cells,/health-topics/keeping-healthy/cancer-screening/cervical-screening/treatment-for-abnormal-cells,/health-topics/keeping-healthy/cancer-screening/cervical-screening,4
Where to go for cervical screening,https://www.healthnz.govt.nz/health-topics/keeping-healthy/cancer-screening/cervical-screening/where-to-go-for-cervical-screening,/health-topics/keeping-healthy/cancer-screening/cervical-screening/where-to-go-for-cervical-screening,/health-topics/keeping-healthy/cancer-screening/cervical-screening,4
"Screening Support Services If you are eligible, you can access extra support to arrange or attend appointments, including from Māori or Pacific providers in some areas.",https://www.healthnz.govt.nz/health-topics/keeping-healthy/cancer-screening/screening-support-services-in-aotearoa-new-zealand,/health-topics/keeping-healthy/cancer-screening/screening-support-services-in-aotearoa-new-zealand,/health-topics/keeping-healthy/cancer-screening,3
Eating well,https://www.healthnz.govt.nz/health-topics/keeping-healthy/eating-well,/health-topics/keeping-healthy/eating-well,/health-topics/keeping-healthy,2
Oral nutrition supplements,"https://www.healthnz.govt.nz/health-topics/keeping-healthy/eating-well/%5Bsitetree_link,id=2653%5D","/health-topics/keeping-healthy/eating-well/%5Bsitetree_link,id=2653%5D",/health-topics/keeping-healthy/eating-well,3
"Caffeine Caffeine occurs naturally in foods such as coffee, tea and cocoa and has a long history of use as a mild stimulant. In small doses, it can make you feel more alert, awake, clear-minded and able to concentrate. In large doses, it can make you feel anxious, affect your heart rate and cause runny poos (diarrhoea) and difficulty sleeping.",https://www.healthnz.govt.nz/health-topics/keeping-healthy/eating-well/caffeine,/health-topics/keeping-healthy/eating-well/caffeine,/health-topics/keeping-healthy/eating-well,3
Carbohydrates Carbohydrates (carbs) are your body's main source of fuel. You need them to keep your energy levels up and keep your brain alert. It is important to have some carbohydrates with each meal.,https://www.healthnz.govt.nz/health-topics/keeping-healthy/eating-well/carbohydrates,/health-topics/keeping-healthy/eating-well/carbohydrates,/health-topics/keeping-healthy/eating-well,3
"Eating and drinking when you are unwell If you are unwell with an infection, it is important to drink plenty of fluids and eat well. This helps your body fight the infection and recover faster. Read the following tips about staying hydrated and eating well.",https://www.healthnz.govt.nz/health-topics/keeping-healthy/eating-well/eating-and-drinking-when-you-are-unwell,/health-topics/keeping-healthy/eating-well/eating-and-drinking-when-you-are-unwell,/health-topics/keeping-healthy/eating-well,3
Eating well for healthy bones Eating well can help you build strong bones from an early age and keep them strong throughout your life. Find out how you can best support good bone health.,https://www.healthnz.govt.nz/health-topics/keeping-healthy/eating-well/eating-well-for-healthy-bones,/health-topics/keeping-healthy/eating-well/eating-well-for-healthy-bones,/health-topics/keeping-healthy/eating-well,3
"Eating well for mood and wellbeing What you eat affects your physical health, but it also affects your mental health. Eating some foods can improve your mood and wellbeing. Other foods can have a negative impact on how you feel.",https://www.healthnz.govt.nz/health-topics/keeping-healthy/eating-well/eating-well-for-mood-and-wellbeing,/health-topics/keeping-healthy/eating-well/eating-well-for-mood-and-wellbeing,/health-topics/keeping-healthy/eating-well,3
Eating well for good health,https://www.healthnz.govt.nz/health-topics/keeping-healthy/eating-well/eating-well-good-health,/health-topics/keeping-healthy/eating-well/eating-well-good-health,/health-topics/keeping-healthy/eating-well,3
Eating well for older people It is important you eat well as you get older. This ensures you are getting the nutrients you need and that you maintain a healthy weight.,https://www.healthnz.govt.nz/health-topics/keeping-healthy/eating-well/eating-well-older-people,/health-topics/keeping-healthy/eating-well/eating-well-older-people,/health-topics/keeping-healthy/eating-well,3
Eating well to prevent vitamin B12 deficiency It is important to get enough Vitamin B12 in your diet to help keep your body's nerve and blood cells healthy.,https://www.healthnz.govt.nz/health-topics/keeping-healthy/eating-well/eating-well-to-prevent-vitamin-b12-deficiency,/health-topics/keeping-healthy/eating-well/eating-well-to-prevent-vitamin-b12-deficiency,/health-topics/keeping-healthy/eating-well,3
"Fats Our bodies need fat, just as they need protein and carbohydrates. This page explains the difference between healthy fats and unhealthy fats, and suggests ways to help you choose healthier options.",https://www.healthnz.govt.nz/health-topics/keeping-healthy/eating-well/fats,/health-topics/keeping-healthy/eating-well/fats,/health-topics/keeping-healthy/eating-well,3
Fibre and fluid for healthy bowels Fibre and fluids keep your bowels regular and healthy and help prevent constipation. Find out how to get more fibre into your diet.,https://www.healthnz.govt.nz/health-topics/keeping-healthy/eating-well/fibre-fluid-healthy-bowels,/health-topics/keeping-healthy/eating-well/fibre-fluid-healthy-bowels,/health-topics/keeping-healthy/eating-well,3
"Food intolerance Many people think they are allergic to a food when, in fact, they have an intolerance to the food. A food intolerance is an unpleasant reaction to a food, but the reaction does not involve your immune system.",https://www.healthnz.govt.nz/health-topics/keeping-healthy/eating-well/food-intolerance,/health-topics/keeping-healthy/eating-well/food-intolerance,/health-topics/keeping-healthy/eating-well,3
"Drinking enough fluids Your body is about 60% water. It needs water for digesting and absorbing food, removing waste and controlling your internal temperature. When you feel thirsty, you are already dehydrated. This page contains tips to help you stay hydrated.",https://www.healthnz.govt.nz/health-topics/keeping-healthy/eating-well/getting-enough-to-drink,/health-topics/keeping-healthy/eating-well/getting-enough-to-drink,/health-topics/keeping-healthy/eating-well,3
Healthy ways to lose weight,https://www.healthnz.govt.nz/health-topics/keeping-healthy/eating-well/healthy-ways-to-lose-weight,/health-topics/keeping-healthy/eating-well/healthy-ways-to-lose-weight,/health-topics/keeping-healthy/eating-well,3
"Healthy weight BMI calculator Working out your body mass index (BMI) is one way to find out if you are a healthy weight. For your tamariki, it is a way to find out if they are a healthy weight for their height and age. BMI is unable to measure how healthy you or your tamariki are.",https://www.healthnz.govt.nz/health-topics/keeping-healthy/eating-well/healthy-weight-bmi-calculator,/health-topics/keeping-healthy/eating-well/healthy-weight-bmi-calculator,/health-topics/keeping-healthy/eating-well,3
"Sugar A little sugar is okay, but many of us are have much more than we need. On average, adults in Aotearoa New Zealand have twice the recommended amount each day. This page explains how to reduce your sugar intake.",https://www.healthnz.govt.nz/health-topics/keeping-healthy/eating-well/how-to-cut-down-on-sugar,/health-topics/keeping-healthy/eating-well/how-to-cut-down-on-sugar,/health-topics/keeping-healthy/eating-well,3
"How to overcome a poor appetite If you are recovering from illness, have just left hospital or have lost your appetite, there may be days when you do not feel like eating. The tips on this page may help you to eat more.",https://www.healthnz.govt.nz/health-topics/keeping-healthy/eating-well/how-to-overcome-a-poor-appetite,/health-topics/keeping-healthy/eating-well/how-to-overcome-a-poor-appetite,/health-topics/keeping-healthy/eating-well,3
"How to read food labels If you buy packaged foods, learning how to read and understand food labels can help you make healthier choices. Follow these tips when you are shopping to choose which brand or variety to buy.",https://www.healthnz.govt.nz/health-topics/keeping-healthy/eating-well/how-to-read-food-labels,/health-topics/keeping-healthy/eating-well/how-to-read-food-labels,/health-topics/keeping-healthy/eating-well,3
Salt A small amount of salt is important for good health because the sodium it contains controls many of your bodily functions. But too much salt is bad for you. This page has tips to help you reduce your salt intake.,https://www.healthnz.govt.nz/health-topics/keeping-healthy/eating-well/how-to-reduce-salt-in-diet,/health-topics/keeping-healthy/eating-well/how-to-reduce-salt-in-diet,/health-topics/keeping-healthy/eating-well,3
"Low-fibre diet Fibre is the part of vegetables, fruit and grains that you do not digest. A low-fibre diet is made up of low-fibre foods that you can easily digest and absorb. This means less poo passes through your large bowel (colon).",https://www.healthnz.govt.nz/health-topics/keeping-healthy/eating-well/low-fibre-diet,/health-topics/keeping-healthy/eating-well/low-fibre-diet,/health-topics/keeping-healthy/eating-well,3
Mediterranean way of eating The Mediterranean way of eating is based on traditional foods eaten in countries around the Mediterranean Sea.,https://www.healthnz.govt.nz/health-topics/keeping-healthy/eating-well/mediterranean-way-of-eating,/health-topics/keeping-healthy/eating-well/mediterranean-way-of-eating,/health-topics/keeping-healthy/eating-well,3
"Plant-based eating Plant-based eating focuses on filling your plate with minimally processed plant foods. Plant-based eating does not always mean avoiding all animal products. Some people eat mostly plants but occasionally include dairy, eggs, fish, seafood, chicken or meat.",https://www.healthnz.govt.nz/health-topics/keeping-healthy/eating-well/plant-based-eating,/health-topics/keeping-healthy/eating-well/plant-based-eating,/health-topics/keeping-healthy/eating-well,3
Popular diets review We have reviewed 8 popular diets to make sense of some of the different dietary approaches out there.,https://www.healthnz.govt.nz/health-topics/keeping-healthy/eating-well/popular-diets-review,/health-topics/keeping-healthy/eating-well/popular-diets-review,/health-topics/keeping-healthy/eating-well,3
"Potassium-rich foods Potassium is a mineral that is found in many foods. You need potassium for your heart, kidneys, liver, muscles and nerves to function. Getting enough potassium can help maintain healthy blood pressure levels and lower your risk of heart disease and stroke.",https://www.healthnz.govt.nz/health-topics/keeping-healthy/eating-well/potassium-rich-foods,/health-topics/keeping-healthy/eating-well/potassium-rich-foods,/health-topics/keeping-healthy/eating-well,3
Protein Protein is an important nutrient for the growth and repair of your body at all stages of life. This page contains information about the various sources of protein to help you meet your daily protein needs.,https://www.healthnz.govt.nz/health-topics/keeping-healthy/eating-well/protein,/health-topics/keeping-healthy/eating-well/protein,/health-topics/keeping-healthy/eating-well,3
"Quick easy meals Find suggestions for nutritious, inexpensive meals that are quick and easy to prepare.",https://www.healthnz.govt.nz/health-topics/keeping-healthy/eating-well/quick-easy-meals,/health-topics/keeping-healthy/eating-well/quick-easy-meals,/health-topics/keeping-healthy/eating-well,3
Shopping and cooking for one Shopping for one can be a challenge. The following tips may make shopping easier and may also save you money. They may be especially helpful if you are older or you need to conserve your energy.,https://www.healthnz.govt.nz/health-topics/keeping-healthy/eating-well/shopping-and-cooking-for-one,/health-topics/keeping-healthy/eating-well/shopping-and-cooking-for-one,/health-topics/keeping-healthy/eating-well,3
"Snacking for adults Snacks can help curb your hunger and provide an energy boost between meals. But it is important to remember that snacks are not meals, and some snacks are healthier than others. Here are some tips on how to snack well.",https://www.healthnz.govt.nz/health-topics/keeping-healthy/eating-well/snacking-for-adults,/health-topics/keeping-healthy/eating-well/snacking-for-adults,/health-topics/keeping-healthy/eating-well,3
"Support for food costs There are many reasons why people find themselves in financial difficulty and need emergency help. If your bills have suddenly risen, it can become harder to buy the food you and your whānau need. Here are some options.",https://www.healthnz.govt.nz/health-topics/keeping-healthy/eating-well/support-for-food-costs,/health-topics/keeping-healthy/eating-well/support-for-food-costs,/health-topics/keeping-healthy/eating-well,3
"Tips to gain weight If you are underweight, or are losing weight without trying to, you may need to eat more fat and sugar. These are good sources of energy (calories) and can help you gain weight.",https://www.healthnz.govt.nz/health-topics/keeping-healthy/eating-well/tips-to-gain-weight,/health-topics/keeping-healthy/eating-well/tips-to-gain-weight,/health-topics/keeping-healthy/eating-well,3
Community strength and balance classes — Live Stronger,https://www.healthnz.govt.nz/health-topics/keeping-healthy/eating-well/www.livestronger.org.nz,/health-topics/keeping-healthy/eating-well/www.livestronger.org.nz,/health-topics/keeping-healthy/eating-well,3
Getting your daily vitamin D We need vitamin D for strong bones and muscles and for general health. It helps your body take in enough calcium from the food you eat.,https://www.healthnz.govt.nz/health-topics/keeping-healthy/eating-well/your-daily-vitamin-d,/health-topics/keeping-healthy/eating-well/your-daily-vitamin-d,/health-topics/keeping-healthy/eating-well,3
Gender health,https://www.healthnz.govt.nz/health-topics/keeping-healthy/gender-health,/health-topics/keeping-healthy/gender-health,/health-topics/keeping-healthy,2
"Gender affirming healthcare and support for children, young people, families and whānau Whether you are a young person seeking information and support for yourself, or a parent, caregiver or whānau member looking for ways to help, this information is here to provide clear guidance and practical support options.",https://www.healthnz.govt.nz/health-topics/keeping-healthy/gender-health/gender-affirming-healthcare-and-support-for-children-young-people-families-and-whanau,/health-topics/keeping-healthy/gender-health/gender-affirming-healthcare-and-support-for-children-young-people-families-and-whanau,/health-topics/keeping-healthy/gender-health,3
"Accessing healthcare and support When and how to access a healthcare provider or additional support for tamariki, rangatahi, and their family and whānau.",https://www.healthnz.govt.nz/health-topics/keeping-healthy/gender-health/gender-affirming-healthcare-and-support-for-children-young-people-families-and-whanau/access,/health-topics/keeping-healthy/gender-health/gender-affirming-healthcare-and-support-for-children-young-people-families-and-whanau/access,/health-topics/keeping-healthy/gender-health/gender-affirming-healthcare-and-support-for-children-young-people-families-and-whanau,4
Healthcare and support options,https://www.healthnz.govt.nz/health-topics/keeping-healthy/gender-health/gender-affirming-healthcare-and-support-for-children-young-people-families-and-whanau/healthcare-and-support,/health-topics/keeping-healthy/gender-health/gender-affirming-healthcare-and-support-for-children-young-people-families-and-whanau/healthcare-and-support,/health-topics/keeping-healthy/gender-health/gender-affirming-healthcare-and-support-for-children-young-people-families-and-whanau,4
"Supporting children and young people Family and whānau support is one of the most important factors in the mental health and wellbeing of children and young people. This support is especially important for transgender and gender diverse children and young people, and for those who are exploring their gender.",https://www.healthnz.govt.nz/health-topics/keeping-healthy/gender-health/gender-affirming-healthcare-and-support-for-children-young-people-families-and-whanau/supporting-children-and-young-people,/health-topics/keeping-healthy/gender-health/gender-affirming-healthcare-and-support-for-children-young-people-families-and-whanau/supporting-children-and-young-people,/health-topics/keeping-healthy/gender-health/gender-affirming-healthcare-and-support-for-children-young-people-families-and-whanau,4
"Gender affirming surgeries and speech language therapy Gender affirming healthcare supports the health and wellbeing of transgender, non-binary and gender diverse people. This healthcare can include gender affirming surgeries and speech language (voice) therapy, alongside other forms of social and medical support.",https://www.healthnz.govt.nz/health-topics/keeping-healthy/gender-health/gender-affirming-surgery-and-therapy,/health-topics/keeping-healthy/gender-health/gender-affirming-surgery-and-therapy,/health-topics/keeping-healthy/gender-health,3
"Mental health, wellbeing and support Gender diverse and transgender people can access a wide range of counselling, mental health services, support networks, and resources. Support and resources are also available for their family and whānau.",https://www.healthnz.govt.nz/health-topics/keeping-healthy/gender-health/mental-health-wellbeing-and-support,/health-topics/keeping-healthy/gender-health/mental-health-wellbeing-and-support,/health-topics/keeping-healthy/gender-health,3
"Understanding gender Gender is about a person’s inner sense of who they are and how they express themselves. Gender can be shaped by society and culture. It is different from sex assigned at birth, which is based on physical characteristics observed at birth.",https://www.healthnz.govt.nz/health-topics/keeping-healthy/gender-health/understanding-gender,/health-topics/keeping-healthy/gender-health/understanding-gender,/health-topics/keeping-healthy/gender-health,3
Healthy homes and environments,https://www.healthnz.govt.nz/health-topics/keeping-healthy/healthy-homes-environments,/health-topics/keeping-healthy/healthy-homes-environments,/health-topics/keeping-healthy,2
Air quality Management of air quality is done to protect communities and the environment from the bad effects of air pollution.,https://www.healthnz.govt.nz/health-topics/keeping-healthy/healthy-homes-environments/air-quality,/health-topics/keeping-healthy/healthy-homes-environments/air-quality,/health-topics/keeping-healthy/healthy-homes-environments,3
Fall prevention,https://www.healthnz.govt.nz/health-topics/keeping-healthy/healthy-homes-environments/fall-prevention,/health-topics/keeping-healthy/healthy-homes-environments/fall-prevention,/health-topics/keeping-healthy/healthy-homes-environments,3
Getting into and out of a chair,https://www.healthnz.govt.nz/health-topics/keeping-healthy/healthy-homes-environments/fall-prevention/getting-out-of-chair,/health-topics/keeping-healthy/healthy-homes-environments/fall-prevention/getting-out-of-chair,/health-topics/keeping-healthy/healthy-homes-environments/fall-prevention,4
"Going to school Illness, anxiety and school attendance.",https://www.healthnz.govt.nz/health-topics/keeping-healthy/healthy-homes-environments/going-to-school,/health-topics/keeping-healthy/healthy-homes-environments/going-to-school,/health-topics/keeping-healthy/healthy-homes-environments,3
"Guidance for schools This information helps school staff understand when it is okay for a child to still be at school, and when an unwell child should be at home.",https://www.healthnz.govt.nz/health-topics/keeping-healthy/healthy-homes-environments/going-to-school/knowing-if-a-child-is-well-enough-to-be-at-school-guidance-for-schools,/health-topics/keeping-healthy/healthy-homes-environments/going-to-school/knowing-if-a-child-is-well-enough-to-be-at-school-guidance-for-schools,/health-topics/keeping-healthy/healthy-homes-environments/going-to-school,4
"Parents and caregivers Guidance for parents and caregivers on illness, anxiety and school attendance.",https://www.healthnz.govt.nz/health-topics/keeping-healthy/healthy-homes-environments/going-to-school/knowing-if-your-child-is-well-enough-to-go-to-school-guidance-for-parents,/health-topics/keeping-healthy/healthy-homes-environments/going-to-school/knowing-if-your-child-is-well-enough-to-go-to-school-guidance-for-parents,/health-topics/keeping-healthy/healthy-homes-environments/going-to-school,4
"Hazardous substances Hazardous substances are common in homes, workplaces, and public areas. Find out more about the various substances and how they affect health.",https://www.healthnz.govt.nz/health-topics/keeping-healthy/healthy-homes-environments/hazardous-substances,/health-topics/keeping-healthy/healthy-homes-environments/hazardous-substances,/health-topics/keeping-healthy/healthy-homes-environments,3
"About hazardous substances and products Hazardous substances are common in homes, workplaces, and public areas. Find out more about how we protect public health from such substances.",https://www.healthnz.govt.nz/health-topics/keeping-healthy/healthy-homes-environments/hazardous-substances/about-hazardous-substances-and-products,/health-topics/keeping-healthy/healthy-homes-environments/hazardous-substances/about-hazardous-substances-and-products,/health-topics/keeping-healthy/healthy-homes-environments/hazardous-substances,4
"Agricultural compounds and pesticides Agricultural compounds are used for many purposes, including protecting native plants and wildlife and minimising health risks from pests.",https://www.healthnz.govt.nz/health-topics/keeping-healthy/healthy-homes-environments/hazardous-substances/agricultural-compounds-pesticides,/health-topics/keeping-healthy/healthy-homes-environments/hazardous-substances/agricultural-compounds-pesticides,/health-topics/keeping-healthy/healthy-homes-environments/hazardous-substances,4
"Arsenic If you live in an area contaminated with arsenic, find out what you need to know and how to protect your family’s health.",https://www.healthnz.govt.nz/health-topics/keeping-healthy/healthy-homes-environments/hazardous-substances/arsenic,/health-topics/keeping-healthy/healthy-homes-environments/hazardous-substances/arsenic,/health-topics/keeping-healthy/healthy-homes-environments/hazardous-substances,4
"Asbestos Learn about identifying materials that contain asbestos in your home, the health risks of asbestos and what you can do about asbestos.",https://www.healthnz.govt.nz/health-topics/keeping-healthy/healthy-homes-environments/hazardous-substances/asbestos,/health-topics/keeping-healthy/healthy-homes-environments/hazardous-substances/asbestos,/health-topics/keeping-healthy/healthy-homes-environments/hazardous-substances,4
"Asbestos and your health Asbestos is a naturally occurring mineral made up of many small fibres. These fibres are very strong and are highly resistant to heat, fire, chemicals and wear.",https://www.healthnz.govt.nz/health-topics/keeping-healthy/healthy-homes-environments/hazardous-substances/asbestos/asbestos-and-your-health,/health-topics/keeping-healthy/healthy-homes-environments/hazardous-substances/asbestos/asbestos-and-your-health,/health-topics/keeping-healthy/healthy-homes-environments/hazardous-substances/asbestos,5
Asbestos in sand Find out how to clean up and dispose of sand products that have been recalled because they are found to be contaminated with asbestos.,https://www.healthnz.govt.nz/health-topics/keeping-healthy/healthy-homes-environments/hazardous-substances/asbestos/asbestos-in-sand,/health-topics/keeping-healthy/healthy-homes-environments/hazardous-substances/asbestos/asbestos-in-sand,/health-topics/keeping-healthy/healthy-homes-environments/hazardous-substances/asbestos,5
"Asbestos in the home If you think you might have asbestos in your home, your public health service can advise you on how to deal with it.",https://www.healthnz.govt.nz/health-topics/keeping-healthy/healthy-homes-environments/hazardous-substances/asbestos/asbestos-in-the-home,/health-topics/keeping-healthy/healthy-homes-environments/hazardous-substances/asbestos/asbestos-in-the-home,/health-topics/keeping-healthy/healthy-homes-environments/hazardous-substances/asbestos,5
"Dealing with asbestos If you find asbestos in your home, there are options including leaving it as it is and not disturbing it, sealing, encapsulating or enclosing it, or removing it.",https://www.healthnz.govt.nz/health-topics/keeping-healthy/healthy-homes-environments/hazardous-substances/asbestos/dealing-with-asbestos,/health-topics/keeping-healthy/healthy-homes-environments/hazardous-substances/asbestos/dealing-with-asbestos,/health-topics/keeping-healthy/healthy-homes-environments/hazardous-substances/asbestos,5
"Contaminated soil Soil contamination results where hazardous substances are either spilled on or buried in the soil, or migrate from a spill that occurred elsewhere.",https://www.healthnz.govt.nz/health-topics/keeping-healthy/healthy-homes-environments/hazardous-substances/contaminated-soil,/health-topics/keeping-healthy/healthy-homes-environments/hazardous-substances/contaminated-soil,/health-topics/keeping-healthy/healthy-homes-environments/hazardous-substances,4
"Fires, smoke and health Fires can expose people to a range of hazardous substances.",https://www.healthnz.govt.nz/health-topics/keeping-healthy/healthy-homes-environments/hazardous-substances/fires-smoke,/health-topics/keeping-healthy/healthy-homes-environments/hazardous-substances/fires-smoke,/health-topics/keeping-healthy/healthy-homes-environments/hazardous-substances,4
"Land and home contamination Substances that could cause you harm may be found in your home or the land it is built on. These contaminants may be there because of the way the land was once used, the materials used to build your home or activities in or near your home.",https://www.healthnz.govt.nz/health-topics/keeping-healthy/healthy-homes-environments/hazardous-substances/land-and-home-contamination,/health-topics/keeping-healthy/healthy-homes-environments/hazardous-substances/land-and-home-contamination,/health-topics/keeping-healthy/healthy-homes-environments/hazardous-substances,4
"Lead Lead is a metal that can be found in the environment, around the home or at workplaces. If untreated, lead poisoning can be serious.",https://www.healthnz.govt.nz/health-topics/keeping-healthy/healthy-homes-environments/hazardous-substances/lead,/health-topics/keeping-healthy/healthy-homes-environments/hazardous-substances/lead,/health-topics/keeping-healthy/healthy-homes-environments/hazardous-substances,4
Blood lead notification level,https://www.healthnz.govt.nz/health-topics/keeping-healthy/healthy-homes-environments/hazardous-substances/lead/blood-lead-notification-level,/health-topics/keeping-healthy/healthy-homes-environments/hazardous-substances/lead/blood-lead-notification-level,/health-topics/keeping-healthy/healthy-homes-environments/hazardous-substances/lead,5
Lead-based paint,https://www.healthnz.govt.nz/health-topics/keeping-healthy/healthy-homes-environments/hazardous-substances/lead/lead-based-paint,/health-topics/keeping-healthy/healthy-homes-environments/hazardous-substances/lead/lead-based-paint,/health-topics/keeping-healthy/healthy-homes-environments/hazardous-substances/lead,5
Lead poisoning,https://www.healthnz.govt.nz/health-topics/keeping-healthy/healthy-homes-environments/hazardous-substances/lead/lead-poisoning,/health-topics/keeping-healthy/healthy-homes-environments/hazardous-substances/lead/lead-poisoning,/health-topics/keeping-healthy/healthy-homes-environments/hazardous-substances/lead,5
Mercury Mercury vaporises at room temperature and breathing in this vapour can be harmful to your health.,https://www.healthnz.govt.nz/health-topics/keeping-healthy/healthy-homes-environments/hazardous-substances/mercury,/health-topics/keeping-healthy/healthy-homes-environments/hazardous-substances/mercury,/health-topics/keeping-healthy/healthy-homes-environments/hazardous-substances,4
Nitrate High levels of nitrates in drinking water can reduce the blood's ability to carry oxygen.,https://www.healthnz.govt.nz/health-topics/keeping-healthy/healthy-homes-environments/hazardous-substances/nitrate,/health-topics/keeping-healthy/healthy-homes-environments/hazardous-substances/nitrate,/health-topics/keeping-healthy/healthy-homes-environments/hazardous-substances,4
"Persistent Organic Pollutants (POPs) Persistent Organic Pollutants are compounds that do not break down easily, and stay in the environment.",https://www.healthnz.govt.nz/health-topics/keeping-healthy/healthy-homes-environments/hazardous-substances/persistent-organic-pollutants-pops,/health-topics/keeping-healthy/healthy-homes-environments/hazardous-substances/persistent-organic-pollutants-pops,/health-topics/keeping-healthy/healthy-homes-environments/hazardous-substances,4
"Dioxins Dioxins are a group of chemicals that share similar structures and ways of affecting the body. Find out about the effects of dioxin exposure, and the health support services available if you have been exposed.",https://www.healthnz.govt.nz/health-topics/keeping-healthy/healthy-homes-environments/hazardous-substances/persistent-organic-pollutants-pops/dioxins,/health-topics/keeping-healthy/healthy-homes-environments/hazardous-substances/persistent-organic-pollutants-pops/dioxins,/health-topics/keeping-healthy/healthy-homes-environments/hazardous-substances/persistent-organic-pollutants-pops,5
Serum dioxin study in Paritutu,https://www.healthnz.govt.nz/health-topics/keeping-healthy/healthy-homes-environments/hazardous-substances/persistent-organic-pollutants-pops/dioxins/serum-dioxin-study-in-paritutu,/health-topics/keeping-healthy/healthy-homes-environments/hazardous-substances/persistent-organic-pollutants-pops/dioxins/serum-dioxin-study-in-paritutu,/health-topics/keeping-healthy/healthy-homes-environments/hazardous-substances/persistent-organic-pollutants-pops/dioxins,6
Per-fluoroalkyl substances and poly-fluoroalkyl substances (PFAS) PFAS are a large group of manufactured compounds. Some stay in the environment and in our bodies for a long time.,https://www.healthnz.govt.nz/health-topics/keeping-healthy/healthy-homes-environments/hazardous-substances/persistent-organic-pollutants-pops/per-fluoroalkyl-substances-and-poly-fluoroalkyl-substances-pfas,/health-topics/keeping-healthy/healthy-homes-environments/hazardous-substances/persistent-organic-pollutants-pops/per-fluoroalkyl-substances-and-poly-fluoroalkyl-substances-pfas,/health-topics/keeping-healthy/healthy-homes-environments/hazardous-substances/persistent-organic-pollutants-pops,5
"Polychlorinated biphenyls (PCBs) Polychlorinated Biphenyls (PCBs) are a serious environmental pollutant. While they are banned here, small amounts still turn up.",https://www.healthnz.govt.nz/health-topics/keeping-healthy/healthy-homes-environments/hazardous-substances/persistent-organic-pollutants-pops/polychlorinated-biphenyls-pcbs,/health-topics/keeping-healthy/healthy-homes-environments/hazardous-substances/persistent-organic-pollutants-pops/polychlorinated-biphenyls-pcbs,/health-topics/keeping-healthy/healthy-homes-environments/hazardous-substances/persistent-organic-pollutants-pops,5
Study: Concentrations of persistent organic pollutants in blood of adults Massey University’s Centre for Public Health Research completed a 3-year study for Health New Zealand measuring the concentration of pollutants in blood.,https://www.healthnz.govt.nz/health-topics/keeping-healthy/healthy-homes-environments/hazardous-substances/persistent-organic-pollutants-pops/study-concentrations-of-persistent-organic-pollutants-in-blood-of-adults,/health-topics/keeping-healthy/healthy-homes-environments/hazardous-substances/persistent-organic-pollutants-pops/study-concentrations-of-persistent-organic-pollutants-in-blood-of-adults,/health-topics/keeping-healthy/healthy-homes-environments/hazardous-substances/persistent-organic-pollutants-pops,5
"Poisons around the home, including consumer products Many things we have in and around our homes are poisonous, and very appealing to children.",https://www.healthnz.govt.nz/health-topics/keeping-healthy/healthy-homes-environments/hazardous-substances/poisons-around-the-home,/health-topics/keeping-healthy/healthy-homes-environments/hazardous-substances/poisons-around-the-home,/health-topics/keeping-healthy/healthy-homes-environments/hazardous-substances,4
"Radon Radon is a naturally occurring radioactive gas which comes from uranium and radium. Trace concentrations of these elements are found in soils, rocks and building materials. Radon is naturally present in low concentrations in the air. But it can build up indoors in spaces that are poorly ventilated or underground.",https://www.healthnz.govt.nz/health-topics/keeping-healthy/healthy-homes-environments/hazardous-substances/radon,/health-topics/keeping-healthy/healthy-homes-environments/hazardous-substances/radon,/health-topics/keeping-healthy/healthy-homes-environments/hazardous-substances,4
"Wastewater We use large amounts of water in our homes, workplaces, farms and buildings. After we have used this water, it does not just go away. Some of it soaks into the ground, but much of it eventually ends up in a wastewater system.",https://www.healthnz.govt.nz/health-topics/keeping-healthy/healthy-homes-environments/hazardous-substances/wastewater,/health-topics/keeping-healthy/healthy-homes-environments/hazardous-substances/wastewater,/health-topics/keeping-healthy/healthy-homes-environments/hazardous-substances,4
Heat Extreme heat can cause illness and death. But effective planning and actions can reduce its effects on health.,https://www.healthnz.govt.nz/health-topics/keeping-healthy/healthy-homes-environments/health-effects-from-heat,/health-topics/keeping-healthy/healthy-homes-environments/health-effects-from-heat,/health-topics/keeping-healthy/healthy-homes-environments,3
Keep your hands clean — Healthy habits,https://www.healthnz.govt.nz/health-topics/keeping-healthy/healthy-homes-environments/healthy-habits,/health-topics/keeping-healthy/healthy-homes-environments/healthy-habits,/health-topics/keeping-healthy/healthy-homes-environments,3
"Keeping your home healthy Houses that are warm, dry and well-ventilated help to keep us healthy and well. There are things we can do to keep our homes healthy, and there is free support available to help.",https://www.healthnz.govt.nz/health-topics/keeping-healthy/healthy-homes-environments/healthy-homes,/health-topics/keeping-healthy/healthy-homes-environments/healthy-homes,/health-topics/keeping-healthy/healthy-homes-environments,3
Household items and electronics Technology is a part of our everyday lives. It is important to know that our household items and electronics are safe.,https://www.healthnz.govt.nz/health-topics/keeping-healthy/healthy-homes-environments/household-items-and-electronics,/health-topics/keeping-healthy/healthy-homes-environments/household-items-and-electronics,/health-topics/keeping-healthy/healthy-homes-environments,3
"Blue light and light emitting diodes (LEDs) Blue light plays an important part in keeping our body clock in time with the day and night cycle. Exposure to too much blue light in the evening or at night could disrupt the body clock, causing poor sleep and possible other effects.",https://www.healthnz.govt.nz/health-topics/keeping-healthy/healthy-homes-environments/household-items-and-electronics/blue-light-and-light-emitting-diodes-leds,/health-topics/keeping-healthy/healthy-homes-environments/household-items-and-electronics/blue-light-and-light-emitting-diodes-leds,/health-topics/keeping-healthy/healthy-homes-environments/household-items-and-electronics,4
Cellphones Cellphones connect to a network using radiofrequency radiation. This is different to the radiation from x-ray equipment and radioactive sources.,https://www.healthnz.govt.nz/health-topics/keeping-healthy/healthy-homes-environments/household-items-and-electronics/cellphones,/health-topics/keeping-healthy/healthy-homes-environments/household-items-and-electronics/cellphones,/health-topics/keeping-healthy/healthy-homes-environments/household-items-and-electronics,4
Child-resistant packaging Child-resistant packaging can help prevent poisonings but they are not child proof. All medicines and poisons should be locked away.,https://www.healthnz.govt.nz/health-topics/keeping-healthy/healthy-homes-environments/household-items-and-electronics/child-resistant-packaging,/health-topics/keeping-healthy/healthy-homes-environments/household-items-and-electronics/child-resistant-packaging,/health-topics/keeping-healthy/healthy-homes-environments/household-items-and-electronics,4
"Laser pointers Powerful, low-cost laser pointers are becoming more common. A laser pointer might look like a toy, but it can be very harmful.",https://www.healthnz.govt.nz/health-topics/keeping-healthy/healthy-homes-environments/household-items-and-electronics/laser-pointers,/health-topics/keeping-healthy/healthy-homes-environments/household-items-and-electronics/laser-pointers,/health-topics/keeping-healthy/healthy-homes-environments/household-items-and-electronics,4
"Microwave ovens The microwaves used in a microwave oven are a form of radiation, like light or radio waves. The energy in the microwaves cooks the food.",https://www.healthnz.govt.nz/health-topics/keeping-healthy/healthy-homes-environments/household-items-and-electronics/microwave-ovens,/health-topics/keeping-healthy/healthy-homes-environments/household-items-and-electronics/microwave-ovens,/health-topics/keeping-healthy/healthy-homes-environments/household-items-and-electronics,4
"Poisons around the home, including consumer products Many things we have in and around our homes are poisonous, and very appealing to children.",https://www.healthnz.govt.nz/health-topics/keeping-healthy/healthy-homes-environments/household-items-and-electronics/poisons-around-the-home,/health-topics/keeping-healthy/healthy-homes-environments/household-items-and-electronics/poisons-around-the-home,/health-topics/keeping-healthy/healthy-homes-environments/household-items-and-electronics,4
Smart meters A smart meter is a device which sits inside your meter box. It uses radio signals to communicate with your power company.,https://www.healthnz.govt.nz/health-topics/keeping-healthy/healthy-homes-environments/household-items-and-electronics/smart-meters,/health-topics/keeping-healthy/healthy-homes-environments/household-items-and-electronics/smart-meters,/health-topics/keeping-healthy/healthy-homes-environments/household-items-and-electronics,4
Smoke alarms You should always have a working smoke alarm in your home. It could save your life.,https://www.healthnz.govt.nz/health-topics/keeping-healthy/healthy-homes-environments/household-items-and-electronics/smoke-alarms,/health-topics/keeping-healthy/healthy-homes-environments/household-items-and-electronics/smoke-alarms,/health-topics/keeping-healthy/healthy-homes-environments/household-items-and-electronics,4
Unflued gas heaters,https://www.healthnz.govt.nz/health-topics/keeping-healthy/healthy-homes-environments/household-items-and-electronics/unflued-gas-heaters,/health-topics/keeping-healthy/healthy-homes-environments/household-items-and-electronics/unflued-gas-heaters,/health-topics/keeping-healthy/healthy-homes-environments/household-items-and-electronics,4
Wi-Fi networks and computer equipment Wi-Fi (or wireless networking) is a way to connect a computer or other device to a network. It uses low-power radio signals instead of cables.,https://www.healthnz.govt.nz/health-topics/keeping-healthy/healthy-homes-environments/household-items-and-electronics/wifi-networks-and-computer-equipment,/health-topics/keeping-healthy/healthy-homes-environments/household-items-and-electronics/wifi-networks-and-computer-equipment,/health-topics/keeping-healthy/healthy-homes-environments/household-items-and-electronics,4
"Insect bites and pest control Pests and insects can cause bites that can be painful. Find out about different pests, how to treat bites, and how to prevent pests in your home.",https://www.healthnz.govt.nz/health-topics/keeping-healthy/healthy-homes-environments/insect-bites-and-pest-control,/health-topics/keeping-healthy/healthy-homes-environments/insect-bites-and-pest-control,/health-topics/keeping-healthy/healthy-homes-environments,3
Treating and preventing head lice,https://www.healthnz.govt.nz/health-topics/keeping-healthy/healthy-homes-environments/insect-bites-and-pest-control/%5Bsitetree_link%5D,/health-topics/keeping-healthy/healthy-homes-environments/insect-bites-and-pest-control/%5Bsitetree_link%5D,/health-topics/keeping-healthy/healthy-homes-environments/insect-bites-and-pest-control,4
"Rats and mice Rats and mice are a pain, but they can also carry disease. There are some simple steps you can take to control these pests, and keep you and your whānau safe. It is best to use a combination of methods to control rodents.",https://www.healthnz.govt.nz/health-topics/keeping-healthy/healthy-homes-environments/insect-bites-and-pest-control/avoiding-diseases-carried-by-rats-and-mice,/health-topics/keeping-healthy/healthy-homes-environments/insect-bites-and-pest-control/avoiding-diseases-carried-by-rats-and-mice,/health-topics/keeping-healthy/healthy-homes-environments/insect-bites-and-pest-control,4
"Bed bugs If you are waking up feeling itchy, bed bugs may be the problem. Bed bugs are small insects that feed on the blood of sleeping people and animals at night. During the day they hide in dry, dark places.",https://www.healthnz.govt.nz/health-topics/keeping-healthy/healthy-homes-environments/insect-bites-and-pest-control/bed-bugs,/health-topics/keeping-healthy/healthy-homes-environments/insect-bites-and-pest-control/bed-bugs,/health-topics/keeping-healthy/healthy-homes-environments/insect-bites-and-pest-control,4
"Bites and stings If you or a whānau member has been bitten or stung, the injury can be serious. It’s important to know what to do.",https://www.healthnz.govt.nz/health-topics/keeping-healthy/healthy-homes-environments/insect-bites-and-pest-control/bites-stings,/health-topics/keeping-healthy/healthy-homes-environments/insect-bites-and-pest-control/bites-stings,/health-topics/keeping-healthy/healthy-homes-environments/insect-bites-and-pest-control,4
"Cockroaches Cockroaches are a common household pest in Aotearoa New Zealand. They thrive in unhealthy environments and can transmit a number of diseases. Most native cockroaches are not dangerous, and they are very important to our environment.",https://www.healthnz.govt.nz/health-topics/keeping-healthy/healthy-homes-environments/insect-bites-and-pest-control/cockroaches,/health-topics/keeping-healthy/healthy-homes-environments/insect-bites-and-pest-control/cockroaches,/health-topics/keeping-healthy/healthy-homes-environments/insect-bites-and-pest-control,4
"Fleas Fleas are very common in Aotearoa New Zealand, particularly with cats and dogs. While they are a nuisance, they can also spread disease.",https://www.healthnz.govt.nz/health-topics/keeping-healthy/healthy-homes-environments/insect-bites-and-pest-control/fleas,/health-topics/keeping-healthy/healthy-homes-environments/insect-bites-and-pest-control/fleas,/health-topics/keeping-healthy/healthy-homes-environments/insect-bites-and-pest-control,4
"Lice Lice are commonly referred to as 'nits', which are actually louse eggs. While lice are a public health nuisance, they are not a public health risk. The louse species present in New Zealand are not cause for great concern, but they can be annoying.",https://www.healthnz.govt.nz/health-topics/keeping-healthy/healthy-homes-environments/insect-bites-and-pest-control/getting-rid-lice-nits,/health-topics/keeping-healthy/healthy-homes-environments/insect-bites-and-pest-control/getting-rid-lice-nits,/health-topics/keeping-healthy/healthy-homes-environments/insect-bites-and-pest-control,4
Head lice (nits) Head lice (nits) are very common. They are a nuisance but are not a risk to public health. Head lice are small insects that lay their eggs (nits) on strands of hair.,https://www.healthnz.govt.nz/health-topics/keeping-healthy/healthy-homes-environments/insect-bites-and-pest-control/head-lice-nits,/health-topics/keeping-healthy/healthy-homes-environments/insect-bites-and-pest-control/head-lice-nits,/health-topics/keeping-healthy/healthy-homes-environments/insect-bites-and-pest-control,4
Mosquitoes,https://www.healthnz.govt.nz/health-topics/keeping-healthy/healthy-homes-environments/insect-bites-and-pest-control/mosquitoes,/health-topics/keeping-healthy/healthy-homes-environments/insect-bites-and-pest-control/mosquitoes,/health-topics/keeping-healthy/healthy-homes-environments/insect-bites-and-pest-control,4
"Pest control Prevention, control and treatment measures to use with different pests.",https://www.healthnz.govt.nz/health-topics/keeping-healthy/healthy-homes-environments/insect-bites-and-pest-control/pest-control,/health-topics/keeping-healthy/healthy-homes-environments/insect-bites-and-pest-control/pest-control,/health-topics/keeping-healthy/healthy-homes-environments/insect-bites-and-pest-control,4
"Ticks Ticks are parasites that need blood to survive and reproduce. They feed off a range of hosts including mammals, reptiles, birds and amphibians. They may pose public health and biosecurity risks. This is because they can carry and spread human and animal diseases.",https://www.healthnz.govt.nz/health-topics/keeping-healthy/healthy-homes-environments/insect-bites-and-pest-control/tick-bites-in-nz,/health-topics/keeping-healthy/healthy-homes-environments/insect-bites-and-pest-control/tick-bites-in-nz,/health-topics/keeping-healthy/healthy-homes-environments/insect-bites-and-pest-control,4
Sandflies Sandflies are common insects in Aotearoa New Zealand. While the ones we get are a nuisance they are not a public health risk. The kinds that bite do not carry infectious diseases.,https://www.healthnz.govt.nz/health-topics/keeping-healthy/healthy-homes-environments/insect-bites-and-pest-control/treating-sandfly-bites,/health-topics/keeping-healthy/healthy-homes-environments/insect-bites-and-pest-control/treating-sandfly-bites,/health-topics/keeping-healthy/healthy-homes-environments/insect-bites-and-pest-control,4
"Spiders Only some spiders are able to bite humans. There are 3 species of spider to avoid — the katipō, the redback and the whitetailed spider.",https://www.healthnz.govt.nz/health-topics/keeping-healthy/healthy-homes-environments/insect-bites-and-pest-control/treating-spider-bites,/health-topics/keeping-healthy/healthy-homes-environments/insect-bites-and-pest-control/treating-spider-bites,/health-topics/keeping-healthy/healthy-homes-environments/insect-bites-and-pest-control,4
Managing everyday activities Doing everyday activities can be good for you physically and mentally. There are a variety of ways to modify how you do them if you find them too difficult. You could also get other people to help you.,https://www.healthnz.govt.nz/health-topics/keeping-healthy/healthy-homes-environments/managing-everyday-activities,/health-topics/keeping-healthy/healthy-homes-environments/managing-everyday-activities,/health-topics/keeping-healthy/healthy-homes-environments,3
"Healthy noise levels Noise that is too loud can lead to permanent hearing damage. Learn which noises to be aware of, and how to protect yourself and your whānau.",https://www.healthnz.govt.nz/health-topics/keeping-healthy/healthy-homes-environments/noise,/health-topics/keeping-healthy/healthy-homes-environments/noise,/health-topics/keeping-healthy/healthy-homes-environments,3
"Non-ionising fields Information about the health effects of non-ionising fields, such as cellphone towers and power lines.",https://www.healthnz.govt.nz/health-topics/keeping-healthy/healthy-homes-environments/non-ionising-fields,/health-topics/keeping-healthy/healthy-homes-environments/non-ionising-fields,/health-topics/keeping-healthy/healthy-homes-environments,3
"Cellsites and 5G When you use your cellphone, it connects to the network through a cellsite. Cellsites are also known as cellphone towers or base stations. 5G is the 5th generation of cellular network technology.",https://www.healthnz.govt.nz/health-topics/keeping-healthy/healthy-homes-environments/non-ionising-fields/cellsites-5g,/health-topics/keeping-healthy/healthy-homes-environments/non-ionising-fields/cellsites-5g,/health-topics/keeping-healthy/healthy-homes-environments/non-ionising-fields,4
Independent cellsite monitoring Spark and One NZ have commissioned independent monitoring of exposures to radiofrequency fields around their cellsites.,https://www.healthnz.govt.nz/health-topics/keeping-healthy/healthy-homes-environments/non-ionising-fields/independent-cellsite-monitoring,/health-topics/keeping-healthy/healthy-homes-environments/non-ionising-fields/independent-cellsite-monitoring,/health-topics/keeping-healthy/healthy-homes-environments/non-ionising-fields,4
"Power lines Power lines produce electric and magnetic fields, just like any other wiring or electrical equipment. These are known as extremely low frequency fields.",https://www.healthnz.govt.nz/health-topics/keeping-healthy/healthy-homes-environments/non-ionising-fields/power-lines,/health-topics/keeping-healthy/healthy-homes-environments/non-ionising-fields/power-lines,/health-topics/keeping-healthy/healthy-homes-environments/non-ionising-fields,4
"Radiofrequency field exposure standard Standards are based on a careful review of the research into the health effects of exposure to radiofrequency radiation, including margins for safety.",https://www.healthnz.govt.nz/health-topics/keeping-healthy/healthy-homes-environments/non-ionising-fields/radiofrequency-field-exposure-standard,/health-topics/keeping-healthy/healthy-homes-environments/non-ionising-fields/radiofrequency-field-exposure-standard,/health-topics/keeping-healthy/healthy-homes-environments/non-ionising-fields,4
Research into non-ionising fields The Interagency Committee on the Health Effects of Non-Ionising Fields monitors research into extremely low frequency and radiofrequency electric and magnetic fields.,https://www.healthnz.govt.nz/health-topics/keeping-healthy/healthy-homes-environments/non-ionising-fields/research-into-non-ionising-fields,/health-topics/keeping-healthy/healthy-homes-environments/non-ionising-fields/research-into-non-ionising-fields,/health-topics/keeping-healthy/healthy-homes-environments/non-ionising-fields,4
Preventing the spread of respiratory illnesses Find out what to do if you have symptoms of a respiratory illness and how to reduce the risk of spreading it to other people.,https://www.healthnz.govt.nz/health-topics/keeping-healthy/healthy-homes-environments/preventing-spread-respiratory-illnesses,/health-topics/keeping-healthy/healthy-homes-environments/preventing-spread-respiratory-illnesses,/health-topics/keeping-healthy/healthy-homes-environments,3
Shared accommodation facilities Information to help shared accommodation facilities respond to outbreaks and other illnesses.,https://www.healthnz.govt.nz/health-topics/keeping-healthy/healthy-homes-environments/shared-accommodation-facilities,/health-topics/keeping-healthy/healthy-homes-environments/shared-accommodation-facilities,/health-topics/keeping-healthy/healthy-homes-environments,3
"Sun safety Learn about the harmful effects of UV radiation, and how to deal with sunburn, heat stroke and exhaustion, and dehydration.",https://www.healthnz.govt.nz/health-topics/keeping-healthy/healthy-homes-environments/sun-safety,/health-topics/keeping-healthy/healthy-homes-environments/sun-safety,/health-topics/keeping-healthy/healthy-homes-environments,3
Online and over-the-phone healthcare,"https://www.healthnz.govt.nz/health-topics/keeping-healthy/healthy-homes-environments/sun-safety/%5Bsitetree_link,id=1188%5D","/health-topics/keeping-healthy/healthy-homes-environments/sun-safety/%5Bsitetree_link,id=1188%5D",/health-topics/keeping-healthy/healthy-homes-environments/sun-safety,4
"Dehydration If you are dehydrated, it means your body has lost more fluids than you have drunk. If it gets worse, it can be a serious problem and life threatening.",https://www.healthnz.govt.nz/health-topics/keeping-healthy/healthy-homes-environments/sun-safety/dehydration,/health-topics/keeping-healthy/healthy-homes-environments/sun-safety/dehydration,/health-topics/keeping-healthy/healthy-homes-environments/sun-safety,4
Heat exhaustion and heat stroke You might feel heat exhaustion when your body's natural mechanisms are working hard to keep your body temperature stable. Heat stroke is when your body temperature rises too high — it is a dangerous condition.,https://www.healthnz.govt.nz/health-topics/keeping-healthy/healthy-homes-environments/sun-safety/heat-exhaustion-and-heat-stroke,/health-topics/keeping-healthy/healthy-homes-environments/sun-safety/heat-exhaustion-and-heat-stroke,/health-topics/keeping-healthy/healthy-homes-environments/sun-safety,4
Be sun smart,https://www.healthnz.govt.nz/health-topics/keeping-healthy/healthy-homes-environments/sun-safety/sun-smart,/health-topics/keeping-healthy/healthy-homes-environments/sun-safety/sun-smart,/health-topics/keeping-healthy/healthy-homes-environments/sun-safety,4
Sunburn The sun in Aotearoa New Zealand has very high levels of ultraviolet (UV) light or radiation. These UV rays cause sunburn.,https://www.healthnz.govt.nz/health-topics/keeping-healthy/healthy-homes-environments/sun-safety/sunburn-and-sun-safety,/health-topics/keeping-healthy/healthy-homes-environments/sun-safety/sunburn-and-sun-safety,/health-topics/keeping-healthy/healthy-homes-environments/sun-safety,4
Sunbed safety Using a sunbed is never recommended. They are not a safe way to tan or boost your vitamin D.,https://www.healthnz.govt.nz/health-topics/keeping-healthy/healthy-homes-environments/sunbed-safety,/health-topics/keeping-healthy/healthy-homes-environments/sunbed-safety,/health-topics/keeping-healthy/healthy-homes-environments,3
"Ventilation Fresh or filtered air can reduce your risk of catching or spreading illnesses. Opening doors and windows at home is the simplest way of improving ventilation and helps protect you, your whānau and others.",https://www.healthnz.govt.nz/health-topics/keeping-healthy/healthy-homes-environments/ventilation,/health-topics/keeping-healthy/healthy-homes-environments/ventilation,/health-topics/keeping-healthy/healthy-homes-environments,3
Waste management Waste disposal is managed to protect the environment and reduce negative health effects.,https://www.healthnz.govt.nz/health-topics/keeping-healthy/healthy-homes-environments/waste-management,/health-topics/keeping-healthy/healthy-homes-environments/waste-management,/health-topics/keeping-healthy/healthy-homes-environments,3
"Water safety Activities in the sea, rivers and lakes are great fun, but these waterways can impact health if they become contaminated.",https://www.healthnz.govt.nz/health-topics/keeping-healthy/healthy-homes-environments/water-activities,/health-topics/keeping-healthy/healthy-homes-environments/water-activities,/health-topics/keeping-healthy/healthy-homes-environments,3
Pacific public health,https://www.healthnz.govt.nz/health-topics/keeping-healthy/pacific-public-health,/health-topics/keeping-healthy/pacific-public-health,/health-topics/keeping-healthy,2
03 211 8500,https://www.healthnz.govt.nz/health-topics/keeping-healthy/pacific-public-health/032118500,/health-topics/keeping-healthy/pacific-public-health/032118500,/health-topics/keeping-healthy/pacific-public-health,3
03 307 6902,https://www.healthnz.govt.nz/health-topics/keeping-healthy/pacific-public-health/033076902,/health-topics/keeping-healthy/pacific-public-health/033076902,/health-topics/keeping-healthy/pacific-public-health,3
03 450 9156,https://www.healthnz.govt.nz/health-topics/keeping-healthy/pacific-public-health/03450915,/health-topics/keeping-healthy/pacific-public-health/03450915,/health-topics/keeping-healthy/pacific-public-health,3
03 476 9800,https://www.healthnz.govt.nz/health-topics/keeping-healthy/pacific-public-health/034769800,/health-topics/keeping-healthy/pacific-public-health/034769800,/health-topics/keeping-healthy/pacific-public-health,3
03 520 9914,https://www.healthnz.govt.nz/health-topics/keeping-healthy/pacific-public-health/035209914,/health-topics/keeping-healthy/pacific-public-health/035209914,/health-topics/keeping-healthy/pacific-public-health,3
03 520 9999,https://www.healthnz.govt.nz/health-topics/keeping-healthy/pacific-public-health/035209999,/health-topics/keeping-healthy/pacific-public-health/035209999,/health-topics/keeping-healthy/pacific-public-health,3
03 687 2600,https://www.healthnz.govt.nz/health-topics/keeping-healthy/pacific-public-health/036872600,/health-topics/keeping-healthy/pacific-public-health/036872600,/health-topics/keeping-healthy/pacific-public-health,3
03 768 1160,https://www.healthnz.govt.nz/health-topics/keeping-healthy/pacific-public-health/037681160,/health-topics/keeping-healthy/pacific-public-health/037681160,/health-topics/keeping-healthy/pacific-public-health,3
cw-nphs-healthprotection@tewhatuora.govt.nz,https://www.healthnz.govt.nz/health-topics/keeping-healthy/pacific-public-health/cw-nphs-healthprotection@tewhatuora.govt.nz,/health-topics/keeping-healthy/pacific-public-health/cw-nphs-healthprotection@tewhatuora.govt.nz,/health-topics/keeping-healthy/pacific-public-health,3
Health information in Pacific languages Share health information with your family and community in the language you prefer to speak. Our most popular health pages translated into Pacific languages.,https://www.healthnz.govt.nz/health-topics/keeping-healthy/pacific-public-health/health-information-in-pacific-languages,/health-topics/keeping-healthy/pacific-public-health/health-information-in-pacific-languages,/health-topics/keeping-healthy/pacific-public-health,3
Healthcare for recognised seasonal employer (RSE) workers Recognised seasonal employer (RSE) workers may have health needs that are different to other people. It is important that healthcare is provided in culturally safe and appropriate ways.,https://www.healthnz.govt.nz/health-topics/keeping-healthy/pacific-public-health/healthcare-for-recognised-seasonal-employer-rse-workers,/health-topics/keeping-healthy/pacific-public-health/healthcare-for-recognised-seasonal-employer-rse-workers,/health-topics/keeping-healthy/pacific-public-health,3
"National Public Health Service National Public Health Service is responsible for preventing illness and disease, protecting population health, and promoting wellbeing and hauora. National Public Health Service has teams in all regions of Aotearoa New Zealand.",https://www.healthnz.govt.nz/health-topics/keeping-healthy/pacific-public-health/national-public-health-service,/health-topics/keeping-healthy/pacific-public-health/national-public-health-service,/health-topics/keeping-healthy/pacific-public-health,3
so-nphs-notifymoh@tewhatuora.govt.nz,https://www.healthnz.govt.nz/health-topics/keeping-healthy/pacific-public-health/so-nphs-notifymoh@tewhatuora.govt.nz,/health-topics/keeping-healthy/pacific-public-health/so-nphs-notifymoh@tewhatuora.govt.nz,/health-topics/keeping-healthy/pacific-public-health,3
so-nphs-oncallhpo@tewhatuora.govt.nz,https://www.healthnz.govt.nz/health-topics/keeping-healthy/pacific-public-health/so-nphs-oncallhpo@tewhatuora.govt.nz,/health-topics/keeping-healthy/pacific-public-health/so-nphs-oncallhpo@tewhatuora.govt.nz,/health-topics/keeping-healthy/pacific-public-health,3
"You and your family's health Resources from HealthEd, with information to keep you and your family well, written in the language you prefer to speak.",https://www.healthnz.govt.nz/health-topics/keeping-healthy/pacific-public-health/you-and-your-familys-health,/health-topics/keeping-healthy/pacific-public-health/you-and-your-familys-health,/health-topics/keeping-healthy/pacific-public-health,3
Emergencies and natural disasters,https://www.healthnz.govt.nz/health-topics/keeping-healthy/protecting-health-natural-disaster,/health-topics/keeping-healthy/protecting-health-natural-disaster,/health-topics/keeping-healthy,2
Health advice for civil defence centres Infectious diseases can cause challenges in civil defence evacuation centres during and after a disaster.,https://www.healthnz.govt.nz/health-topics/keeping-healthy/protecting-health-natural-disaster/advice-for-civil-defence-centres,/health-topics/keeping-healthy/protecting-health-natural-disaster/advice-for-civil-defence-centres,/health-topics/keeping-healthy/protecting-health-natural-disaster,3
After an emergency It may take time to get everything back to normal after an emergency or natural disaster.,https://www.healthnz.govt.nz/health-topics/keeping-healthy/protecting-health-natural-disaster/after-an-emergency,/health-topics/keeping-healthy/protecting-health-natural-disaster/after-an-emergency,/health-topics/keeping-healthy/protecting-health-natural-disaster,3
"Asbestos following an emergency event Asbestos released in the air from fire or the destruction of buildings can be harmful to people's health. The hazard is from inhaling the fibres, not from swallowing or skin contamination.",https://www.healthnz.govt.nz/health-topics/keeping-healthy/protecting-health-natural-disaster/asbestos-spread-from-fire-or-earthquakes,/health-topics/keeping-healthy/protecting-health-natural-disaster/asbestos-spread-from-fire-or-earthquakes,/health-topics/keeping-healthy/protecting-health-natural-disaster,3
During an emergency During an emergency or natural disaster you should listen to your radio for updates and any public health issue notices.,https://www.healthnz.govt.nz/health-topics/keeping-healthy/protecting-health-natural-disaster/during-an-emergency,/health-topics/keeping-healthy/protecting-health-natural-disaster/during-an-emergency,/health-topics/keeping-healthy/protecting-health-natural-disaster,3
"Fires, smoke and health Fires can expose people to a range of hazardous substances.",https://www.healthnz.govt.nz/health-topics/keeping-healthy/protecting-health-natural-disaster/fires-smoke,/health-topics/keeping-healthy/protecting-health-natural-disaster/fires-smoke,/health-topics/keeping-healthy/protecting-health-natural-disaster,3
Floods and health Floodwaters can carry bugs that cause disease from ground surface septic tanks and sewerage systems.,https://www.healthnz.govt.nz/health-topics/keeping-healthy/protecting-health-natural-disaster/floods-and-health,/health-topics/keeping-healthy/protecting-health-natural-disaster/floods-and-health,/health-topics/keeping-healthy/protecting-health-natural-disaster,3
Heat Extreme heat can cause illness and death. But effective planning and actions can reduce its effects on health.,https://www.healthnz.govt.nz/health-topics/keeping-healthy/protecting-health-natural-disaster/health-effects-from-heat,/health-topics/keeping-healthy/protecting-health-natural-disaster/health-effects-from-heat,/health-topics/keeping-healthy/protecting-health-natural-disaster,3
Volcanic emissions and health Volcanoes produce many hazards that can impact health.,https://www.healthnz.govt.nz/health-topics/keeping-healthy/protecting-health-natural-disaster/keeping-safe-from-volcanic-ash,/health-topics/keeping-healthy/protecting-health-natural-disaster/keeping-safe-from-volcanic-ash,/health-topics/keeping-healthy/protecting-health-natural-disaster,3
"Managing stress in an emergency If you or someone you know has been through a traumatic event, you may be feeling stressed or anxious. While there may be no simple fixes to make things better right away, there are some ways you can look after your wellbeing immediately after an emergency event.",https://www.healthnz.govt.nz/health-topics/keeping-healthy/protecting-health-natural-disaster/managing-stress-in-an-emergency,/health-topics/keeping-healthy/protecting-health-natural-disaster/managing-stress-in-an-emergency,/health-topics/keeping-healthy/protecting-health-natural-disaster,3
Preparing for an emergency Check through the information on this page and work towards being ready if a disaster happens.,https://www.healthnz.govt.nz/health-topics/keeping-healthy/protecting-health-natural-disaster/preparing-for-an-emergency,/health-topics/keeping-healthy/protecting-health-natural-disaster/preparing-for-an-emergency,/health-topics/keeping-healthy/protecting-health-natural-disaster,3
"Saving water and keeping healthy Water shortages can occur during low rainfall or natural disasters, or if there is a contamination of a water supply.",https://www.healthnz.govt.nz/health-topics/keeping-healthy/protecting-health-natural-disaster/saving-water-and-keeping-healthy,/health-topics/keeping-healthy/protecting-health-natural-disaster/saving-water-and-keeping-healthy,/health-topics/keeping-healthy/protecting-health-natural-disaster,3
Sexual health,https://www.healthnz.govt.nz/health-topics/keeping-healthy/safe-sex,/health-topics/keeping-healthy/safe-sex,/health-topics/keeping-healthy,2
Contraception,https://www.healthnz.govt.nz/health-topics/keeping-healthy/safe-sex/contraception,/health-topics/keeping-healthy/safe-sex/contraception,/health-topics/keeping-healthy/safe-sex,3
Contraceptive injections and implants The contraceptive injection (Depo-Provera) and contraceptive implant are suitable for some women. They provide longer-lasting hormonal contraception that is reversible.,https://www.healthnz.govt.nz/health-topics/keeping-healthy/safe-sex/contraception/contraceptive-injections-implants,/health-topics/keeping-healthy/safe-sex/contraception/contraceptive-injections-implants,/health-topics/keeping-healthy/safe-sex/contraception,4
Contraceptive pills Contraceptive pills (the pill) are a safe and effective way of preventing pregnancy. There are 2 types of contraceptive pill. Not all types of contraceptive pills are suitable for all people. The pill cannot protect you from sexually transmitted infections (STIs).,https://www.healthnz.govt.nz/health-topics/keeping-healthy/safe-sex/contraception/contraceptive-pills,/health-topics/keeping-healthy/safe-sex/contraception/contraceptive-pills,/health-topics/keeping-healthy/safe-sex/contraception,4
"Emergency contraception If you have had unprotected sex and are worried about being pregnant, you may want to use emergency contraception. There are 2 types available, the emergency contraceptive pill (the morning after pill) or a copper IUD.",https://www.healthnz.govt.nz/health-topics/keeping-healthy/safe-sex/contraception/emergency-contraceptive-pill,/health-topics/keeping-healthy/safe-sex/contraception/emergency-contraceptive-pill,/health-topics/keeping-healthy/safe-sex/contraception,4
Intrauterine contraceptive device An intrauterine contraceptive device (IUD) is used to prevent pregnancy. You can get copper IUDs or hormonal IUDs (Mirena or Jaydess). These sit inside your uterus.,https://www.healthnz.govt.nz/health-topics/keeping-healthy/safe-sex/contraception/intrauterine-contraceptive-device,/health-topics/keeping-healthy/safe-sex/contraception/intrauterine-contraceptive-device,/health-topics/keeping-healthy/safe-sex/contraception,4
"Safer sex and condoms Before you decide to have sex, talk to your sexual partner about safe sex. For protection against sexually transmitted infections, you should always use a condom.",https://www.healthnz.govt.nz/health-topics/keeping-healthy/safe-sex/contraception/safer-sex-condoms,/health-topics/keeping-healthy/safe-sex/contraception/safer-sex-condoms,/health-topics/keeping-healthy/safe-sex/contraception,4
Vasectomy A vasectomy is a procedure men can choose to have to make them sterile. This means they are unable to father a baby.,https://www.healthnz.govt.nz/health-topics/keeping-healthy/safe-sex/contraception/sterilisation,/health-topics/keeping-healthy/safe-sex/contraception/sterilisation,/health-topics/keeping-healthy/safe-sex/contraception,4
"Tubal ligation You can choose to be sterilised if you no longer want to be able to have children. In women, this is done through a procedure called a tubal ligation.",https://www.healthnz.govt.nz/health-topics/keeping-healthy/safe-sex/contraception/tubal-ligation,/health-topics/keeping-healthy/safe-sex/contraception/tubal-ligation,/health-topics/keeping-healthy/safe-sex/contraception,4
"Safe sex for teens and young adults You should only have sex when both you and your partner are ready. The legal age of consent in Aotearoa New Zealand is 16 years old, but healthcare support and contraception are available even if you are younger.",https://www.healthnz.govt.nz/health-topics/keeping-healthy/safe-sex/safe-sex-for-teens-and-young-adults,/health-topics/keeping-healthy/safe-sex/safe-sex-for-teens-and-young-adults,/health-topics/keeping-healthy/safe-sex,3
"Sexual health clinics Sexual health clinics provide confidential advice and check-ups for people of all ages, cultures, gender and sexual orientation.",https://www.healthnz.govt.nz/health-topics/keeping-healthy/safe-sex/sexual-health-clinics,/health-topics/keeping-healthy/safe-sex/sexual-health-clinics,/health-topics/keeping-healthy/safe-sex,3
"Sexually transmitted infections (STIs) STIs are common and can affect anyone who is sexually active. Many STIs have no symptoms, so you may not know you have one. Understand different STIs, symptoms to look out for, when to get tested, and how to protect yourself and others.",https://www.healthnz.govt.nz/health-topics/keeping-healthy/safe-sex/sexually-transmitted-infections,/health-topics/keeping-healthy/safe-sex/sexually-transmitted-infections,/health-topics/keeping-healthy/safe-sex,3
Sleep,https://www.healthnz.govt.nz/health-topics/keeping-healthy/sleep,/health-topics/keeping-healthy/sleep,/health-topics/keeping-healthy,2
Smoking and vaping,https://www.healthnz.govt.nz/health-topics/keeping-healthy/smoking-and-vaping,/health-topics/keeping-healthy/smoking-and-vaping,/health-topics/keeping-healthy,2
Vaping to stop smoking,"https://www.healthnz.govt.nz/health-topics/keeping-healthy/smoking-and-vaping/%5Bsitetree_link,id=5371%5D","/health-topics/keeping-healthy/smoking-and-vaping/%5Bsitetree_link,id=5371%5D",/health-topics/keeping-healthy/smoking-and-vaping,3
Nicotine,https://www.healthnz.govt.nz/health-topics/keeping-healthy/smoking-and-vaping/nicotine,/health-topics/keeping-healthy/smoking-and-vaping/nicotine,/health-topics/keeping-healthy/smoking-and-vaping,3
Quitting smoking,https://www.healthnz.govt.nz/health-topics/keeping-healthy/smoking-and-vaping/quitting-smoking,/health-topics/keeping-healthy/smoking-and-vaping/quitting-smoking,/health-topics/keeping-healthy/smoking-and-vaping,3
Stopping vaping,https://www.healthnz.govt.nz/health-topics/keeping-healthy/smoking-and-vaping/quitting-vaping,/health-topics/keeping-healthy/smoking-and-vaping/quitting-vaping,/health-topics/keeping-healthy/smoking-and-vaping,3
Get the facts,https://www.healthnz.govt.nz/health-topics/keeping-healthy/smoking-and-vaping/vaping-myths-and-facts,/health-topics/keeping-healthy/smoking-and-vaping/vaping-myths-and-facts,/health-topics/keeping-healthy/smoking-and-vaping,3
Vaping to stop smoking,https://www.healthnz.govt.nz/health-topics/keeping-healthy/smoking-and-vaping/vaping-to-stop-smoking,/health-topics/keeping-healthy/smoking-and-vaping/vaping-to-stop-smoking,/health-topics/keeping-healthy/smoking-and-vaping,3
Tattoos,https://www.healthnz.govt.nz/health-topics/keeping-healthy/tattoos,/health-topics/keeping-healthy/tattoos,/health-topics/keeping-healthy,2
Dental care,https://www.healthnz.govt.nz/health-topics/keeping-healthy/teeth-gums,/health-topics/keeping-healthy/teeth-gums,/health-topics/keeping-healthy,2
"Drugs Using cannabis or methamphetamine can cause problems in your mouth. Cannabis can increase your risk of developing gum disease, and methamphetamine can lead to tooth decay.",https://www.healthnz.govt.nz/health-topics/keeping-healthy/teeth-gums/cannabis-methamphetamine-and-oral-health,/health-topics/keeping-healthy/teeth-gums/cannabis-methamphetamine-and-oral-health,/health-topics/keeping-healthy/teeth-gums,3
Dental health for older people Good dental health in older people supports overall health and wellbeing. It is important you continue to take good care of your teeth and gums when you are older.,https://www.healthnz.govt.nz/health-topics/keeping-healthy/teeth-gums/dental-health-for-older-people,/health-topics/keeping-healthy/teeth-gums/dental-health-for-older-people,/health-topics/keeping-healthy/teeth-gums,3
"First aid for teeth Accidents involving your teeth can happen. Find out what to do about knocked out teeth, broken or chipped teeth, or displaced teeth.",https://www.healthnz.govt.nz/health-topics/keeping-healthy/teeth-gums/first-aid-for-teeth,/health-topics/keeping-healthy/teeth-gums/first-aid-for-teeth,/health-topics/keeping-healthy/teeth-gums,3
Flossing Dental floss or inter-dental brushes are used to clean between teeth.,https://www.healthnz.govt.nz/health-topics/keeping-healthy/teeth-gums/flossing-and-inter-dental-brushes,/health-topics/keeping-healthy/teeth-gums/flossing-and-inter-dental-brushes,/health-topics/keeping-healthy/teeth-gums,3
"Fluoride Fluoride is a natural substance. It helps protect our teeth by making them stronger, and reducing tooth decay.",https://www.healthnz.govt.nz/health-topics/keeping-healthy/teeth-gums/fluoride,/health-topics/keeping-healthy/teeth-gums/fluoride,/health-topics/keeping-healthy/teeth-gums,3
"Oral hygiene and saliva management Oral hygiene means keeping your mouth (teeth, tongue, gums and roof of your mouth) clean and healthy. Good oral hygiene maintains healthy teeth and limits bacterial growth your mouth.",https://www.healthnz.govt.nz/health-topics/keeping-healthy/teeth-gums/oral-hygiene-and-saliva-management,/health-topics/keeping-healthy/teeth-gums/oral-hygiene-and-saliva-management,/health-topics/keeping-healthy/teeth-gums,3
Smoking and oral health How smoking affects your oral health and increases your risk of developing other problems.,https://www.healthnz.govt.nz/health-topics/keeping-healthy/teeth-gums/smoking-oral-health,/health-topics/keeping-healthy/teeth-gums/smoking-oral-health,/health-topics/keeping-healthy/teeth-gums,3
Wisdom teeth Most people have 32 teeth by the time they are 18. At around age 18 to 20 the third molars (wisdom teeth) are the last 4 teeth to come in. Wisdom teeth may have to be removed to correct a problem or to prevent future problems.,https://www.healthnz.govt.nz/health-topics/keeping-healthy/teeth-gums/wisdom-teeth,/health-topics/keeping-healthy/teeth-gums/wisdom-teeth,/health-topics/keeping-healthy/teeth-gums,3
Travel,https://www.healthnz.govt.nz/health-topics/keeping-healthy/travel,/health-topics/keeping-healthy/travel,/health-topics/keeping-healthy,2
Workplace wellbeing,https://www.healthnz.govt.nz/health-topics/keeping-healthy/workplace-wellbeing,/health-topics/keeping-healthy/workplace-wellbeing,/health-topics/keeping-healthy,2
"Nutrition and physical activity at work Healthy eating and regular physical activity support good health, wellbeing and a productive workforce.",https://www.healthnz.govt.nz/health-topics/keeping-healthy/workplace-wellbeing/nutrition-and-physical-activity-at-work,/health-topics/keeping-healthy/workplace-wellbeing/nutrition-and-physical-activity-at-work,/health-topics/keeping-healthy/workplace-wellbeing,3
"Workplace health and wellbeing Our pay, the social connections we have at work, and the types of jobs we take on, all impact physical and mental health, for workers and their whānau.",https://www.healthnz.govt.nz/health-topics/keeping-healthy/workplace-wellbeing/workplace-health-and-wellbeing,/health-topics/keeping-healthy/workplace-wellbeing/workplace-health-and-wellbeing,/health-topics/keeping-healthy/workplace-wellbeing,3
Mental wellbeing,https://www.healthnz.govt.nz/health-topics/mental-health,/health-topics/mental-health,/health-topics,1
Alcohol and drugs,https://www.healthnz.govt.nz/health-topics/mental-health/alcohol-and-drug-addiction,/health-topics/mental-health/alcohol-and-drug-addiction,/health-topics/mental-health,2
"Alcohol addiction Alcohol addiction is a medical condition where your life is significantly affected by alcohol, and you have become dependent on it. Alcohol addiction can happen to anyone.",https://www.healthnz.govt.nz/health-topics/mental-health/alcohol-and-drug-addiction/alcohol-addiction,/health-topics/mental-health/alcohol-and-drug-addiction/alcohol-addiction,/health-topics/mental-health/alcohol-and-drug-addiction,3
Alcohol and drug services Alcohol and other drug abuse is really common. Find out about the services and information available to help with an alcohol or drug problem.,https://www.healthnz.govt.nz/health-topics/mental-health/alcohol-and-drug-addiction/alcohol-and-drug-services,/health-topics/mental-health/alcohol-and-drug-addiction/alcohol-and-drug-services,/health-topics/mental-health/alcohol-and-drug-addiction,3
Healthline,"https://www.healthnz.govt.nz/health-topics/mental-health/alcohol-and-drug-addiction/alcohol-and-drug-services/%5Bsitetree_link,id=136%5D","/health-topics/mental-health/alcohol-and-drug-addiction/alcohol-and-drug-services/%5Bsitetree_link,id=136%5D",/health-topics/mental-health/alcohol-and-drug-addiction/alcohol-and-drug-services,4
Community treatment services There are services in the community to help you and your whānau with alcohol or drug problems.,https://www.healthnz.govt.nz/health-topics/mental-health/alcohol-and-drug-addiction/alcohol-and-drug-services/community-treatment-services,/health-topics/mental-health/alcohol-and-drug-addiction/alcohol-and-drug-services/community-treatment-services,/health-topics/mental-health/alcohol-and-drug-addiction/alcohol-and-drug-services,4
Help for whānau and friends Resources and tools for people concerned for someone who may have a problem with alcohol or drug use.,https://www.healthnz.govt.nz/health-topics/mental-health/alcohol-and-drug-addiction/alcohol-and-drug-services/help-for-whanau-and-friends,/health-topics/mental-health/alcohol-and-drug-addiction/alcohol-and-drug-services/help-for-whanau-and-friends,/health-topics/mental-health/alcohol-and-drug-addiction/alcohol-and-drug-services,4
Live in treatment services Live in treatment services are available if you need intensive help with alcohol or drug problems.,https://www.healthnz.govt.nz/health-topics/mental-health/alcohol-and-drug-addiction/alcohol-and-drug-services/live-in-treatment-services,/health-topics/mental-health/alcohol-and-drug-addiction/alcohol-and-drug-services/live-in-treatment-services,/health-topics/mental-health/alcohol-and-drug-addiction/alcohol-and-drug-services,4
New Zealand Needle Exchange Programme The Needle Exchange Programme supports people who inject drugs across the motu.,https://www.healthnz.govt.nz/health-topics/mental-health/alcohol-and-drug-addiction/alcohol-and-drug-services/new-zealand-needle-exchange-programme,/health-topics/mental-health/alcohol-and-drug-addiction/alcohol-and-drug-services/new-zealand-needle-exchange-programme,/health-topics/mental-health/alcohol-and-drug-addiction/alcohol-and-drug-services,4
Online resources Website information and resources for those who want help and advice for their alcohol or drug use.,https://www.healthnz.govt.nz/health-topics/mental-health/alcohol-and-drug-addiction/alcohol-and-drug-services/online-resources,/health-topics/mental-health/alcohol-and-drug-addiction/alcohol-and-drug-services/online-resources,/health-topics/mental-health/alcohol-and-drug-addiction/alcohol-and-drug-services,4
"Alcohol and related harms Preventing alcohol harm is an important step towards growing a healthy and equitable society in Aotearoa New Zealand. Alcohol is Aotearoa New Zealand's most widely used and harmful drug. Alcohol can impact people's live in many ways, causing both short and long-term harm.",https://www.healthnz.govt.nz/health-topics/mental-health/alcohol-and-drug-addiction/alcohol-and-related-harms,/health-topics/mental-health/alcohol-and-drug-addiction/alcohol-and-related-harms,/health-topics/mental-health/alcohol-and-drug-addiction,3
Alcohol and older people,https://www.healthnz.govt.nz/health-topics/mental-health/alcohol-and-drug-addiction/alcohol-older-people,/health-topics/mental-health/alcohol-and-drug-addiction/alcohol-older-people,/health-topics/mental-health/alcohol-and-drug-addiction,3
Drinking responsibly,https://www.healthnz.govt.nz/health-topics/mental-health/alcohol-and-drug-addiction/drinking-responsibly,/health-topics/mental-health/alcohol-and-drug-addiction/drinking-responsibly,/health-topics/mental-health/alcohol-and-drug-addiction,3
"Drug addiction and abuse Addiction and abuse can happen when you use an illegal drug, or a prescribed medication in a harmful way. Different drugs give different pleasurable effects. People use many substances casually or more regularly to get a high, or to make them feel good. Drug-induced experiences can come at a high price.",https://www.healthnz.govt.nz/health-topics/mental-health/alcohol-and-drug-addiction/drug-addiction-and-abuse,/health-topics/mental-health/alcohol-and-drug-addiction/drug-addiction-and-abuse,/health-topics/mental-health/alcohol-and-drug-addiction,3
Cannabis hyperemesis syndrome,https://www.healthnz.govt.nz/health-topics/mental-health/alcohol-and-drug-addiction/drug-addiction-and-abuse/cannabis-hyperemesis-syndrome,/health-topics/mental-health/alcohol-and-drug-addiction/drug-addiction-and-abuse/cannabis-hyperemesis-syndrome,/health-topics/mental-health/alcohol-and-drug-addiction/drug-addiction-and-abuse,4
Methamphetamine,https://www.healthnz.govt.nz/health-topics/mental-health/alcohol-and-drug-addiction/drug-addiction-and-abuse/methamphetamine,/health-topics/mental-health/alcohol-and-drug-addiction/drug-addiction-and-abuse/methamphetamine,/health-topics/mental-health/alcohol-and-drug-addiction/drug-addiction-and-abuse,4
"Getting help with alcohol or drug addiction Quitting or cutting back on alcohol or drugs is very hard once you are addicted. Most people who are heavily addicted will need help from professionals. Once you have stopped using alcohol or drugs, you are likely to need ongoing support to stop going back to them.",https://www.healthnz.govt.nz/health-topics/mental-health/alcohol-and-drug-addiction/getting-help-with-alcohol-or-drug-addiction,/health-topics/mental-health/alcohol-and-drug-addiction/getting-help-with-alcohol-or-drug-addiction,/health-topics/mental-health/alcohol-and-drug-addiction,3
Assault and abuse,https://www.healthnz.govt.nz/health-topics/mental-health/assault-and-abuse,/health-topics/mental-health/assault-and-abuse,/health-topics/mental-health,2
Child abuse and neglect Abuse and neglect need to be treated seriously because the effects can be very harmful and may last a lifetime.,https://www.healthnz.govt.nz/health-topics/mental-health/assault-and-abuse/child-abuse-and-neglect,/health-topics/mental-health/assault-and-abuse/child-abuse-and-neglect,/health-topics/mental-health/assault-and-abuse,3
Elder abuse and neglect Elder abuse is when an older person experiences harm or distress. Harm can happen in different ways.,https://www.healthnz.govt.nz/health-topics/mental-health/assault-and-abuse/elder-abuse-and-neglect,/health-topics/mental-health/assault-and-abuse/elder-abuse-and-neglect,/health-topics/mental-health/assault-and-abuse,3
"Teens and young adults Abuse can happen to anyone regardless of their gender, age, race or religion.",https://www.healthnz.govt.nz/health-topics/mental-health/assault-and-abuse/emotional-and-physical-abuse-in-teens-and-young-adults,/health-topics/mental-health/assault-and-abuse/emotional-and-physical-abuse-in-teens-and-young-adults,/health-topics/mental-health/assault-and-abuse,3
Family harm Family harm is when someone uses their words or actions to control or harm a family or whānau member.,https://www.healthnz.govt.nz/health-topics/mental-health/assault-and-abuse/family-harm,/health-topics/mental-health/assault-and-abuse/family-harm,/health-topics/mental-health/assault-and-abuse,3
"Sexual harm Sexual harm is any sort of sexual contact, act or behaviour towards another person who does not give consent.",https://www.healthnz.govt.nz/health-topics/mental-health/assault-and-abuse/sexual-harm,/health-topics/mental-health/assault-and-abuse/sexual-harm,/health-topics/mental-health/assault-and-abuse,3
Crisis assessment teams,https://www.healthnz.govt.nz/health-topics/mental-health/crisis-assessment-teams,/health-topics/mental-health/crisis-assessment-teams,/health-topics/mental-health,2
Grief and loss,https://www.healthnz.govt.nz/health-topics/mental-health/grief-and-loss,/health-topics/mental-health/grief-and-loss,/health-topics/mental-health,2
Loneliness and isolation,https://www.healthnz.govt.nz/health-topics/mental-health/mental-wellbeing-loneliness,/health-topics/mental-health/mental-wellbeing-loneliness,/health-topics/mental-health,2
Stress,https://www.healthnz.govt.nz/health-topics/mental-health/stress,/health-topics/mental-health/stress,/health-topics/mental-health,2
Relaxation techniques,https://www.healthnz.govt.nz/health-topics/mental-health/stress/relaxation-techniques,/health-topics/mental-health/stress/relaxation-techniques,/health-topics/mental-health/stress,3
Where to get help for mental health,https://www.healthnz.govt.nz/health-topics/mental-health/where-to-get-help,/health-topics/mental-health/where-to-get-help,/health-topics/mental-health,2
Wellbeing support,https://www.healthnz.govt.nz/health-topics/mental-health/where-to-get-help/wellbeing-support,/health-topics/mental-health/where-to-get-help/wellbeing-support,/health-topics/mental-health/where-to-get-help,3
Business mental health toolkit,https://www.healthnz.govt.nz/health-topics/mental-health/where-to-get-help/wellbeing-support/business-mental-health-toolkit,/health-topics/mental-health/where-to-get-help/wellbeing-support/business-mental-health-toolkit,/health-topics/mental-health/where-to-get-help/wellbeing-support,4
Kaupapa Māori wellbeing services,https://www.healthnz.govt.nz/health-topics/mental-health/where-to-get-help/wellbeing-support/kaupapa-maori-wellbeing-services,/health-topics/mental-health/where-to-get-help/wellbeing-support/kaupapa-maori-wellbeing-services,/health-topics/mental-health/where-to-get-help/wellbeing-support,4
Pacific wellbeing services,https://www.healthnz.govt.nz/health-topics/mental-health/where-to-get-help/wellbeing-support/pacific-wellbeing-services,/health-topics/mental-health/where-to-get-help/wellbeing-support/pacific-wellbeing-services,/health-topics/mental-health/where-to-get-help/wellbeing-support,4
Rural wellbeing support,https://www.healthnz.govt.nz/health-topics/mental-health/where-to-get-help/wellbeing-support/rural-services,/health-topics/mental-health/where-to-get-help/wellbeing-support/rural-services,/health-topics/mental-health/where-to-get-help/wellbeing-support,4
Wellbeing services in general practice (GP),https://www.healthnz.govt.nz/health-topics/mental-health/where-to-get-help/wellbeing-support/wellbeing-support-in-general-practice-gp,/health-topics/mental-health/where-to-get-help/wellbeing-support/wellbeing-support-in-general-practice-gp,/health-topics/mental-health/where-to-get-help/wellbeing-support,4
Youth wellbeing services,https://www.healthnz.govt.nz/health-topics/mental-health/where-to-get-help/wellbeing-support/youth-wellbeing-services,/health-topics/mental-health/where-to-get-help/wellbeing-support/youth-wellbeing-services,/health-topics/mental-health/where-to-get-help/wellbeing-support,4
Pregnancy and maternity,https://www.healthnz.govt.nz/health-topics/pregnancy-maternity,/health-topics/pregnancy-maternity,/health-topics,1
Abortion,https://www.healthnz.govt.nz/health-topics/pregnancy-maternity/abortion-termination-of-pregnancy,/health-topics/pregnancy-maternity/abortion-termination-of-pregnancy,/health-topics/pregnancy-maternity,2
Becoming a dad,https://www.healthnz.govt.nz/health-topics/pregnancy-maternity/becoming-a-dad,/health-topics/pregnancy-maternity/becoming-a-dad,/health-topics/pregnancy-maternity,2
Breastfeeding,https://www.healthnz.govt.nz/health-topics/pregnancy-maternity/breastfeeding,/health-topics/pregnancy-maternity/breastfeeding,/health-topics/pregnancy-maternity,2
Breastfeeding after surgery You may need a general anaesthetic for a procedure or operation while you are still breastfeeding. Most medicines used for putting you to sleep are safe for breastfeeding. Let your healthcare provider know you are breastfeeding so they can support you.,https://www.healthnz.govt.nz/health-topics/pregnancy-maternity/breastfeeding/breastfeeding-after-surgery,/health-topics/pregnancy-maternity/breastfeeding/breastfeeding-after-surgery,/health-topics/pregnancy-maternity/breastfeeding,3
Breastfeeding and returning to work You do not have to stop breastfeeding just because you are returning to work. Find out about breastfeeding and working.,https://www.healthnz.govt.nz/health-topics/pregnancy-maternity/breastfeeding/breastfeeding-and-returning-to-work,/health-topics/pregnancy-maternity/breastfeeding/breastfeeding-and-returning-to-work,/health-topics/pregnancy-maternity/breastfeeding,3
Breastfeeding – getting out and about A few weeks after the birth it is important for you to start getting out and about with your new pēpi (baby).,https://www.healthnz.govt.nz/health-topics/pregnancy-maternity/breastfeeding/breastfeeding-getting-out-and-about,/health-topics/pregnancy-maternity/breastfeeding/breastfeeding-getting-out-and-about,/health-topics/pregnancy-maternity/breastfeeding,3
Breastfeeding problems There are some common problems you may have when breastfeeding. This page tells you what they are and has advice to manage them.,https://www.healthnz.govt.nz/health-topics/pregnancy-maternity/breastfeeding/breastfeeding-problems,/health-topics/pregnancy-maternity/breastfeeding/breastfeeding-problems,/health-topics/pregnancy-maternity/breastfeeding,3
Donated breast milk Breast milk banks and donated breast milk.,https://www.healthnz.govt.nz/health-topics/pregnancy-maternity/breastfeeding/donated-breast-milk,/health-topics/pregnancy-maternity/breastfeeding/donated-breast-milk,/health-topics/pregnancy-maternity/breastfeeding,3
"Eating well when breastfeeding twins or triplets Many women breastfeed their twins or triplets. If you are breastfeeding more than one pēpi, you will need to eat and drink more than usual.",https://www.healthnz.govt.nz/health-topics/pregnancy-maternity/breastfeeding/eating-well-breastfeeding-twins,/health-topics/pregnancy-maternity/breastfeeding/eating-well-breastfeeding-twins,/health-topics/pregnancy-maternity/breastfeeding,3
Eating well when breastfeeding Find out how to eat well and what nutrition your body needs when breastfeeding.,https://www.healthnz.govt.nz/health-topics/pregnancy-maternity/breastfeeding/eating-well-when-breastfeeding,/health-topics/pregnancy-maternity/breastfeeding/eating-well-when-breastfeeding,/health-topics/pregnancy-maternity/breastfeeding,3
"Expressing breast milk You can express (remove) milk from your breasts by hand or using a breast pump. If you need to be away from your pēpi, you can express and store milk to feed to them later.",https://www.healthnz.govt.nz/health-topics/pregnancy-maternity/breastfeeding/expressing-breast-milk,/health-topics/pregnancy-maternity/breastfeeding/expressing-breast-milk,/health-topics/pregnancy-maternity/breastfeeding,3
Getting ready to breastfeed It helps to know as much as possible about breastfeeding before your pēpi (baby) is born. Find out what you can do to prepare for breastfeeding.,https://www.healthnz.govt.nz/health-topics/pregnancy-maternity/breastfeeding/getting-ready-to-breastfeed,/health-topics/pregnancy-maternity/breastfeeding/getting-ready-to-breastfeed,/health-topics/pregnancy-maternity/breastfeeding,3
"How to breastfeed What a good latch looks like, how to position your pēpi for breastfeeding and how to get support.",https://www.healthnz.govt.nz/health-topics/pregnancy-maternity/breastfeeding/how-to-breastfeed,/health-topics/pregnancy-maternity/breastfeeding/how-to-breastfeed,/health-topics/pregnancy-maternity/breastfeeding,3
"Medicines, alcohol, drugs and breastfeeding What you put into your body when you are breastfeeding can enter your breast milk. Most medicines are safe to take while breastfeeding. But recreational drugs, alcohol and smoking can harm your pēpi.",https://www.healthnz.govt.nz/health-topics/pregnancy-maternity/breastfeeding/medicines-alcohol-drugs-and-breastfeeding,/health-topics/pregnancy-maternity/breastfeeding/medicines-alcohol-drugs-and-breastfeeding,/health-topics/pregnancy-maternity/breastfeeding,3
"Nipple shields to support breastfeeding Nipple shields are thin, flexible silicone covers that fit over your nipple during breastfeeding. They can help your pēpi if they have difficulty latching or feeding.",https://www.healthnz.govt.nz/health-topics/pregnancy-maternity/breastfeeding/nipple-shields-to-support-breastfeeding,/health-topics/pregnancy-maternity/breastfeeding/nipple-shields-to-support-breastfeeding,/health-topics/pregnancy-maternity/breastfeeding,3
"Pregnancy and breastfeeding with HIV People with HIV can pass it on to their babies during pregnancy, birth, and while breastfeeding.",https://www.healthnz.govt.nz/health-topics/pregnancy-maternity/breastfeeding/pregnancy-and-breastfeeding-with-hiv,/health-topics/pregnancy-maternity/breastfeeding/pregnancy-and-breastfeeding-with-hiv,/health-topics/pregnancy-maternity/breastfeeding,3
Starting breastfeeding Getting started with breastfeeding and why the first feeds are so important.,https://www.healthnz.govt.nz/health-topics/pregnancy-maternity/breastfeeding/starting-breastfeeding,/health-topics/pregnancy-maternity/breastfeeding/starting-breastfeeding,/health-topics/pregnancy-maternity/breastfeeding,3
Supporting a breastfeeding parent Things that you can do to support breastfeeding parents to breastfeed.,https://www.healthnz.govt.nz/health-topics/pregnancy-maternity/breastfeeding/supporting-a-breastfeeding-parent,/health-topics/pregnancy-maternity/breastfeeding/supporting-a-breastfeeding-parent,/health-topics/pregnancy-maternity/breastfeeding,3
"Tongue tie Signs tongue tie is causing problems, how to get an assessment.",https://www.healthnz.govt.nz/health-topics/pregnancy-maternity/breastfeeding/tongue-tie,/health-topics/pregnancy-maternity/breastfeeding/tongue-tie,/health-topics/pregnancy-maternity/breastfeeding,3
Finding out you are pregnant,https://www.healthnz.govt.nz/health-topics/pregnancy-maternity/finding-out-you-are-pregnant,/health-topics/pregnancy-maternity/finding-out-you-are-pregnant,/health-topics/pregnancy-maternity,2
Having a healthy pregnancy,https://www.healthnz.govt.nz/health-topics/pregnancy-maternity/having-a-healthy-pregnancy,/health-topics/pregnancy-maternity/having-a-healthy-pregnancy,/health-topics/pregnancy-maternity,2
How to get your daily iron,"https://www.healthnz.govt.nz/health-topics/pregnancy-maternity/having-a-healthy-pregnancy/%5Bsitetree_link,id=2964%5D","/health-topics/pregnancy-maternity/having-a-healthy-pregnancy/%5Bsitetree_link,id=2964%5D",/health-topics/pregnancy-maternity/having-a-healthy-pregnancy,3
Keeping your pēpi safe in bed,"https://www.healthnz.govt.nz/health-topics/pregnancy-maternity/having-a-healthy-pregnancy/%5Bsitetree_link,id=338%5D","/health-topics/pregnancy-maternity/having-a-healthy-pregnancy/%5Bsitetree_link,id=338%5D",/health-topics/pregnancy-maternity/having-a-healthy-pregnancy,3
"Smoking, alcohol, and drugs when you are pregnant",https://www.healthnz.govt.nz/health-topics/pregnancy-maternity/having-a-healthy-pregnancy/alcohol-drugs-smoking-during-pregnancy,/health-topics/pregnancy-maternity/having-a-healthy-pregnancy/alcohol-drugs-smoking-during-pregnancy,/health-topics/pregnancy-maternity/having-a-healthy-pregnancy,3
Fetal alcohol spectrum disorder,https://www.healthnz.govt.nz/health-topics/pregnancy-maternity/having-a-healthy-pregnancy/alcohol-drugs-smoking-during-pregnancy/fetal-alcohol-spectrum-disorder,/health-topics/pregnancy-maternity/having-a-healthy-pregnancy/alcohol-drugs-smoking-during-pregnancy/fetal-alcohol-spectrum-disorder,/health-topics/pregnancy-maternity/having-a-healthy-pregnancy/alcohol-drugs-smoking-during-pregnancy,4
Antenatal classes,https://www.healthnz.govt.nz/health-topics/pregnancy-maternity/having-a-healthy-pregnancy/antenatal-classes,/health-topics/pregnancy-maternity/having-a-healthy-pregnancy/antenatal-classes,/health-topics/pregnancy-maternity/having-a-healthy-pregnancy,3
Being active,https://www.healthnz.govt.nz/health-topics/pregnancy-maternity/having-a-healthy-pregnancy/exercise,/health-topics/pregnancy-maternity/having-a-healthy-pregnancy/exercise,/health-topics/pregnancy-maternity/having-a-healthy-pregnancy,3
"Getting ready for your pēpi No matter where you give birth, there are things you should think about before your pēpi is born, and how to get your home ready.",https://www.healthnz.govt.nz/health-topics/pregnancy-maternity/having-a-healthy-pregnancy/getting-ready-for-your-pepi,/health-topics/pregnancy-maternity/having-a-healthy-pregnancy/getting-ready-for-your-pepi,/health-topics/pregnancy-maternity/having-a-healthy-pregnancy,3
Healthy food and drinks,https://www.healthnz.govt.nz/health-topics/pregnancy-maternity/having-a-healthy-pregnancy/healthy-eating-during-pregnancy,/health-topics/pregnancy-maternity/having-a-healthy-pregnancy/healthy-eating-during-pregnancy,/health-topics/pregnancy-maternity/having-a-healthy-pregnancy,3
Medicines and pregnancy Many medicines are safe to take during pregnancy but some can harm your pēpi. You should talk with your midwife or doctor about any medicines you take and check before taking any new ones.,https://www.healthnz.govt.nz/health-topics/pregnancy-maternity/having-a-healthy-pregnancy/medicines-and-pregnancy,/health-topics/pregnancy-maternity/having-a-healthy-pregnancy/medicines-and-pregnancy,/health-topics/pregnancy-maternity/having-a-healthy-pregnancy,3
Morning sickness Feeling sick and throwing up is often called morning sickness. It is very common and may be the first sign you are pregnant.,https://www.healthnz.govt.nz/health-topics/pregnancy-maternity/having-a-healthy-pregnancy/morning-sickness,/health-topics/pregnancy-maternity/having-a-healthy-pregnancy/morning-sickness,/health-topics/pregnancy-maternity/having-a-healthy-pregnancy,3
"Multiple pregnancy Every year in Aotearoa around 1,000 whānau find themselves expecting twins, triplets, and sometimes even more pēpi.",https://www.healthnz.govt.nz/health-topics/pregnancy-maternity/having-a-healthy-pregnancy/multiple-births,/health-topics/pregnancy-maternity/having-a-healthy-pregnancy/multiple-births,/health-topics/pregnancy-maternity/having-a-healthy-pregnancy,3
Nutrients and supplements,https://www.healthnz.govt.nz/health-topics/pregnancy-maternity/having-a-healthy-pregnancy/nutrients-and-supplements-in-pregnancy,/health-topics/pregnancy-maternity/having-a-healthy-pregnancy/nutrients-and-supplements-in-pregnancy,/health-topics/pregnancy-maternity/having-a-healthy-pregnancy,3
Perineal massage The perineum is the area between the vagina and anus. This area stretches during childbirth. Regular massage from 35 weeks can help the perineum stretch more easily.,https://www.healthnz.govt.nz/health-topics/pregnancy-maternity/having-a-healthy-pregnancy/perineal-massage,/health-topics/pregnancy-maternity/having-a-healthy-pregnancy/perineal-massage,/health-topics/pregnancy-maternity/having-a-healthy-pregnancy,3
Preeclampsia Pre-eclampsia is a serious condition that can affect both you and your pēpi. It only happens during pregnancy and usually develops later in pregnancy. It causes high blood pressure and damage to some of your organs.,https://www.healthnz.govt.nz/health-topics/pregnancy-maternity/having-a-healthy-pregnancy/pre-eclampsia,/health-topics/pregnancy-maternity/having-a-healthy-pregnancy/pre-eclampsia,/health-topics/pregnancy-maternity/having-a-healthy-pregnancy,3
Pregnancy and immunisations,https://www.healthnz.govt.nz/health-topics/pregnancy-maternity/having-a-healthy-pregnancy/pregnancy-and-immunisations,/health-topics/pregnancy-maternity/having-a-healthy-pregnancy/pregnancy-and-immunisations,/health-topics/pregnancy-maternity/having-a-healthy-pregnancy,3
Pregnancy and your baby's movements Your pēpi (baby) will be active during your entire pregnancy. You will first start to feel them move when you are between 16 and 22 weeks pregnant. Find out what to expect.,https://www.healthnz.govt.nz/health-topics/pregnancy-maternity/having-a-healthy-pregnancy/pregnancy-and-your-babys-movements,/health-topics/pregnancy-maternity/having-a-healthy-pregnancy/pregnancy-and-your-babys-movements,/health-topics/pregnancy-maternity/having-a-healthy-pregnancy,3
Support if you are young and pregnant Thinking that you might be pregnant can be exciting and scary. There are lots of services to support pregnant women.,https://www.healthnz.govt.nz/health-topics/pregnancy-maternity/having-a-healthy-pregnancy/support-young-pregnant-people,/health-topics/pregnancy-maternity/having-a-healthy-pregnancy/support-young-pregnant-people,/health-topics/pregnancy-maternity/having-a-healthy-pregnancy,3
"Supporting your pregnant whānau member Find out about changes in pregnancy, how you can support your pregnant whānau member, and how to be ready for baby’s birth.",https://www.healthnz.govt.nz/health-topics/pregnancy-maternity/having-a-healthy-pregnancy/supporting-your-partner-during-pregnancy,/health-topics/pregnancy-maternity/having-a-healthy-pregnancy/supporting-your-partner-during-pregnancy,/health-topics/pregnancy-maternity/having-a-healthy-pregnancy,3
"Turning a breech baby by ECV An External Cephalic Version (ECV) is a procedure to turn a breech baby into a head-down position before birth. Find out who can have ECV, how it's done, success rates, risks, and what happens after having an ECV.",https://www.healthnz.govt.nz/health-topics/pregnancy-maternity/having-a-healthy-pregnancy/turning-a-breech-baby-external-cephalic-version-ecv,/health-topics/pregnancy-maternity/having-a-healthy-pregnancy/turning-a-breech-baby-external-cephalic-version-ecv,/health-topics/pregnancy-maternity/having-a-healthy-pregnancy,3
"Your baby and your body Learn about how your pēpi develops, and changes to your body.",https://www.healthnz.govt.nz/health-topics/pregnancy-maternity/having-a-healthy-pregnancy/your-baby-and-your-body,/health-topics/pregnancy-maternity/having-a-healthy-pregnancy/your-baby-and-your-body,/health-topics/pregnancy-maternity/having-a-healthy-pregnancy,3
Health problems in pregnancy,https://www.healthnz.govt.nz/health-topics/pregnancy-maternity/health-problems-in-pregnancy,/health-topics/pregnancy-maternity/health-problems-in-pregnancy,/health-topics/pregnancy-maternity,2
Bleeding in early pregnancy Some spotting or light vaginal bleeding is common in the first 3 months of pregnancy. It does not usually mean you are having a miscarriage. Find out what is normal and when to talk to your midwife or doctor.,https://www.healthnz.govt.nz/health-topics/pregnancy-maternity/health-problems-in-pregnancy/bleeding-in-pregnancy,/health-topics/pregnancy-maternity/health-problems-in-pregnancy/bleeding-in-pregnancy,/health-topics/pregnancy-maternity/health-problems-in-pregnancy,3
"Common issues Find tips on how to manage common pregnancy issues, and when to seek immediate medical advice.",https://www.healthnz.govt.nz/health-topics/pregnancy-maternity/health-problems-in-pregnancy/common-issues,/health-topics/pregnancy-maternity/health-problems-in-pregnancy/common-issues,/health-topics/pregnancy-maternity/health-problems-in-pregnancy,3
"Existing health conditions and pregnancy Find out about managing diabetes, thyroid conditions and asthma in pregnancy.",https://www.healthnz.govt.nz/health-topics/pregnancy-maternity/health-problems-in-pregnancy/existing-conditions-and-pregnancy,/health-topics/pregnancy-maternity/health-problems-in-pregnancy/existing-conditions-and-pregnancy,/health-topics/pregnancy-maternity/health-problems-in-pregnancy,3
"Gestational diabetes Gestational diabetes is diabetes that is diagnosed when you are pregnant. It can be treated by eating well, keeping physically active and sometimes you will need to take medication as well.",https://www.healthnz.govt.nz/health-topics/pregnancy-maternity/health-problems-in-pregnancy/gestational-diabetes,/health-topics/pregnancy-maternity/health-problems-in-pregnancy/gestational-diabetes,/health-topics/pregnancy-maternity/health-problems-in-pregnancy,3
Mental health during and after pregnancy,https://www.healthnz.govt.nz/health-topics/pregnancy-maternity/health-problems-in-pregnancy/mental-health,/health-topics/pregnancy-maternity/health-problems-in-pregnancy/mental-health,/health-topics/pregnancy-maternity/health-problems-in-pregnancy,3
Labour and birth,https://www.healthnz.govt.nz/health-topics/pregnancy-maternity/labour-and-birth,/health-topics/pregnancy-maternity/labour-and-birth,/health-topics/pregnancy-maternity,2
"Assisted vaginal birth Most babies are born without the help of instruments, but sometimes a doctor will recommend them.",https://www.healthnz.govt.nz/health-topics/pregnancy-maternity/labour-and-birth/assisted-vaginal-birth,/health-topics/pregnancy-maternity/labour-and-birth/assisted-vaginal-birth,/health-topics/pregnancy-maternity/labour-and-birth,3
Caesarean section Find out what when you give birth via a caesarean section and birth options after a previous caesarean.,https://www.healthnz.govt.nz/health-topics/pregnancy-maternity/labour-and-birth/caesarean-section,/health-topics/pregnancy-maternity/labour-and-birth/caesarean-section,/health-topics/pregnancy-maternity/labour-and-birth,3
"Birth after a caesarean section If you have had a caesarean section, you will need to decide how to give birth next time. You can choose between a vaginal birth after caesarean (VBAC) or an elective repeat caesarean section (ERCS).",https://www.healthnz.govt.nz/health-topics/pregnancy-maternity/labour-and-birth/caesarean-section/birth-after-caesarean,/health-topics/pregnancy-maternity/labour-and-birth/caesarean-section/birth-after-caesarean,/health-topics/pregnancy-maternity/labour-and-birth/caesarean-section,4
Caesarean section Caesarean section,https://www.healthnz.govt.nz/health-topics/pregnancy-maternity/labour-and-birth/caesarean-section/caesarean-section-birth,/health-topics/pregnancy-maternity/labour-and-birth/caesarean-section/caesarean-section-birth,/health-topics/pregnancy-maternity/labour-and-birth/caesarean-section,4
Planned (elective) caesarean section A planned or elective caesarean section is when your operation is planned before labour. This is when your doctor or midwife thinks that labour is dangerous for you or your pēpi (baby).,https://www.healthnz.govt.nz/health-topics/pregnancy-maternity/labour-and-birth/caesarean-section/planned-elective-caesarean-section,/health-topics/pregnancy-maternity/labour-and-birth/caesarean-section/planned-elective-caesarean-section,/health-topics/pregnancy-maternity/labour-and-birth/caesarean-section,4
"Placenta Find out about the placenta, problems that can happen and options for its care, burial or disposal after your pēpi is born.",https://www.healthnz.govt.nz/health-topics/pregnancy-maternity/labour-and-birth/caring-for-your-whenua,/health-topics/pregnancy-maternity/labour-and-birth/caring-for-your-whenua,/health-topics/pregnancy-maternity/labour-and-birth,3
"Going into labour Find out about the signs of labour, what you may feel as labour starts, and the 3 stages of labour.",https://www.healthnz.govt.nz/health-topics/pregnancy-maternity/labour-and-birth/going-into-labour,/health-topics/pregnancy-maternity/labour-and-birth/going-into-labour,/health-topics/pregnancy-maternity/labour-and-birth,3
"Group B streptococcus in newborn babies Group B streptococcus (GBS) is quite a common and normal germ (bacteria) in a woman's bowel or vagina. Around 10% to 30% of women have it from time to time. Babies can pick up GBS before or during birth. It can cause serious illness, but this is rare.",https://www.healthnz.govt.nz/health-topics/pregnancy-maternity/labour-and-birth/group-b-streptococcus-in-newborn-babies,/health-topics/pregnancy-maternity/labour-and-birth/group-b-streptococcus-in-newborn-babies,/health-topics/pregnancy-maternity/labour-and-birth,3
"Maternity care during and after the birth Who will be with you during labour and birth, what happens after birth and the first 4 to 6 weeks.",https://www.healthnz.govt.nz/health-topics/pregnancy-maternity/labour-and-birth/maternity-care-during-the-birth,/health-topics/pregnancy-maternity/labour-and-birth/maternity-care-during-the-birth,/health-topics/pregnancy-maternity/labour-and-birth,3
"Monitoring your pēpi's heartbeat Fetal monitoring is when we listen to pēpi’s heartbeat to see how they are coping during labour. If monitoring shows pēpi is not coping, your midwife or doctor will talk to you about options for the birth.",https://www.healthnz.govt.nz/health-topics/pregnancy-maternity/labour-and-birth/monitoring-your-pepis-heartbeat-during-labour-fetal-monitoring,/health-topics/pregnancy-maternity/labour-and-birth/monitoring-your-pepis-heartbeat-during-labour-fetal-monitoring,/health-topics/pregnancy-maternity/labour-and-birth,3
Pain relief in labour Pain is a normal part of the labour process. Many people choose not to have any pain relief during labour. Others choose to have medicines to help with them cope with the sensations. It is your choice whether you have pain relief or not.,https://www.healthnz.govt.nz/health-topics/pregnancy-maternity/labour-and-birth/pain-relief-options-for-labour-and-birth,/health-topics/pregnancy-maternity/labour-and-birth/pain-relief-options-for-labour-and-birth,/health-topics/pregnancy-maternity/labour-and-birth,3
Perineal tear It is common for the area between the vagina and anus to tear during childbirth. This is called a perineal tear.,https://www.healthnz.govt.nz/health-topics/pregnancy-maternity/labour-and-birth/perineal-tear,/health-topics/pregnancy-maternity/labour-and-birth/perineal-tear,/health-topics/pregnancy-maternity/labour-and-birth,3
Premature birth Premature pēpi (babies) are born before 37 weeks of pregnancy. Premature pēpi can have a range of problems and often need special care in a neonatal unit.,https://www.healthnz.govt.nz/health-topics/pregnancy-maternity/labour-and-birth/premature-birth,/health-topics/pregnancy-maternity/labour-and-birth/premature-birth,/health-topics/pregnancy-maternity/labour-and-birth,3
"Water labour and birth Using water during labour and birth can reduce pain, make you more comfortable and shorten labour. Talk to your lead maternity carer (or midwife or doctor) about this as part of your birth planning. Pools are available at many maternity units and also in the community for a home birth.",https://www.healthnz.govt.nz/health-topics/pregnancy-maternity/labour-and-birth/water-labour-and-birth,/health-topics/pregnancy-maternity/labour-and-birth/water-labour-and-birth,/health-topics/pregnancy-maternity/labour-and-birth,3
"What to bring to hospital for labour and birth Pack things like toiletries and comfortable clothing, and essentials for pēpi, like baby clothes and wool or cotton blankets. Leave any valuables at home and bring an approved car seat for pēpi.",https://www.healthnz.govt.nz/health-topics/pregnancy-maternity/labour-and-birth/what-to-bring-to-hospital-for-labour-and-birth,/health-topics/pregnancy-maternity/labour-and-birth/what-to-bring-to-hospital-for-labour-and-birth,/health-topics/pregnancy-maternity/labour-and-birth,3
"Where to give birth You can give birth at home, in a birthing centre, small maternity unit, or hospital. Unless you have complications all these choices are safe.",https://www.healthnz.govt.nz/health-topics/pregnancy-maternity/labour-and-birth/where-to-give-birth,/health-topics/pregnancy-maternity/labour-and-birth/where-to-give-birth,/health-topics/pregnancy-maternity/labour-and-birth,3
"Who to have with you during the birth Who you have with you at the birth is your choice. Your support person can be your baby’s father, your partner, your whānau or a friend.",https://www.healthnz.govt.nz/health-topics/pregnancy-maternity/labour-and-birth/who-to-have-with-you-during-the-birth,/health-topics/pregnancy-maternity/labour-and-birth/who-to-have-with-you-during-the-birth,/health-topics/pregnancy-maternity/labour-and-birth,3
Lead maternity carers — midwives and doctors,https://www.healthnz.govt.nz/health-topics/pregnancy-maternity/lead-maternity-carers,/health-topics/pregnancy-maternity/lead-maternity-carers,/health-topics/pregnancy-maternity,2
If you are unhappy with your care,https://www.healthnz.govt.nz/health-topics/pregnancy-maternity/lead-maternity-carers/if-you-are-unhappy-with-your-care,/health-topics/pregnancy-maternity/lead-maternity-carers/if-you-are-unhappy-with-your-care,/health-topics/pregnancy-maternity/lead-maternity-carers,3
Miscarriage and baby loss,https://www.healthnz.govt.nz/health-topics/pregnancy-maternity/miscarriage-and-baby-loss,/health-topics/pregnancy-maternity/miscarriage-and-baby-loss,/health-topics/pregnancy-maternity,2
Breast care after baby loss The loss of a pēpi (baby) or tamaiti (child) is very difficult for anyone. Managing your breast milk supply after loss is something you will need to think about. You have choices and it is up to you to decide what to do with your milk supply.,https://www.healthnz.govt.nz/health-topics/pregnancy-maternity/miscarriage-and-baby-loss/breast-care-after,/health-topics/pregnancy-maternity/miscarriage-and-baby-loss/breast-care-after,/health-topics/pregnancy-maternity/miscarriage-and-baby-loss,3
Ectopic pregnancy An ectopic pregnancy is when a fertilised egg attaches outside of the womb. Ectopic pregnancies can be dangerous and need immediate medical care.,https://www.healthnz.govt.nz/health-topics/pregnancy-maternity/miscarriage-and-baby-loss/ectopic-pregnancy,/health-topics/pregnancy-maternity/miscarriage-and-baby-loss/ectopic-pregnancy,/health-topics/pregnancy-maternity/miscarriage-and-baby-loss,3
Managing your miscarriage Managing a miscarriage can be difficult. You may need help to understand your options and how to care for yourself.,https://www.healthnz.govt.nz/health-topics/pregnancy-maternity/miscarriage-and-baby-loss/managing-your-miscarriage,/health-topics/pregnancy-maternity/miscarriage-and-baby-loss/managing-your-miscarriage,/health-topics/pregnancy-maternity/miscarriage-and-baby-loss,3
Miscarriage Miscarriage is a pregnancy that ends on its own before 20 weeks. It is most likely to happen in the first 12 weeks.,https://www.healthnz.govt.nz/health-topics/pregnancy-maternity/miscarriage-and-baby-loss/miscarriage,/health-topics/pregnancy-maternity/miscarriage-and-baby-loss/miscarriage,/health-topics/pregnancy-maternity/miscarriage-and-baby-loss,3
"Molar pregnancy A molar pregnancy is when an egg is fertilised but it is genetically faulty. Some tissue grows and implants, but it always ends in a miscarriage.",https://www.healthnz.govt.nz/health-topics/pregnancy-maternity/miscarriage-and-baby-loss/molar-pregnancy,/health-topics/pregnancy-maternity/miscarriage-and-baby-loss/molar-pregnancy,/health-topics/pregnancy-maternity/miscarriage-and-baby-loss,3
"Pregnancy loss — practical help and support After pregnancy loss you will probably find there are some difficult days ahead, and you may need some practical help and support about hospital procedures, funeral arrangements and going home.",https://www.healthnz.govt.nz/health-topics/pregnancy-maternity/miscarriage-and-baby-loss/pregnancy-loss-help-support,/health-topics/pregnancy-maternity/miscarriage-and-baby-loss/pregnancy-loss-help-support,/health-topics/pregnancy-maternity/miscarriage-and-baby-loss,3
"Stillbirth In Aotearoa New Zealand, losing a pēpi (baby) after 20 weeks of pregnancy is called a stillbirth. Most stillbirths cannot be prevented, but there are some things you can do to reduce the risk.",https://www.healthnz.govt.nz/health-topics/pregnancy-maternity/miscarriage-and-baby-loss/stillbirth,/health-topics/pregnancy-maternity/miscarriage-and-baby-loss/stillbirth,/health-topics/pregnancy-maternity/miscarriage-and-baby-loss,3
"Sudden unexpected death in infancy (SUDI) When a pēpi (baby) under one year old dies suddenly for no obvious reason, it is called a sudden unexpected death in infancy (SUDI). There are things parents can do to reduce the risk of SUDI.",https://www.healthnz.govt.nz/health-topics/pregnancy-maternity/miscarriage-and-baby-loss/sudden-unexpected-death-in-infancy-sudi,/health-topics/pregnancy-maternity/miscarriage-and-baby-loss/sudden-unexpected-death-in-infancy-sudi,/health-topics/pregnancy-maternity/miscarriage-and-baby-loss,3
"Surgical management of miscarriage Surgical management of a miscarriage is a choice for all women who have had a miscarriage. It may also be recommended or necessary depending on the circumstances, for example if there is unusually heavy bleeding.",https://www.healthnz.govt.nz/health-topics/pregnancy-maternity/miscarriage-and-baby-loss/surgical-management-miscarriage,/health-topics/pregnancy-maternity/miscarriage-and-baby-loss/surgical-management-miscarriage,/health-topics/pregnancy-maternity/miscarriage-and-baby-loss,3
Planning your pregnancy,https://www.healthnz.govt.nz/health-topics/pregnancy-maternity/planning-your-pregnancy,/health-topics/pregnancy-maternity/planning-your-pregnancy,/health-topics/pregnancy-maternity,2
"Before you get pregnant If you are thinking about getting pregnant, there are some things you can do to increase your chances of having a healthy pregnancy and pēpi (baby).",https://www.healthnz.govt.nz/health-topics/pregnancy-maternity/planning-your-pregnancy/before-you-get-pregnant,/health-topics/pregnancy-maternity/planning-your-pregnancy/before-you-get-pregnant,/health-topics/pregnancy-maternity/planning-your-pregnancy,3
"Blood sugar levels and pregnancy planning Being healthy before you get pregnant increases your chances of having a healthy pregnancy. Many people do not know if they have normal blood sugar levels or not. Find out about healthy blood sugar levels, especially before and during pregnancy.",https://www.healthnz.govt.nz/health-topics/pregnancy-maternity/planning-your-pregnancy/blood-sugar-levels-pregnancy-planning,/health-topics/pregnancy-maternity/planning-your-pregnancy/blood-sugar-levels-pregnancy-planning,/health-topics/pregnancy-maternity/planning-your-pregnancy,3
Finding out you are pregnant When you find out you are pregnant it can be hard to know what to do next.,https://www.healthnz.govt.nz/health-topics/pregnancy-maternity/planning-your-pregnancy/finding-out-you-are-pregnant,/health-topics/pregnancy-maternity/planning-your-pregnancy/finding-out-you-are-pregnant,/health-topics/pregnancy-maternity/planning-your-pregnancy,3
Improving your chances of getting pregnant You can increase your chances of getting pregnant by being aware of what affects your fertility.,https://www.healthnz.govt.nz/health-topics/pregnancy-maternity/planning-your-pregnancy/improving-your-chances-of-getting-pregnant,/health-topics/pregnancy-maternity/planning-your-pregnancy/improving-your-chances-of-getting-pregnant,/health-topics/pregnancy-maternity/planning-your-pregnancy,3
Infertility and difficulty getting pregnant More than 1 in 4 couples in Aotearoa New Zealand have had problems getting pregnant (conceiving) at some point in their lives. Infertility usually means you are not getting pregnant after 1 year of trying.,https://www.healthnz.govt.nz/health-topics/pregnancy-maternity/planning-your-pregnancy/infertility-difficulty-getting-pregnant,/health-topics/pregnancy-maternity/planning-your-pregnancy/infertility-difficulty-getting-pregnant,/health-topics/pregnancy-maternity/planning-your-pregnancy,3
"Timing for conception When planning a baby, a couple needs to make sure that they are having regular sex. This also needs to happen at the correct time in the menstrual cycle.",https://www.healthnz.govt.nz/health-topics/pregnancy-maternity/planning-your-pregnancy/timing-for-conception,/health-topics/pregnancy-maternity/planning-your-pregnancy/timing-for-conception,/health-topics/pregnancy-maternity/planning-your-pregnancy,3
Postnatal depression,https://www.healthnz.govt.nz/health-topics/pregnancy-maternity/postnatal-depression,/health-topics/pregnancy-maternity/postnatal-depression,/health-topics/pregnancy-maternity,2
Pregnancy and immunisations,https://www.healthnz.govt.nz/health-topics/pregnancy-maternity/pregnancy-and-immunisations,/health-topics/pregnancy-maternity/pregnancy-and-immunisations,/health-topics/pregnancy-maternity,2
"Pregnancy, birth and children services",https://www.healthnz.govt.nz/health-topics/pregnancy-maternity/pregnancy-birth-and-children-services,/health-topics/pregnancy-maternity/pregnancy-birth-and-children-services,/health-topics/pregnancy-maternity,2
Maternity facilities Find a maternity facility in your area.,https://www.healthnz.govt.nz/health-topics/pregnancy-maternity/pregnancy-birth-and-children-services/maternity-facilities,/health-topics/pregnancy-maternity/pregnancy-birth-and-children-services/maternity-facilities,/health-topics/pregnancy-maternity/pregnancy-birth-and-children-services,3
"Newborn hearing screening services All regions across the motu offer newborn hearing screening free of charge to every eligible pēpi born in their area, whether they are born in hospital or at home.",https://www.healthnz.govt.nz/health-topics/pregnancy-maternity/pregnancy-birth-and-children-services/newborn-hearing-screening-service-providers,/health-topics/pregnancy-maternity/pregnancy-birth-and-children-services/newborn-hearing-screening-service-providers,/health-topics/pregnancy-maternity/pregnancy-birth-and-children-services,3
"PlunketLine PlunketLine is a free helpline, available 24/7. Anyone in Aotearoa can use PlunketLine, you do not have to be registered with Plunket.",https://www.healthnz.govt.nz/health-topics/pregnancy-maternity/pregnancy-birth-and-children-services/plunketline,/health-topics/pregnancy-maternity/pregnancy-birth-and-children-services/plunketline,/health-topics/pregnancy-maternity/pregnancy-birth-and-children-services,3
Well Child Tamariki Ora The Well Child Tamariki Ora programme is a series of health visits and support that are free to all families for tamariki (children) from around 6 weeks up to 5 years of age.,https://www.healthnz.govt.nz/health-topics/pregnancy-maternity/pregnancy-birth-and-children-services/well-child-tamariki-ora,/health-topics/pregnancy-maternity/pregnancy-birth-and-children-services/well-child-tamariki-ora,/health-topics/pregnancy-maternity/pregnancy-birth-and-children-services,3
Well Child Tamariki Ora providers,https://www.healthnz.govt.nz/health-topics/pregnancy-maternity/pregnancy-birth-and-children-services/well-child-tamariki-ora-providers,/health-topics/pregnancy-maternity/pregnancy-birth-and-children-services/well-child-tamariki-ora-providers,/health-topics/pregnancy-maternity/pregnancy-birth-and-children-services,3
B4 School Check providers Find the key contact in your region for the B4 School Check.,https://www.healthnz.govt.nz/health-topics/pregnancy-maternity/pregnancy-birth-and-children-services/well-child-tamariki-ora/b4-school-check-providers,/health-topics/pregnancy-maternity/pregnancy-birth-and-children-services/well-child-tamariki-ora/b4-school-check-providers,/health-topics/pregnancy-maternity/pregnancy-birth-and-children-services/well-child-tamariki-ora,4
The B4 School Check A free health and development check for your 4 year old.,https://www.healthnz.govt.nz/health-topics/pregnancy-maternity/pregnancy-birth-and-children-services/well-child-tamariki-ora/the-b4-school-check,/health-topics/pregnancy-maternity/pregnancy-birth-and-children-services/well-child-tamariki-ora/the-b4-school-check,/health-topics/pregnancy-maternity/pregnancy-birth-and-children-services/well-child-tamariki-ora,4
Well Child Tamariki Ora visits Well Child Tamariki Ora visits happen from 4 weeks of age up to 4 years of age.,https://www.healthnz.govt.nz/health-topics/pregnancy-maternity/pregnancy-birth-and-children-services/well-child-tamariki-ora/well-child-tamariki-ora-visits,/health-topics/pregnancy-maternity/pregnancy-birth-and-children-services/well-child-tamariki-ora/well-child-tamariki-ora-visits,/health-topics/pregnancy-maternity/pregnancy-birth-and-children-services/well-child-tamariki-ora,4
Screening,https://www.healthnz.govt.nz/health-topics/pregnancy-maternity/pregnancy-newborn-screening,/health-topics/pregnancy-maternity/pregnancy-newborn-screening,/health-topics/pregnancy-maternity,2
"Checking the health and development of your pēpi Ultrasound scans are used to check the growth, development, and heart health of your pēpi during pregnancy.",https://www.healthnz.govt.nz/health-topics/pregnancy-maternity/pregnancy-newborn-screening/baby-health-checks,/health-topics/pregnancy-maternity/pregnancy-newborn-screening/baby-health-checks,/health-topics/pregnancy-maternity/pregnancy-newborn-screening,3
Blood tests You will be offered a blood test to check you and your pēpi (baby) are healthy.,https://www.healthnz.govt.nz/health-topics/pregnancy-maternity/pregnancy-newborn-screening/blood-tests-pregnancy,/health-topics/pregnancy-maternity/pregnancy-newborn-screening/blood-tests-pregnancy,/health-topics/pregnancy-maternity/pregnancy-newborn-screening,3
Diabetes testing in pregnancy Find out about testing and how to look after yourself and your pēpi.,https://www.healthnz.govt.nz/health-topics/pregnancy-maternity/pregnancy-newborn-screening/diabetes-testing-pregnancy,/health-topics/pregnancy-maternity/pregnancy-newborn-screening/diabetes-testing-pregnancy,/health-topics/pregnancy-maternity/pregnancy-newborn-screening,3
"Disorders screened for in the heel prick test (newborn blood spot screening) Find out what disorders are tested for, what causes them, treatment options and how often these disorders occur in pēpi.",https://www.healthnz.govt.nz/health-topics/pregnancy-maternity/pregnancy-newborn-screening/disorders-screened-heel-prick-test,/health-topics/pregnancy-maternity/pregnancy-newborn-screening/disorders-screened-heel-prick-test,/health-topics/pregnancy-maternity/pregnancy-newborn-screening,3
"Down syndrome & other conditions Find out what your screening options are if you choose to screen, when you have the tests, and what your results mean.",https://www.healthnz.govt.nz/health-topics/pregnancy-maternity/pregnancy-newborn-screening/down-syndrome-other-conditions,/health-topics/pregnancy-maternity/pregnancy-newborn-screening/down-syndrome-other-conditions,/health-topics/pregnancy-maternity/pregnancy-newborn-screening,3
"Hearing screening Find out how the test works, what to do if your pēpi has hearing loss and where you can get support.",https://www.healthnz.govt.nz/health-topics/pregnancy-maternity/pregnancy-newborn-screening/hearing-screening-newborns,/health-topics/pregnancy-maternity/pregnancy-newborn-screening/hearing-screening-newborns,/health-topics/pregnancy-maternity/pregnancy-newborn-screening,3
"Heel prick test Find out when and how the test is done, what the results mean, and your options for keeping the blood sample.",https://www.healthnz.govt.nz/health-topics/pregnancy-maternity/pregnancy-newborn-screening/heel-prick-test,/health-topics/pregnancy-maternity/pregnancy-newborn-screening/heel-prick-test,/health-topics/pregnancy-maternity/pregnancy-newborn-screening,3
HIV testing in pregnancy You will be offered a HIV blood test when you have your first blood test during pregnancy.,https://www.healthnz.govt.nz/health-topics/pregnancy-maternity/pregnancy-newborn-screening/hiv-testing-pregnancy,/health-topics/pregnancy-maternity/pregnancy-newborn-screening/hiv-testing-pregnancy,/health-topics/pregnancy-maternity/pregnancy-newborn-screening,3
Informed consent for the heel prick test It is your to choose for your pēpi to be screened. Ask your Lead Maternity Carer (LMC) for information to help you to make a decision.,https://www.healthnz.govt.nz/health-topics/pregnancy-maternity/pregnancy-newborn-screening/informed-consent,/health-topics/pregnancy-maternity/pregnancy-newborn-screening/informed-consent,/health-topics/pregnancy-maternity/pregnancy-newborn-screening,3
"Newborn hearing screening services All regions across the motu offer newborn hearing screening free of charge to every eligible pēpi born in their area, whether they are born in hospital or at home.",https://www.healthnz.govt.nz/health-topics/pregnancy-maternity/pregnancy-newborn-screening/newborn-hearing-screening-service-providers,/health-topics/pregnancy-maternity/pregnancy-newborn-screening/newborn-hearing-screening-service-providers,/health-topics/pregnancy-maternity/pregnancy-newborn-screening,3
"Metabolic screening stories 2019 marked 50 years of newborn metabolic screening in New Zealand. A series of unique videos have been produced of families who have benefited from metabolic screening, and key figures who have influenced and been involved with the programme over time.",https://www.healthnz.govt.nz/health-topics/pregnancy-maternity/pregnancy-newborn-screening/tell-us-your-story-celebrating-50-years-of-newborn-metabolic-screening,/health-topics/pregnancy-maternity/pregnancy-newborn-screening/tell-us-your-story-celebrating-50-years-of-newborn-metabolic-screening,/health-topics/pregnancy-maternity/pregnancy-newborn-screening,3
You and your newborn,https://www.healthnz.govt.nz/health-topics/pregnancy-maternity/you-and-your-newborn,/health-topics/pregnancy-maternity/you-and-your-newborn,/health-topics/pregnancy-maternity,2
Looking after yourself,"https://www.healthnz.govt.nz/health-topics/pregnancy-maternity/you-and-your-newborn/%5Bsitetree_link,id=572%5D","/health-topics/pregnancy-maternity/you-and-your-newborn/%5Bsitetree_link,id=572%5D",/health-topics/pregnancy-maternity/you-and-your-newborn,3
"Mental health during and after pregnancy If you are pregnant or have a newborn pēpi, you may experience low mood, anxiety or depression. There is help available to you and things you can do to support your own mental wellbeing.",https://www.healthnz.govt.nz/health-topics/pregnancy-maternity/you-and-your-newborn/mental-health,/health-topics/pregnancy-maternity/you-and-your-newborn/mental-health,/health-topics/pregnancy-maternity/you-and-your-newborn,3
"Midwife visits From birth to 6 weeks of age, your midwife will visit regularly to make sure you and pēpi are both healthy and well.",https://www.healthnz.govt.nz/health-topics/pregnancy-maternity/you-and-your-newborn/midwife-visits-first-6-weeks,/health-topics/pregnancy-maternity/you-and-your-newborn/midwife-visits-first-6-weeks,/health-topics/pregnancy-maternity/you-and-your-newborn,3
"Monitoring your blood pressure at home after birth If you have had high blood pressure (hypertension) during pregnancy or birth, you will be asked to monitor your blood pressure at home after you have given birth. You will need to do this for at least 7 days. Find out how to measure your blood pressure and when to contact your healthcare provider.",https://www.healthnz.govt.nz/health-topics/pregnancy-maternity/you-and-your-newborn/monitoring-your-blood-pressure-at-home-after-birth,/health-topics/pregnancy-maternity/you-and-your-newborn/monitoring-your-blood-pressure-at-home-after-birth,/health-topics/pregnancy-maternity/you-and-your-newborn,3
"Normal changes to your body after birth You can expect some changes to your body straight after your pēpi is born. Find out about bleeding, your tummy and breasts, and going to the toilet.",https://www.healthnz.govt.nz/health-topics/pregnancy-maternity/you-and-your-newborn/normal-changes-to-your-body-after-birth,/health-topics/pregnancy-maternity/you-and-your-newborn/normal-changes-to-your-body-after-birth,/health-topics/pregnancy-maternity/you-and-your-newborn,3
Problems in the week after the birth Find out about some common problems after birth and how they can be managed.,https://www.healthnz.govt.nz/health-topics/pregnancy-maternity/you-and-your-newborn/problems-in-the-week-after-the-birth,/health-topics/pregnancy-maternity/you-and-your-newborn/problems-in-the-week-after-the-birth,/health-topics/pregnancy-maternity/you-and-your-newborn,3
The first week after the birth Find out what you can expect in the first week after your pēpi is born.,https://www.healthnz.govt.nz/health-topics/pregnancy-maternity/you-and-your-newborn/the-first-week-after-the-birth,/health-topics/pregnancy-maternity/you-and-your-newborn/the-first-week-after-the-birth,/health-topics/pregnancy-maternity/you-and-your-newborn,3
"Your health after birth It is important not to forget to take care of yourself after birth. Find out about postnatal checks, support at home, and your physical and mental wellbeing.",https://www.healthnz.govt.nz/health-topics/pregnancy-maternity/you-and-your-newborn/your-health-after-birth,/health-topics/pregnancy-maternity/you-and-your-newborn/your-health-after-birth,/health-topics/pregnancy-maternity/you-and-your-newborn,3
Tests and treatments,https://www.healthnz.govt.nz/health-topics/tests-and-treatments,/health-topics/tests-and-treatments,/health-topics,1
Emergencies and first aid,https://www.healthnz.govt.nz/health-topics/tests-and-treatments/emergencies-and-first-aid,/health-topics/tests-and-treatments/emergencies-and-first-aid,/health-topics/tests-and-treatments,2
CPR (resuscitation),https://www.healthnz.govt.nz/health-topics/tests-and-treatments/emergencies-and-first-aid/%5Bsitetree_link%5D,/health-topics/tests-and-treatments/emergencies-and-first-aid/%5Bsitetree_link%5D,/health-topics/tests-and-treatments/emergencies-and-first-aid,3
Online and over-the-phone healthcare,"https://www.healthnz.govt.nz/health-topics/tests-and-treatments/emergencies-and-first-aid/%5Bsitetree_link,id=1188%5D","/health-topics/tests-and-treatments/emergencies-and-first-aid/%5Bsitetree_link,id=1188%5D",/health-topics/tests-and-treatments/emergencies-and-first-aid,3
"Alcohol poisoning Alcohol poisoning happens when someone has drunk a dangerous amount of alcohol, usually over a short period of time. Alcohol poisoning is serious and can sometimes be fatal.",https://www.healthnz.govt.nz/health-topics/tests-and-treatments/emergencies-and-first-aid/alcohol-poisoning,/health-topics/tests-and-treatments/emergencies-and-first-aid/alcohol-poisoning,/health-topics/tests-and-treatments/emergencies-and-first-aid,3
"Anaphylaxis (severe allergy) Anaphylaxis is a severe, life-threatening allergic reaction and a medical emergency. It can happen in a few minutes and can cause death.",https://www.healthnz.govt.nz/health-topics/tests-and-treatments/emergencies-and-first-aid/anaphylaxis-severe-allergy,/health-topics/tests-and-treatments/emergencies-and-first-aid/anaphylaxis-severe-allergy,/health-topics/tests-and-treatments/emergencies-and-first-aid,3
"Bites and stings If you or a whānau member has been bitten or stung, the injury can be serious. It’s important to know what to do.",https://www.healthnz.govt.nz/health-topics/tests-and-treatments/emergencies-and-first-aid/bites-stings,/health-topics/tests-and-treatments/emergencies-and-first-aid/bites-stings,/health-topics/tests-and-treatments/emergencies-and-first-aid,3
"Animal bites All bites that break the skin are a cause for concern. Even minor scratches and scrapes should be taken seriously. Find out how to treat an animal bite, and how to report an attack.",https://www.healthnz.govt.nz/health-topics/tests-and-treatments/emergencies-and-first-aid/bites-stings/animal-bites,/health-topics/tests-and-treatments/emergencies-and-first-aid/bites-stings/animal-bites,/health-topics/tests-and-treatments/emergencies-and-first-aid/bites-stings,4
"Bee and wasp stings Bee and wasp stings can be very painful, and can cause a dangerous allergic reaction. Find out how to avoid getting stung, and how to treat stings.",https://www.healthnz.govt.nz/health-topics/tests-and-treatments/emergencies-and-first-aid/bites-stings/bee-wasp-stings,/health-topics/tests-and-treatments/emergencies-and-first-aid/bites-stings/bee-wasp-stings,/health-topics/tests-and-treatments/emergencies-and-first-aid/bites-stings,4
Jellyfish stings There are many different types of jellyfish in Aotearoa New Zealand. Most jellyfish stings are not serious. If treated straight away you are not likely to develop major symptoms.,https://www.healthnz.govt.nz/health-topics/tests-and-treatments/emergencies-and-first-aid/bites-stings/jellyfish-stings,/health-topics/tests-and-treatments/emergencies-and-first-aid/bites-stings/jellyfish-stings,/health-topics/tests-and-treatments/emergencies-and-first-aid/bites-stings,4
Sandflies Sandflies are common insects in Aotearoa New Zealand. While the ones we get are a nuisance they are not a public health risk. The kinds that bite do not carry infectious diseases.,https://www.healthnz.govt.nz/health-topics/tests-and-treatments/emergencies-and-first-aid/bites-stings/sandflies,/health-topics/tests-and-treatments/emergencies-and-first-aid/bites-stings/sandflies,/health-topics/tests-and-treatments/emergencies-and-first-aid/bites-stings,4
"Sea bather's eruption Sea bather’s eruption is an itchy rash caused by the stings of thimble jellyfish and certain sea anemones. As these organisms are very small they can get trapped in bathing suits, particularly around the groin and breast areas, and cuffs of wetsuits. Sea bather’s eruption is more common in summer when the water is warmer.",https://www.healthnz.govt.nz/health-topics/tests-and-treatments/emergencies-and-first-aid/bites-stings/sea-bathers-eruption,/health-topics/tests-and-treatments/emergencies-and-first-aid/bites-stings/sea-bathers-eruption,/health-topics/tests-and-treatments/emergencies-and-first-aid/bites-stings,4
"Spiders Only some spiders are able to bite humans. There are 3 species of spider to avoid — the katipō, the redback and the whitetailed spider.",https://www.healthnz.govt.nz/health-topics/tests-and-treatments/emergencies-and-first-aid/bites-stings/spiders,/health-topics/tests-and-treatments/emergencies-and-first-aid/bites-stings/spiders,/health-topics/tests-and-treatments/emergencies-and-first-aid/bites-stings,4
"Stinging nettles Nettles are plants with sharp hairs on their leaves. If you touch them, these hairs inject irritants into the skin, making it itchy, red and swollen.",https://www.healthnz.govt.nz/health-topics/tests-and-treatments/emergencies-and-first-aid/bites-stings/stinging-nettles,/health-topics/tests-and-treatments/emergencies-and-first-aid/bites-stings/stinging-nettles,/health-topics/tests-and-treatments/emergencies-and-first-aid/bites-stings,4
"Ticks Ticks are parasites that need blood to survive and reproduce. They feed off a range of hosts including mammals, reptiles, birds and amphibians. They may pose public health and biosecurity risks. This is because they can carry and spread human and animal diseases.",https://www.healthnz.govt.nz/health-topics/tests-and-treatments/emergencies-and-first-aid/bites-stings/ticks,/health-topics/tests-and-treatments/emergencies-and-first-aid/bites-stings/ticks,/health-topics/tests-and-treatments/emergencies-and-first-aid/bites-stings,4
"Heavy bleeding If you are bleeding heavily, it is important to apply firm pressure to try to stop the flow. Find out how, and when to get help.",https://www.healthnz.govt.nz/health-topics/tests-and-treatments/emergencies-and-first-aid/bleeding,/health-topics/tests-and-treatments/emergencies-and-first-aid/bleeding,/health-topics/tests-and-treatments/emergencies-and-first-aid,3
"Broken bones Signs of a broken bone (fracture), different types of breaks and how to help someone with a broken bone.",https://www.healthnz.govt.nz/health-topics/tests-and-treatments/emergencies-and-first-aid/broken-bones-first-aid,/health-topics/tests-and-treatments/emergencies-and-first-aid/broken-bones-first-aid,/health-topics/tests-and-treatments/emergencies-and-first-aid,3
Bruises A bruise is a collection of blood under the skin. They happen if you get a soft tissue injury.,https://www.healthnz.govt.nz/health-topics/tests-and-treatments/emergencies-and-first-aid/bruises,/health-topics/tests-and-treatments/emergencies-and-first-aid/bruises,/health-topics/tests-and-treatments/emergencies-and-first-aid,3
"Burns If a person has suffered a burn, they may need your help and you may need to call an ambulance. You can start first aid for burns once the area where the accident occurred has been made safe.",https://www.healthnz.govt.nz/health-topics/tests-and-treatments/emergencies-and-first-aid/burns,/health-topics/tests-and-treatments/emergencies-and-first-aid/burns,/health-topics/tests-and-treatments/emergencies-and-first-aid,3
"Carbon monoxide poisoning Carbon monoxide is a colourless, odourless gas. If you breathe it in (inhale it) it can cause illness and in severe cases death.",https://www.healthnz.govt.nz/health-topics/tests-and-treatments/emergencies-and-first-aid/carbon-monoxide-poisoning,/health-topics/tests-and-treatments/emergencies-and-first-aid/carbon-monoxide-poisoning,/health-topics/tests-and-treatments/emergencies-and-first-aid,3
"Chemical poisoning Poisoning means exposure to a substance that is harmful to your body. Poisons can be swallowed, inhaled, absorbed through your skin, or injected under your skin. Nearly all poisonings are accidental.",https://www.healthnz.govt.nz/health-topics/tests-and-treatments/emergencies-and-first-aid/chemical-poisoning,/health-topics/tests-and-treatments/emergencies-and-first-aid/chemical-poisoning,/health-topics/tests-and-treatments/emergencies-and-first-aid,3
"Choking Choking happens when something — often food — becomes stuck in a person's windpipe, blocking it. This makes it difficult or impossible to breathe.",https://www.healthnz.govt.nz/health-topics/tests-and-treatments/emergencies-and-first-aid/choking,/health-topics/tests-and-treatments/emergencies-and-first-aid/choking,/health-topics/tests-and-treatments/emergencies-and-first-aid,3
"CPR (resuscitation) If someone stops breathing, they need CPR (cardiopulmonary resuscitation). Find out how to do CPR.",https://www.healthnz.govt.nz/health-topics/tests-and-treatments/emergencies-and-first-aid/cpr-resuscitation,/health-topics/tests-and-treatments/emergencies-and-first-aid/cpr-resuscitation,/health-topics/tests-and-treatments/emergencies-and-first-aid,3
"Cuts, scrapes and wounds You can usually take care of minor cuts and scrapes at home without seeing a healthcare professional.",https://www.healthnz.govt.nz/health-topics/tests-and-treatments/emergencies-and-first-aid/cuts-scrapes-and-wounds-first-aid,/health-topics/tests-and-treatments/emergencies-and-first-aid/cuts-scrapes-and-wounds-first-aid,/health-topics/tests-and-treatments/emergencies-and-first-aid,3
"Dehydration If you are dehydrated, it means your body has lost more fluids than you have drunk. If it gets worse, it can be a serious problem and life threatening.",https://www.healthnz.govt.nz/health-topics/tests-and-treatments/emergencies-and-first-aid/dehydration,/health-topics/tests-and-treatments/emergencies-and-first-aid/dehydration,/health-topics/tests-and-treatments/emergencies-and-first-aid,3
"Dislocated joints Dislocated joints happen when a bone comes out of its normal joint. The most common joints to dislocate are shoulders, fingers and kneecaps. Dislocations commonly happen during sporting activities or are caused by a fall.",https://www.healthnz.govt.nz/health-topics/tests-and-treatments/emergencies-and-first-aid/dislocated-joints-first-aid,/health-topics/tests-and-treatments/emergencies-and-first-aid/dislocated-joints-first-aid,/health-topics/tests-and-treatments/emergencies-and-first-aid,3
"Drowning Every year, around 80 people in Aotearoa New Zealand lose their lives to drowning. Find out what to do if someone is drowning.",https://www.healthnz.govt.nz/health-topics/tests-and-treatments/emergencies-and-first-aid/drowning,/health-topics/tests-and-treatments/emergencies-and-first-aid/drowning,/health-topics/tests-and-treatments/emergencies-and-first-aid,3
Drug overdose A drug overdose happens when someone takes a poisonous amount of a drug or medicine. Drug overdoses can be life-threatening.,https://www.healthnz.govt.nz/health-topics/tests-and-treatments/emergencies-and-first-aid/drug-overdose,/health-topics/tests-and-treatments/emergencies-and-first-aid/drug-overdose,/health-topics/tests-and-treatments/emergencies-and-first-aid,3
"Getting help in a medical emergency Find out when to call an ambulance, what to expect and what you can do while you are waiting for help to arrive.",https://www.healthnz.govt.nz/health-topics/tests-and-treatments/emergencies-and-first-aid/emergency-medical-help,/health-topics/tests-and-treatments/emergencies-and-first-aid/emergency-medical-help,/health-topics/tests-and-treatments/emergencies-and-first-aid,3
Fainting and dizziness Fainting is when you briefly lose consciousness. It is caused by reduced blood flow to your brain. This can also make people feel light-headed or dizzy.,https://www.healthnz.govt.nz/health-topics/tests-and-treatments/emergencies-and-first-aid/fainting-and-dizziness,/health-topics/tests-and-treatments/emergencies-and-first-aid/fainting-and-dizziness,/health-topics/tests-and-treatments/emergencies-and-first-aid,3
"Foreign object in the ear or nose If you or your tamaiti (child) has something stuck in their ear or nose, follow the steps on this page to try to safely remove it, and find out when to get help.",https://www.healthnz.govt.nz/health-topics/tests-and-treatments/emergencies-and-first-aid/foreign-object-ear-or-nose,/health-topics/tests-and-treatments/emergencies-and-first-aid/foreign-object-ear-or-nose,/health-topics/tests-and-treatments/emergencies-and-first-aid,3
"Foreign object in the eye If you or someone else has something in the eye and it is not coming out naturally, it is important to deal with it as soon as possible.",https://www.healthnz.govt.nz/health-topics/tests-and-treatments/emergencies-and-first-aid/foreign-object-in-the-eye,/health-topics/tests-and-treatments/emergencies-and-first-aid/foreign-object-in-the-eye,/health-topics/tests-and-treatments/emergencies-and-first-aid,3
Heat exhaustion and heat stroke You might feel heat exhaustion when your body's natural mechanisms are working hard to keep your body temperature stable. Heat stroke is when your body temperature rises too high — it is a dangerous condition.,https://www.healthnz.govt.nz/health-topics/tests-and-treatments/emergencies-and-first-aid/heat-exhaustion-and-heat-stroke,/health-topics/tests-and-treatments/emergencies-and-first-aid/heat-exhaustion-and-heat-stroke,/health-topics/tests-and-treatments/emergencies-and-first-aid,3
"Hyperventilation Hyperventilation is fast, deep over-breathing. It is commonly caused by anxiety, panic or stress. While it is frightening, it is not usually dangerous.",https://www.healthnz.govt.nz/health-topics/tests-and-treatments/emergencies-and-first-aid/hyperventilation-and-panic-attacks,/health-topics/tests-and-treatments/emergencies-and-first-aid/hyperventilation-and-panic-attacks,/health-topics/tests-and-treatments/emergencies-and-first-aid,3
Lead poisoning Too much exposure to lead can cause lead poisoning and associated health problems. It can take months or years to develop lead poisoning if you are exposed to a small amount. A lot of lead exposure can quickly lead to more serious lead poisoning.,https://www.healthnz.govt.nz/health-topics/tests-and-treatments/emergencies-and-first-aid/lead-poisoning,/health-topics/tests-and-treatments/emergencies-and-first-aid/lead-poisoning,/health-topics/tests-and-treatments/emergencies-and-first-aid,3
Seizures Find out what to do if someone is having a seizure that causes them to collapse and have convulsions.,https://www.healthnz.govt.nz/health-topics/tests-and-treatments/emergencies-and-first-aid/seizures,/health-topics/tests-and-treatments/emergencies-and-first-aid/seizures,/health-topics/tests-and-treatments/emergencies-and-first-aid,3
"Soft tissue injuries and treatment Strains and sprains are common soft tissue injuries. They can affect your muscles, tendons, joint capsules and ligaments.",https://www.healthnz.govt.nz/health-topics/tests-and-treatments/emergencies-and-first-aid/soft-tissue-injuries-treatment,/health-topics/tests-and-treatments/emergencies-and-first-aid/soft-tissue-injuries-treatment,/health-topics/tests-and-treatments/emergencies-and-first-aid,3
"Swimmer’s itch Swimmer’s itch is an allergic itchy skin rash caused by contact with flatworm larvae that live in fresh or saltwater lakes, ponds or lagoons. It is most common in areas with vegetation or where large numbers of birds gather and are frequently fed such as warmer, shallow water and around boat ramps.",https://www.healthnz.govt.nz/health-topics/tests-and-treatments/emergencies-and-first-aid/swimmers-itch-cercarial-dermatitis,/health-topics/tests-and-treatments/emergencies-and-first-aid/swimmers-itch-cercarial-dermatitis,/health-topics/tests-and-treatments/emergencies-and-first-aid,3
"Unconscious but breathing If someone does not respond to noise or touch, it is likely they are unconscious. Find out what to do if someone is unconscious but still breathing.",https://www.healthnz.govt.nz/health-topics/tests-and-treatments/emergencies-and-first-aid/unconscious-but-breathing,/health-topics/tests-and-treatments/emergencies-and-first-aid/unconscious-but-breathing,/health-topics/tests-and-treatments/emergencies-and-first-aid,3
Home equipment,https://www.healthnz.govt.nz/health-topics/tests-and-treatments/home-equipment,/health-topics/tests-and-treatments/home-equipment,/health-topics/tests-and-treatments,2
Equipment suppliers — Age Concern,https://www.healthnz.govt.nz/health-topics/tests-and-treatments/home-equipment/Equipment%20suppliers%20%E2%80%94%20Age%20Concern%20,/health-topics/tests-and-treatments/home-equipment/Equipment%20suppliers%20%E2%80%94%20Age%20Concern%20,/health-topics/tests-and-treatments/home-equipment,3
Getting aids and equipment to help with an injury — ACC,https://www.healthnz.govt.nz/health-topics/tests-and-treatments/home-equipment/Getting%20aids%20and%20equipment%20to%20help%20with%20an%20injury,/health-topics/tests-and-treatments/home-equipment/Getting%20aids%20and%20equipment%20to%20help%20with%20an%20injury,/health-topics/tests-and-treatments/home-equipment,3
Bath boards Bath boards can make it easier and safer for you to use a shower over a bath if you have reduced mobility. Find out how to use a bath board at home.,https://www.healthnz.govt.nz/health-topics/tests-and-treatments/home-equipment/bath-boards,/health-topics/tests-and-treatments/home-equipment/bath-boards,/health-topics/tests-and-treatments/home-equipment,3
"Bed levers A bed lever is a piece of equipment that helps you get into and out of your bed, or move around in it.",https://www.healthnz.govt.nz/health-topics/tests-and-treatments/home-equipment/bed-levers,/health-topics/tests-and-treatments/home-equipment/bed-levers,/health-topics/tests-and-treatments/home-equipment,3
"Care of your cast Your cast protects your injured bones while you heal. While it may take a few days to get used to your cast, it is important to keep it in good condition so it can keep protecting you. That will help you heal as well and as quickly as possible.",https://www.healthnz.govt.nz/health-topics/tests-and-treatments/home-equipment/care-of-your-cast,/health-topics/tests-and-treatments/home-equipment/care-of-your-cast,/health-topics/tests-and-treatments/home-equipment,3
"Chair and bed raisers If you become less mobile, you may have difficulty getting into or out of a bed or chair. Raising your chair or bed can make it much easier to stand up and sit down.",https://www.healthnz.govt.nz/health-topics/tests-and-treatments/home-equipment/chair-and-bed-raisers,/health-topics/tests-and-treatments/home-equipment/chair-and-bed-raisers,/health-topics/tests-and-treatments/home-equipment,3
"Modifications to your home If you live with a disability, there are a range of modifications that can be made in your home to support your safety and independence.",https://www.healthnz.govt.nz/health-topics/tests-and-treatments/home-equipment/home-modifications,/health-topics/tests-and-treatments/home-equipment/home-modifications,/health-topics/tests-and-treatments/home-equipment,3
"Mobility scooters Buying a mobility scooter can open up your world if you struggle to walk around your community. There are many different options, so it is important you know what to look for.",https://www.healthnz.govt.nz/health-topics/tests-and-treatments/home-equipment/mobility-scooters,/health-topics/tests-and-treatments/home-equipment/mobility-scooters,/health-topics/tests-and-treatments/home-equipment,3
Perching stools A perching stool is a high stool with sloping seat that you can use to support you in everyday tasks.,https://www.healthnz.govt.nz/health-topics/tests-and-treatments/home-equipment/perching-stools,/health-topics/tests-and-treatments/home-equipment/perching-stools,/health-topics/tests-and-treatments/home-equipment,3
PICC lines A PICC line is a thin tube used to deliver medicines or liquid food to your body. Your healthcare provider may recommend a PICC line if you need frequent treatment.,https://www.healthnz.govt.nz/health-topics/tests-and-treatments/home-equipment/picc-lines,/health-topics/tests-and-treatments/home-equipment/picc-lines,/health-topics/tests-and-treatments/home-equipment,3
Transfer benches How to set up and use a bath and shower transfer bench at home.,https://www.healthnz.govt.nz/health-topics/tests-and-treatments/home-equipment/set-up-and-use-a-transfer-bench,/health-topics/tests-and-treatments/home-equipment/set-up-and-use-a-transfer-bench,/health-topics/tests-and-treatments/home-equipment,3
Shower stools A shower stool is a seat you can use to sit on when you have a shower.,https://www.healthnz.govt.nz/health-topics/tests-and-treatments/home-equipment/shower-stools,/health-topics/tests-and-treatments/home-equipment/shower-stools,/health-topics/tests-and-treatments/home-equipment,3
"Toilet equipment There is a range of equipment available to help you use the toilet more easily in your home. These include toilet frames, raised toilet seats and portable toilets called commodes.",https://www.healthnz.govt.nz/health-topics/tests-and-treatments/home-equipment/toilet-equipment,/health-topics/tests-and-treatments/home-equipment/toilet-equipment,/health-topics/tests-and-treatments/home-equipment,3
Using crutches while keeping weight off your leg Find out how to adjust your crutches and how to use them properly to support an injured leg. This page shows you how to use crutches when your healthcare provider has said you cannot put weight on your affected leg (non weight-bearing).,https://www.healthnz.govt.nz/health-topics/tests-and-treatments/home-equipment/using-a-pair-of-crutches,/health-topics/tests-and-treatments/home-equipment/using-a-pair-of-crutches,/health-topics/tests-and-treatments/home-equipment,3
Walking frames A walking frame makes walking safer if you have reduced mobility. Find out what to look for in a walking frame and how to use one.,https://www.healthnz.govt.nz/health-topics/tests-and-treatments/home-equipment/walking-frames,/health-topics/tests-and-treatments/home-equipment/walking-frames,/health-topics/tests-and-treatments/home-equipment,3
Walking sticks and crutches A walking stick is a simple tool that can make a big difference to your safety and your ability to walk. You can also use a crutch or a walking stick to support a weak or injured leg.,https://www.healthnz.govt.nz/health-topics/tests-and-treatments/home-equipment/walking-sticks-and-crutches,/health-topics/tests-and-treatments/home-equipment/walking-sticks-and-crutches,/health-topics/tests-and-treatments/home-equipment,3
"Wheelchairs If a lack of mobility is preventing you doing the things you enjoy, you could consider using a wheelchair. The right wheelchair may make your life easier.",https://www.healthnz.govt.nz/health-topics/tests-and-treatments/home-equipment/wheelchairs,/health-topics/tests-and-treatments/home-equipment/wheelchairs,/health-topics/tests-and-treatments/home-equipment,3
Medical tests and procedures,https://www.healthnz.govt.nz/health-topics/tests-and-treatments/medical-tests-and-procedures,/health-topics/tests-and-treatments/medical-tests-and-procedures,/health-topics/tests-and-treatments,2
"Allergy testing Different types of test are used to check for allergies. These include skin prick testing, EAST/RAST (blood) testing and patch testing. The test used depends on what type of allergy you or your healthcare provider thinks you may have.",https://www.healthnz.govt.nz/health-topics/tests-and-treatments/medical-tests-and-procedures/allergy-testing,/health-topics/tests-and-treatments/medical-tests-and-procedures/allergy-testing,/health-topics/tests-and-treatments/medical-tests-and-procedures,3
"Bone marrow biopsy A bone marrow biopsy takes a small sample of bone marrow and looks at it under a microscope to see if anything is wrong. The test helps to confirm your diagnosis and plan any treatment. The sample is usually taken from the back of your hip bone. It can be taken from your breastbone, but this is rare.",https://www.healthnz.govt.nz/health-topics/tests-and-treatments/medical-tests-and-procedures/bone-marrow-biopsy,/health-topics/tests-and-treatments/medical-tests-and-procedures/bone-marrow-biopsy,/health-topics/tests-and-treatments/medical-tests-and-procedures,3
"Bronchoscopy Bronchoscopy is a procedure to examine your voice box, throat and the airways and linings inside your lungs.",https://www.healthnz.govt.nz/health-topics/tests-and-treatments/medical-tests-and-procedures/bronchoscopy,/health-topics/tests-and-treatments/medical-tests-and-procedures/bronchoscopy,/health-topics/tests-and-treatments/medical-tests-and-procedures,3
Care plans Care plans can provide information to others about your health and wishes. There are different types of shared care plans you can have depending on your needs.,https://www.healthnz.govt.nz/health-topics/tests-and-treatments/medical-tests-and-procedures/care-plans,/health-topics/tests-and-treatments/medical-tests-and-procedures/care-plans,/health-topics/tests-and-treatments/medical-tests-and-procedures,3
Colonoscopy,https://www.healthnz.govt.nz/health-topics/tests-and-treatments/medical-tests-and-procedures/colonoscopy,/health-topics/tests-and-treatments/medical-tests-and-procedures/colonoscopy,/health-topics/tests-and-treatments/medical-tests-and-procedures,3
"Colposcopy The colposcopy process, and what to do before and after one.",https://www.healthnz.govt.nz/health-topics/tests-and-treatments/medical-tests-and-procedures/colposcopy,/health-topics/tests-and-treatments/medical-tests-and-procedures/colposcopy,/health-topics/tests-and-treatments/medical-tests-and-procedures,3
"Cryotherapy Cryotherapy uses liquid nitrogen to treat warts and other skin lesions. Cryotherapy works by freezing the lesion, causing direct damage to the lesion, eventually removing it. It does not prevent them from developing in the future.",https://www.healthnz.govt.nz/health-topics/tests-and-treatments/medical-tests-and-procedures/cryotherapy-liquid-nitrogen,/health-topics/tests-and-treatments/medical-tests-and-procedures/cryotherapy-liquid-nitrogen,/health-topics/tests-and-treatments/medical-tests-and-procedures,3
"Cystoscopy Cystoscopy gives a view inside your urethra and your bladder. A special telescope (a cystoscope) is used to find out why you have pain, difficulty, blood or symptoms when you wee, or why you have a lot of urinary tract infections.",https://www.healthnz.govt.nz/health-topics/tests-and-treatments/medical-tests-and-procedures/cystoscopy,/health-topics/tests-and-treatments/medical-tests-and-procedures/cystoscopy,/health-topics/tests-and-treatments/medical-tests-and-procedures,3
"Faecal immunochemical test (FIT) The faecal immunochemical test (FIT) is a simple, quick test you do at home. This page is about using the FIT when you have been recommended to have it by your healthcare provider because you have bowel symptoms or you are waiting for a procedure.",https://www.healthnz.govt.nz/health-topics/tests-and-treatments/medical-tests-and-procedures/faecal-immunochemical-test-fit,/health-topics/tests-and-treatments/medical-tests-and-procedures/faecal-immunochemical-test-fit,/health-topics/tests-and-treatments/medical-tests-and-procedures,3
Gastroscopy A gastroscopy is a procedure to examine the upper part of your digestive system using an endoscope.,https://www.healthnz.govt.nz/health-topics/tests-and-treatments/medical-tests-and-procedures/gastroscopy,/health-topics/tests-and-treatments/medical-tests-and-procedures/gastroscopy,/health-topics/tests-and-treatments/medical-tests-and-procedures,3
"Genetic (inherited) cancer Information about hereditary breast and ovarian cancer, genetic testing, and how to understand your genetic test result.",https://www.healthnz.govt.nz/health-topics/tests-and-treatments/medical-tests-and-procedures/genetic-inherited-cancer,/health-topics/tests-and-treatments/medical-tests-and-procedures/genetic-inherited-cancer,/health-topics/tests-and-treatments/medical-tests-and-procedures,3
Heart treatments and procedures Some heart conditions need major surgery such as heart bypass and valve surgery. Many other heart problems can be treated with non-surgical or less invasive procedures.,https://www.healthnz.govt.nz/health-topics/tests-and-treatments/medical-tests-and-procedures/heart-treatments-and-procedures,/health-topics/tests-and-treatments/medical-tests-and-procedures/heart-treatments-and-procedures,/health-topics/tests-and-treatments/medical-tests-and-procedures,3
Hysteroscopy A hysteroscopy is a procedure used to look inside your uterus (womb) and at the lining of the uterus. A sample (biopsy) of the lining is usually taken as part of a diagnostic hysteroscopy.,https://www.healthnz.govt.nz/health-topics/tests-and-treatments/medical-tests-and-procedures/hysteroscopy,/health-topics/tests-and-treatments/medical-tests-and-procedures/hysteroscopy,/health-topics/tests-and-treatments/medical-tests-and-procedures,3
"Laboratory tests Laboratory tests are one way healthcare providers can find out important information about your health. Blood tests, urine tests and some swab tests are commonly done in the community.",https://www.healthnz.govt.nz/health-topics/tests-and-treatments/medical-tests-and-procedures/laboratory-tests,/health-topics/tests-and-treatments/medical-tests-and-procedures/laboratory-tests,/health-topics/tests-and-treatments/medical-tests-and-procedures,3
Activity and diet,"https://www.healthnz.govt.nz/health-topics/tests-and-treatments/medical-tests-and-procedures/laboratory-tests/%5Bsitetree_link,id=1426%5D","/health-topics/tests-and-treatments/medical-tests-and-procedures/laboratory-tests/%5Bsitetree_link,id=1426%5D",/health-topics/tests-and-treatments/medical-tests-and-procedures/laboratory-tests,4
Understanding your high cholesterol results,https://www.healthnz.govt.nz/health-topics/tests-and-treatments/medical-tests-and-procedures/laboratory-tests/understanding-your-cholesterol-results,/health-topics/tests-and-treatments/medical-tests-and-procedures/laboratory-tests/understanding-your-cholesterol-results,/health-topics/tests-and-treatments/medical-tests-and-procedures/laboratory-tests,4
Blood count results,https://www.healthnz.govt.nz/health-topics/tests-and-treatments/medical-tests-and-procedures/laboratory-tests/understanding-your-complete-blood-count-results,/health-topics/tests-and-treatments/medical-tests-and-procedures/laboratory-tests/understanding-your-complete-blood-count-results,/health-topics/tests-and-treatments/medical-tests-and-procedures/laboratory-tests,4
Understanding your HbA1c results,https://www.healthnz.govt.nz/health-topics/tests-and-treatments/medical-tests-and-procedures/laboratory-tests/understanding-your-hba1c-results,/health-topics/tests-and-treatments/medical-tests-and-procedures/laboratory-tests/understanding-your-hba1c-results,/health-topics/tests-and-treatments/medical-tests-and-procedures/laboratory-tests,4
Understanding your kidney function results,https://www.healthnz.govt.nz/health-topics/tests-and-treatments/medical-tests-and-procedures/laboratory-tests/understanding-your-kidney-function-results,/health-topics/tests-and-treatments/medical-tests-and-procedures/laboratory-tests/understanding-your-kidney-function-results,/health-topics/tests-and-treatments/medical-tests-and-procedures/laboratory-tests,4
Understanding your liver function results,https://www.healthnz.govt.nz/health-topics/tests-and-treatments/medical-tests-and-procedures/laboratory-tests/understanding-your-liver-function-results,/health-topics/tests-and-treatments/medical-tests-and-procedures/laboratory-tests/understanding-your-liver-function-results,/health-topics/tests-and-treatments/medical-tests-and-procedures/laboratory-tests,4
Understanding your mid-stream urine (MSU) results,https://www.healthnz.govt.nz/health-topics/tests-and-treatments/medical-tests-and-procedures/laboratory-tests/understanding-your-mid-stream-urine-msu-results,/health-topics/tests-and-treatments/medical-tests-and-procedures/laboratory-tests/understanding-your-mid-stream-urine-msu-results,/health-topics/tests-and-treatments/medical-tests-and-procedures/laboratory-tests,4
Understanding your thyroid function results,https://www.healthnz.govt.nz/health-topics/tests-and-treatments/medical-tests-and-procedures/laboratory-tests/understanding-your-thyroid-function-results,/health-topics/tests-and-treatments/medical-tests-and-procedures/laboratory-tests/understanding-your-thyroid-function-results,/health-topics/tests-and-treatments/medical-tests-and-procedures/laboratory-tests,4
Understanding your vaginal swab results,https://www.healthnz.govt.nz/health-topics/tests-and-treatments/medical-tests-and-procedures/laboratory-tests/understanding-your-vaginal-swab-results,/health-topics/tests-and-treatments/medical-tests-and-procedures/laboratory-tests/understanding-your-vaginal-swab-results,/health-topics/tests-and-treatments/medical-tests-and-procedures/laboratory-tests,4
"Lumbar puncture In a lumbar puncture, a hollow needle is inserted between the bones of your lower back into the fluid around the lower part of your spinal cord. A sample of fluid is taken and sent to the laboratory for testing. This fluid is called cerebrospinal fluid.",https://www.healthnz.govt.nz/health-topics/tests-and-treatments/medical-tests-and-procedures/lumbar-puncture,/health-topics/tests-and-treatments/medical-tests-and-procedures/lumbar-puncture,/health-topics/tests-and-treatments/medical-tests-and-procedures,3
"Medical oncology treatment What happens before, during and after your treatment, and information about potential side effects and the people you may meet.",https://www.healthnz.govt.nz/health-topics/tests-and-treatments/medical-tests-and-procedures/medical-oncology-treatment,/health-topics/tests-and-treatments/medical-tests-and-procedures/medical-oncology-treatment,/health-topics/tests-and-treatments/medical-tests-and-procedures,3
Pipelle biopsy A pipelle biopsy is a procedure that takes a small sample (biopsy) of cells from the lining (endometrium) of your uterus. The sample is sent to a laboratory to look for any abnormal cells.,https://www.healthnz.govt.nz/health-topics/tests-and-treatments/medical-tests-and-procedures/pipelle-biopsy,/health-topics/tests-and-treatments/medical-tests-and-procedures/pipelle-biopsy,/health-topics/tests-and-treatments/medical-tests-and-procedures,3
Prostate biopsy A prostate biopsy involves taking tiny samples of tissue from your prostate gland. The tissue samples are then examined under a microscope to look for cancer cells. A prostate biopsy is usually safe and has minimal side effects.,https://www.healthnz.govt.nz/health-topics/tests-and-treatments/medical-tests-and-procedures/prostate-biopsy,/health-topics/tests-and-treatments/medical-tests-and-procedures/prostate-biopsy,/health-topics/tests-and-treatments/medical-tests-and-procedures,3
Radioiodine treatment for thyroid conditions Radioiodine is used to treat an overactive thyroid (hyperthyroidism) and thyroid cancer. It is also called radioactive iodine.,https://www.healthnz.govt.nz/health-topics/tests-and-treatments/medical-tests-and-procedures/radioiodine-treatment-for-thyroid-conditions,/health-topics/tests-and-treatments/medical-tests-and-procedures/radioiodine-treatment-for-thyroid-conditions,/health-topics/tests-and-treatments/medical-tests-and-procedures,3
Scans and x-rays Scans and x-rays use a type of radiation or magnetic field to take pictures of the inside of your body. Your healthcare provider may request a scan or x-ray to help with a diagnosis or with planning how to manage your health condition.,https://www.healthnz.govt.nz/health-topics/tests-and-treatments/medical-tests-and-procedures/scans-and-x-rays,/health-topics/tests-and-treatments/medical-tests-and-procedures/scans-and-x-rays,/health-topics/tests-and-treatments/medical-tests-and-procedures,3
Bone density scan (DEXA),https://www.healthnz.govt.nz/health-topics/tests-and-treatments/medical-tests-and-procedures/scans-and-x-rays/bone-density-scan-dexa,/health-topics/tests-and-treatments/medical-tests-and-procedures/scans-and-x-rays/bone-density-scan-dexa,/health-topics/tests-and-treatments/medical-tests-and-procedures/scans-and-x-rays,4
CT (computed tomography) scan,https://www.healthnz.govt.nz/health-topics/tests-and-treatments/medical-tests-and-procedures/scans-and-x-rays/ct-computed-tomography-scan,/health-topics/tests-and-treatments/medical-tests-and-procedures/scans-and-x-rays/ct-computed-tomography-scan,/health-topics/tests-and-treatments/medical-tests-and-procedures/scans-and-x-rays,4
FibroScan,https://www.healthnz.govt.nz/health-topics/tests-and-treatments/medical-tests-and-procedures/scans-and-x-rays/fibroscan,/health-topics/tests-and-treatments/medical-tests-and-procedures/scans-and-x-rays/fibroscan,/health-topics/tests-and-treatments/medical-tests-and-procedures/scans-and-x-rays,4
Mammograms,https://www.healthnz.govt.nz/health-topics/tests-and-treatments/medical-tests-and-procedures/scans-and-x-rays/having-your-mammogram,/health-topics/tests-and-treatments/medical-tests-and-procedures/scans-and-x-rays/having-your-mammogram,/health-topics/tests-and-treatments/medical-tests-and-procedures/scans-and-x-rays,4
MRI (magnetic resonance imaging),https://www.healthnz.govt.nz/health-topics/tests-and-treatments/medical-tests-and-procedures/scans-and-x-rays/mri-magnetic-resonance-imaging,/health-topics/tests-and-treatments/medical-tests-and-procedures/scans-and-x-rays/mri-magnetic-resonance-imaging,/health-topics/tests-and-treatments/medical-tests-and-procedures/scans-and-x-rays,4
PET-CT (positron emission tomography and CT) scan,https://www.healthnz.govt.nz/health-topics/tests-and-treatments/medical-tests-and-procedures/scans-and-x-rays/pet-ct-scan,/health-topics/tests-and-treatments/medical-tests-and-procedures/scans-and-x-rays/pet-ct-scan,/health-topics/tests-and-treatments/medical-tests-and-procedures/scans-and-x-rays,4
Molecular imaging,https://www.healthnz.govt.nz/health-topics/tests-and-treatments/medical-tests-and-procedures/scans-and-x-rays/spect-ct-molecular-imaging,/health-topics/tests-and-treatments/medical-tests-and-procedures/scans-and-x-rays/spect-ct-molecular-imaging,/health-topics/tests-and-treatments/medical-tests-and-procedures/scans-and-x-rays,4
Ultrasound,https://www.healthnz.govt.nz/health-topics/tests-and-treatments/medical-tests-and-procedures/scans-and-x-rays/ultrasound-scans,/health-topics/tests-and-treatments/medical-tests-and-procedures/scans-and-x-rays/ultrasound-scans,/health-topics/tests-and-treatments/medical-tests-and-procedures/scans-and-x-rays,4
Videofluoroscopic swallowing study (VFSS),https://www.healthnz.govt.nz/health-topics/tests-and-treatments/medical-tests-and-procedures/scans-and-x-rays/videofluoroscopic-swallowing-study,/health-topics/tests-and-treatments/medical-tests-and-procedures/scans-and-x-rays/videofluoroscopic-swallowing-study,/health-topics/tests-and-treatments/medical-tests-and-procedures/scans-and-x-rays,4
X-rays,https://www.healthnz.govt.nz/health-topics/tests-and-treatments/medical-tests-and-procedures/scans-and-x-rays/x-rays,/health-topics/tests-and-treatments/medical-tests-and-procedures/scans-and-x-rays/x-rays,/health-topics/tests-and-treatments/medical-tests-and-procedures/scans-and-x-rays,4
Tests for blood vessel problems There are several tests that can help diagnose blood vessel problems.,https://www.healthnz.govt.nz/health-topics/tests-and-treatments/medical-tests-and-procedures/tests-for-blood-vessel-problems,/health-topics/tests-and-treatments/medical-tests-and-procedures/tests-for-blood-vessel-problems,/health-topics/tests-and-treatments/medical-tests-and-procedures,3
"Tests for heart problems If you are having problems with your heart, there are several different tests that can help your healthcare provider or hospital staff understand what is causing them.",https://www.healthnz.govt.nz/health-topics/tests-and-treatments/medical-tests-and-procedures/tests-for-heart-problems,/health-topics/tests-and-treatments/medical-tests-and-procedures/tests-for-heart-problems,/health-topics/tests-and-treatments/medical-tests-and-procedures,3
Radionuclide thyroid scan A radionuclide thyroid scan shows the structure of your thyroid gland and looks at how well it is working. It can be used to help diagnose and monitor thyroid conditions.,https://www.healthnz.govt.nz/health-topics/tests-and-treatments/medical-tests-and-procedures/thyroid-scan,/health-topics/tests-and-treatments/medical-tests-and-procedures/thyroid-scan,/health-topics/tests-and-treatments/medical-tests-and-procedures,3
"Tube feeding Tube feeding is a way of providing nutrition to your body. It is also called enteral nutrition. You might need to tube feed if you have a condition or illness that means you cannot eat, or you cannot eat enough.",https://www.healthnz.govt.nz/health-topics/tests-and-treatments/medical-tests-and-procedures/tube-feeding,/health-topics/tests-and-treatments/medical-tests-and-procedures/tube-feeding,/health-topics/tests-and-treatments/medical-tests-and-procedures,3
Medicines and prescriptions,https://www.healthnz.govt.nz/health-topics/tests-and-treatments/medicines,/health-topics/tests-and-treatments/medicines,/health-topics/tests-and-treatments,2
Activity and diet,"https://www.healthnz.govt.nz/health-topics/tests-and-treatments/medicines/%5Bsitetree_link,id=1426%5D","/health-topics/tests-and-treatments/medicines/%5Bsitetree_link,id=1426%5D",/health-topics/tests-and-treatments/medicines,3
Antibiotics Antibiotics are medicines that treat infections caused by bacteria. They do not work for viral infections. Antibiotics are sometimes called antibacterials.,https://www.healthnz.govt.nz/health-topics/tests-and-treatments/medicines/antibiotics,/health-topics/tests-and-treatments/medicines/antibiotics,/health-topics/tests-and-treatments/medicines,3
"Antidepressants Antidepressants are medicines used to help treat certain mental illnesses. These include depression, anxiety and panic attacks.",https://www.healthnz.govt.nz/health-topics/tests-and-treatments/medicines/antidepressants,/health-topics/tests-and-treatments/medicines/antidepressants,/health-topics/tests-and-treatments/medicines,3
Antipsychotics Antipsychotic medicines are used to treat some of the signs of psychosis and can help ease your symptoms and improve the quality of your life.,https://www.healthnz.govt.nz/health-topics/tests-and-treatments/medicines/antipsychotics,/health-topics/tests-and-treatments/medicines/antipsychotics,/health-topics/tests-and-treatments/medicines,3
Biologics (TNF inhibitors) Biological therapies (biologics) include tumour necrosis factor (TNF) inhibitors. They are used to treat some types of autoimmune conditions when standard treatments have been unsuccessful.,https://www.healthnz.govt.nz/health-topics/tests-and-treatments/medicines/biologics-tnf-inhibitors,/health-topics/tests-and-treatments/medicines/biologics-tnf-inhibitors,/health-topics/tests-and-treatments/medicines,3
"Blood-thinning medicines Blood-thinning medicines (also called anticoagulants) are used to prevent or treat blood clots. They do not actually thin your blood, rather they disrupt the process of your blood clotting.",https://www.healthnz.govt.nz/health-topics/tests-and-treatments/medicines/blood-thinning-medicines,/health-topics/tests-and-treatments/medicines/blood-thinning-medicines,/health-topics/tests-and-treatments/medicines,3
Dietary supplements Dietary supplements are products designed to give you nutrients that might be missing from your diet. They can also be used to help to manage or treat a health condition. They may also be called food supplements or nutritional supplements.,https://www.healthnz.govt.nz/health-topics/tests-and-treatments/medicines/dietary-supplements,/health-topics/tests-and-treatments/medicines/dietary-supplements,/health-topics/tests-and-treatments/medicines,3
Folate and folic acid,https://www.healthnz.govt.nz/health-topics/tests-and-treatments/medicines/dietary-supplements/folate-folic-acid,/health-topics/tests-and-treatments/medicines/dietary-supplements/folate-folic-acid,/health-topics/tests-and-treatments/medicines/dietary-supplements,4
Iodine,https://www.healthnz.govt.nz/health-topics/tests-and-treatments/medicines/dietary-supplements/iodine,/health-topics/tests-and-treatments/medicines/dietary-supplements/iodine,/health-topics/tests-and-treatments/medicines/dietary-supplements,4
Injected weight-loss medicines The injected weight-loss medications such as semaglutide (Wegovy) and tirzepatide (Mounjaro) are used for weight management in combination with eating well and regular physical activity. They are not funded in Aotearoa New Zealand — you will need to pay for them.,https://www.healthnz.govt.nz/health-topics/tests-and-treatments/medicines/injected-weight-loss-medicines,/health-topics/tests-and-treatments/medicines/injected-weight-loss-medicines,/health-topics/tests-and-treatments/medicines,3
Getting the best results,https://www.healthnz.govt.nz/health-topics/tests-and-treatments/medicines/injected-weight-loss-medicines/injected-weight-loss-medicine-getting-the-best-results,/health-topics/tests-and-treatments/medicines/injected-weight-loss-medicines/injected-weight-loss-medicine-getting-the-best-results,/health-topics/tests-and-treatments/medicines/injected-weight-loss-medicines,4
"Medicinal cannabis (marijuana) Medicinal cannabis is used to relieve symptoms of a medical condition. It is available in many forms including tablets, mouth spray, drops, gel or dried flower that can be made into a tea or inhaled using a special device (vaporiser).",https://www.healthnz.govt.nz/health-topics/tests-and-treatments/medicines/medicinal-cannabis-marijuana,/health-topics/tests-and-treatments/medicines/medicinal-cannabis-marijuana,/health-topics/tests-and-treatments/medicines,3
Oral steroids (prednisone) Prednisone is one of a group of medicines known as corticosteroids — these are similar to the steroid hormones your body naturally makes. Prednisone can be taken by mouth (orally). Prednisone is different to the steroids athletes take to build muscle (anabolic steroids).,https://www.healthnz.govt.nz/health-topics/tests-and-treatments/medicines/oral-steroids,/health-topics/tests-and-treatments/medicines/oral-steroids,/health-topics/tests-and-treatments/medicines,3
"Pain relief medicines for adults There are 3 main types of pain-relief medicines for adults to use for short-term pain. These are paracetamol, non-steroidal anti-inflammatory drugs (NSAIDs) and opioid pain relievers.",https://www.healthnz.govt.nz/health-topics/tests-and-treatments/medicines/pain-relief-medicines-adults,/health-topics/tests-and-treatments/medicines/pain-relief-medicines-adults,/health-topics/tests-and-treatments/medicines,3
Medicines and alcohol,https://www.healthnz.govt.nz/health-topics/tests-and-treatments/medicines/patient-medicines-information,/health-topics/tests-and-treatments/medicines/patient-medicines-information,/health-topics/tests-and-treatments/medicines,3
Pharmacists Pharmacists dispense medicines that your healthcare provider has prescribed. They also provide information and advice about medicines and your health.,https://www.healthnz.govt.nz/health-topics/tests-and-treatments/medicines/pharmacists,/health-topics/tests-and-treatments/medicines/pharmacists,/health-topics/tests-and-treatments/medicines,3
PrEP (pre-exposure prophylaxis) PrEP is a pill that is used to reduce your risk of getting HIV. When PrEP is taken correctly it reduces the risk of getting HIV by over 90%. It does not prevent other sexually transmitted infections.,https://www.healthnz.govt.nz/health-topics/tests-and-treatments/medicines/prep-pre-exposure-prophylaxis,/health-topics/tests-and-treatments/medicines/prep-pre-exposure-prophylaxis,/health-topics/tests-and-treatments/medicines,3
"Prescriptions Find out about prescription charges, the prescription subsidy scheme and charges for other medicines. You can also take steps to make sure you have all your prescription needs covered if you are spending time away from home.",https://www.healthnz.govt.nz/health-topics/tests-and-treatments/medicines/prescriptions,/health-topics/tests-and-treatments/medicines/prescriptions,/health-topics/tests-and-treatments/medicines,3
Changes to your prescription length,https://www.healthnz.govt.nz/health-topics/tests-and-treatments/medicines/prescriptions/changes-to-your-prescription-length,/health-topics/tests-and-treatments/medicines/prescriptions/changes-to-your-prescription-length,/health-topics/tests-and-treatments/medicines/prescriptions,4
Probiotics Probiotics are living bacteria (microorganisms) that can help improve your health. You can include them by regularly having certain foods and drinks or taking a probiotic supplement that is right for you.,https://www.healthnz.govt.nz/health-topics/tests-and-treatments/medicines/probiotics,/health-topics/tests-and-treatments/medicines/probiotics,/health-topics/tests-and-treatments/medicines,3
"Returning unused or expired medicines Holding onto medicines you do not need can lead to them being accidentally taken, or misused.",https://www.healthnz.govt.nz/health-topics/tests-and-treatments/medicines/returning-unused-or-expired-medicines,/health-topics/tests-and-treatments/medicines/returning-unused-or-expired-medicines,/health-topics/tests-and-treatments/medicines,3
"Safe sharps disposal 'Sharps' is a medical term for devices with sharp points or edges that can puncture or cut skin, such as needles.",https://www.healthnz.govt.nz/health-topics/tests-and-treatments/medicines/safe-sharps-disposal,/health-topics/tests-and-treatments/medicines/safe-sharps-disposal,/health-topics/tests-and-treatments/medicines,3
Serotonin syndrome Serotonin is a chemical found in your brain. Serotonin syndrome happens when the levels of serotonin in your brain get too high.,https://www.healthnz.govt.nz/health-topics/tests-and-treatments/medicines/serotonin-syndrome,/health-topics/tests-and-treatments/medicines/serotonin-syndrome,/health-topics/tests-and-treatments/medicines,3
"Side effects of medicines All medicines can cause side effects but not everyone gets them. Most are mild and can go away as your body gets used to the medicine. Some side effects can be more serious, such as allergic reactions.",https://www.healthnz.govt.nz/health-topics/tests-and-treatments/medicines/side-effects-of-medicines,/health-topics/tests-and-treatments/medicines/side-effects-of-medicines,/health-topics/tests-and-treatments/medicines,3
"Steroid injections Steroid injections can sometimes be used to treat pain in your joints and soft tissue (muscles, tendons and ligaments). This includes pain caused by inflammation. They are also used for some nerve and tendon problems.",https://www.healthnz.govt.nz/health-topics/tests-and-treatments/medicines/steroid-injections,/health-topics/tests-and-treatments/medicines/steroid-injections,/health-topics/tests-and-treatments/medicines,3
"Therapeutic drug monitoring Therapeutic drug monitoring measures the level of a medicine in your blood. It is done to make sure the level is high enough to treat your illness, but not so high it causes side effects. The range between these levels is the therapeutic range.",https://www.healthnz.govt.nz/health-topics/tests-and-treatments/medicines/therapeutic-drug-monitoring,/health-topics/tests-and-treatments/medicines/therapeutic-drug-monitoring,/health-topics/tests-and-treatments/medicines,3
Rongoā māori,https://www.healthnz.govt.nz/health-topics/tests-and-treatments/rongoa-maori,/health-topics/tests-and-treatments/rongoa-maori,/health-topics/tests-and-treatments,2
Surgery,https://www.healthnz.govt.nz/health-topics/tests-and-treatments/surgery,/health-topics/tests-and-treatments/surgery,/health-topics/tests-and-treatments,2
Anaesthesia for your surgery Anaesthetics are medicines that can numb a part of your body so you do not feel pain. They can also make you 'go to sleep' and be unaware of your surgery or procedure. The choice of anaesthetic depends on the type of surgery and your overall health.,https://www.healthnz.govt.nz/health-topics/tests-and-treatments/surgery/anaesthesia-for-your-surgery,/health-topics/tests-and-treatments/surgery/anaesthesia-for-your-surgery,/health-topics/tests-and-treatments/surgery,3
Bariatric (weight loss) surgery Weight loss surgery (bariatric surgery) can be used if you are very overweight and have not been able to control your weight any other way.,https://www.healthnz.govt.nz/health-topics/tests-and-treatments/surgery/bariatric-weight-loss-surgery,/health-topics/tests-and-treatments/surgery/bariatric-weight-loss-surgery,/health-topics/tests-and-treatments/surgery,3
Nutrition supplements after weight loss surgery,https://www.healthnz.govt.nz/health-topics/tests-and-treatments/surgery/bariatric-weight-loss-surgery/nutrition-supplements-after-weight-loss-surgery,/health-topics/tests-and-treatments/surgery/bariatric-weight-loss-surgery/nutrition-supplements-after-weight-loss-surgery,/health-topics/tests-and-treatments/surgery/bariatric-weight-loss-surgery,4
Blood vessel surgeries There is a range of surgical procedures used to treat blood vessel problems. These are done by a vascular surgeon who specialises in blood vessels.,https://www.healthnz.govt.nz/health-topics/tests-and-treatments/surgery/blood-vessel-surgeries,/health-topics/tests-and-treatments/surgery/blood-vessel-surgeries,/health-topics/tests-and-treatments/surgery,3
Breast duct excision A duct excision is an operation to remove a diseased breast duct.,https://www.healthnz.govt.nz/health-topics/tests-and-treatments/surgery/breast-duct-excision,/health-topics/tests-and-treatments/surgery/breast-duct-excision,/health-topics/tests-and-treatments/surgery,3
Breast reconstruction surgery Breast reconstruction is an operation that restores shape to your breast after a mastectomy (breast removal).,https://www.healthnz.govt.nz/health-topics/tests-and-treatments/surgery/breast-reconstruction-surgery,/health-topics/tests-and-treatments/surgery/breast-reconstruction-surgery,/health-topics/tests-and-treatments/surgery,3
Breast reduction surgery Breast reduction surgery is an operation to reduce the size of very large breasts. It may be an option if your breasts are creating physical or emotional issues for you.,https://www.healthnz.govt.nz/health-topics/tests-and-treatments/surgery/breast-reduction-surgery,/health-topics/tests-and-treatments/surgery/breast-reduction-surgery,/health-topics/tests-and-treatments/surgery,3
"Cone biopsy A cone biopsy is small operation remove abnormal cells that could grow into cancer. Sometimes, very early cancers of the cervix are also treated with a cone biopsy. The tissue that is removed (biopsy) is sent to the lab to be tested.",https://www.healthnz.govt.nz/health-topics/tests-and-treatments/surgery/cone-biopsy,/health-topics/tests-and-treatments/surgery/cone-biopsy,/health-topics/tests-and-treatments/surgery,3
"Endoscopic retrograde cholangiopancreatography (ERCP) ERCP is a procedure that provides a view of your pancreatic and bile ducts. ERCP can also be used to remove gallstones, look for blockages and take samples of tissue (biopsies) for diagnosis.",https://www.healthnz.govt.nz/health-topics/tests-and-treatments/surgery/endoscopic-retrograde-cholangiopancreatography-ercp,/health-topics/tests-and-treatments/surgery/endoscopic-retrograde-cholangiopancreatography-ercp,/health-topics/tests-and-treatments/surgery,3
Fibroid embolisation Fibroid embolisation is a procedure used to shrink fibroids — non-cancerous growths in the womb (uterus).,https://www.healthnz.govt.nz/health-topics/tests-and-treatments/surgery/fibroid-embolisation,/health-topics/tests-and-treatments/surgery/fibroid-embolisation,/health-topics/tests-and-treatments/surgery,3
"General surgical risks Your risk of complications after surgery depends on the type of procedure you are having and your general physical health. Before your surgery, your surgeon will talk through possible risks, answer your questions and get your consent to have surgery.",https://www.healthnz.govt.nz/health-topics/tests-and-treatments/surgery/general-surgical-risks,/health-topics/tests-and-treatments/surgery/general-surgical-risks,/health-topics/tests-and-treatments/surgery,3
"Haematology treatment What happens before, during and after your treatment, and information about potential side effects and the people you may meet.",https://www.healthnz.govt.nz/health-topics/tests-and-treatments/surgery/haematology-treatment,/health-topics/tests-and-treatments/surgery/haematology-treatment,/health-topics/tests-and-treatments/surgery,3
Hernia repair surgery An abdominal hernia is a lump that happens when an organ or tissue pushes through a weak spot in the wall of your tummy (abdomen). Some hernias may need hernia repair surgery to fix them.,https://www.healthnz.govt.nz/health-topics/tests-and-treatments/surgery/hernia-repair-surgery,/health-topics/tests-and-treatments/surgery/hernia-repair-surgery,/health-topics/tests-and-treatments/surgery,3
Hip and knee replacement A hip or knee replacement can significantly reduce pain and improve mobility for people who have severe osteoarthritis. It may be an option if non-surgical treatments and lifestyle changes have not helped.,https://www.healthnz.govt.nz/health-topics/tests-and-treatments/surgery/hip-knee-replacement,/health-topics/tests-and-treatments/surgery/hip-knee-replacement,/health-topics/tests-and-treatments/surgery,3
Hysterectomy A hysterectomy is an operation to remove your uterus. There are different types of surgery used for hysterectomies.,https://www.healthnz.govt.nz/health-topics/tests-and-treatments/surgery/hysterectomy,/health-topics/tests-and-treatments/surgery/hysterectomy,/health-topics/tests-and-treatments/surgery,3
Laparoscopic hysterectomy A laparoscopic hysterectomy is 'keyhole' surgery to remove all or part of your uterus. Find out about preparing for and recovering from this surgery.,https://www.healthnz.govt.nz/health-topics/tests-and-treatments/surgery/laparoscopic-hysterectomy,/health-topics/tests-and-treatments/surgery/laparoscopic-hysterectomy,/health-topics/tests-and-treatments/surgery,3
Laparoscopy A laparoscopy is an operation done under general anaesthetic (you are put to sleep). This lets the gynaecologist look at your pelvic organs and diagnose and treat various conditions.,https://www.healthnz.govt.nz/health-topics/tests-and-treatments/surgery/laparoscopy,/health-topics/tests-and-treatments/surgery/laparoscopy,/health-topics/tests-and-treatments/surgery,3
LLETZ LLETZ is a method of treating the cervix quickly and comfortably. They are recommended when pre-cancer changes are found in the cells of your cervix. LLETZ removes the abnormal area with an electrical wire loop (a diathermy loop). The removed tissue is then sent to the laboratory to be examined.,https://www.healthnz.govt.nz/health-topics/tests-and-treatments/surgery/lletz-treatment-of-the-cervix,/health-topics/tests-and-treatments/surgery/lletz-treatment-of-the-cervix,/health-topics/tests-and-treatments/surgery,3
"Lymph node dissection A lymph node dissection is a surgical procedure to remove lymph nodes. It is usually done to check if cancer has spread, guide treatment decisions or remove cancerous nodes.",https://www.healthnz.govt.nz/health-topics/tests-and-treatments/surgery/lymph-node-dissection,/health-topics/tests-and-treatments/surgery/lymph-node-dissection,/health-topics/tests-and-treatments/surgery,3
Organ donation Organ transplants and donation includes kidney or liver tissue from living or deceased donors. There are health requirements that you may need to meet to be eligible to give or receive an organ.,https://www.healthnz.govt.nz/health-topics/tests-and-treatments/surgery/organ-donation,/health-topics/tests-and-treatments/surgery/organ-donation,/health-topics/tests-and-treatments/surgery,3
"Receiving a kidney from a deceased donor How to arrange a donation, and the criteria to be an eligible recipient.",https://www.healthnz.govt.nz/health-topics/tests-and-treatments/surgery/organ-donation/deceased-organ-donations-and-transplants,/health-topics/tests-and-treatments/surgery/organ-donation/deceased-organ-donations-and-transplants,/health-topics/tests-and-treatments/surgery/organ-donation,4
"Live organ donation Information about donating a kidney, or part of a liver, financial assistance available for eligible live donors, including backdated compensation payments.",https://www.healthnz.govt.nz/health-topics/tests-and-treatments/surgery/organ-donation/live-organ-donation,/health-topics/tests-and-treatments/surgery/organ-donation/live-organ-donation,/health-topics/tests-and-treatments/surgery/organ-donation,4
"After surgery and returning to work Information about what happens after you have had your surgery, and returning to work.",https://www.healthnz.govt.nz/health-topics/tests-and-treatments/surgery/organ-donation/live-organ-donation/after-surgery-and-returning-to-work,/health-topics/tests-and-treatments/surgery/organ-donation/live-organ-donation/after-surgery-and-returning-to-work,/health-topics/tests-and-treatments/surgery/organ-donation/live-organ-donation,5
"Becoming a live organ donor Becoming an organ donor, what is involved, and the financial assistance and compensation available.",https://www.healthnz.govt.nz/health-topics/tests-and-treatments/surgery/organ-donation/live-organ-donation/becoming-a-live-organ-donor,/health-topics/tests-and-treatments/surgery/organ-donation/live-organ-donation/becoming-a-live-organ-donor,/health-topics/tests-and-treatments/surgery/organ-donation/live-organ-donation,5
"Compensation for loss of earnings Information about the compensation available for eligible live organ donors, how to apply and documents to include in your application.",https://www.healthnz.govt.nz/health-topics/tests-and-treatments/surgery/organ-donation/live-organ-donation/compensation-for-loss-of-earnings,/health-topics/tests-and-treatments/surgery/organ-donation/live-organ-donation/compensation-for-loss-of-earnings,/health-topics/tests-and-treatments/surgery/organ-donation/live-organ-donation,5
Donors who return to work on reduced hours The Organ Donors and Related Matters Act which commenced on 17 November 2019 provides for the payment of compensation to qualifying donors for loss of earnings when they return to work on reduced hours while recovering from surgery.,https://www.healthnz.govt.nz/health-topics/tests-and-treatments/surgery/organ-donation/live-organ-donation/donors-who-return-to-work-on-reduced-hours,/health-topics/tests-and-treatments/surgery/organ-donation/live-organ-donation/donors-who-return-to-work-on-reduced-hours,/health-topics/tests-and-treatments/surgery/organ-donation/live-organ-donation,5
Prolapse procedures,https://www.healthnz.govt.nz/health-topics/tests-and-treatments/surgery/prolapse-procedures,/health-topics/tests-and-treatments/surgery/prolapse-procedures,/health-topics/tests-and-treatments/surgery,3
"Prominent ear correction (otoplasty) Prominent ear correction, also called otoplasty, is a cosmetic operation to correct ears that stick out.",https://www.healthnz.govt.nz/health-topics/tests-and-treatments/surgery/prominent-ear-correction-otoplasty,/health-topics/tests-and-treatments/surgery/prominent-ear-correction-otoplasty,/health-topics/tests-and-treatments/surgery,3
Prostate surgery (TURP) Transurethral resection of prostate (TURP) is an operation to remove part of your prostate gland. It is commonly used to treat urinary problems caused by an enlarged prostate.,https://www.healthnz.govt.nz/health-topics/tests-and-treatments/surgery/prostate-surgery-turp,/health-topics/tests-and-treatments/surgery/prostate-surgery-turp,/health-topics/tests-and-treatments/surgery,3
Skin grafts A skin graft is an area of skin taken from one part of your body to cover an injury on another part of your body.,https://www.healthnz.govt.nz/health-topics/tests-and-treatments/surgery/skin-grafts,/health-topics/tests-and-treatments/surgery/skin-grafts,/health-topics/tests-and-treatments/surgery,3
Refractive eye surgery (to improve your vision) Surgery that aims to remove or reduce your need for glasses or contact lenses is called refractive surgery.,https://www.healthnz.govt.nz/health-topics/tests-and-treatments/surgery/surgery-to-improve-your-vision-refractive-surgery,/health-topics/tests-and-treatments/surgery/surgery-to-improve-your-vision-refractive-surgery,/health-topics/tests-and-treatments/surgery,3
"Tubal ligation You can choose to be sterilised if you no longer want to be able to have children. In women, this is done through a procedure called a tubal ligation.",https://www.healthnz.govt.nz/health-topics/tests-and-treatments/surgery/tubal-ligation,/health-topics/tests-and-treatments/surgery/tubal-ligation,/health-topics/tests-and-treatments/surgery,3
"Urodynamics bladder test A urodynamic bladder test is used to find out how your bladder is working. It can identify the cause of bladder problems like incontinence, infections and difficulty weeing. It is also known as a pressure test. The results will help your healthcare provider decide on the best treatment for you.",https://www.healthnz.govt.nz/health-topics/tests-and-treatments/surgery/urodynamics-bladder-test,/health-topics/tests-and-treatments/surgery/urodynamics-bladder-test,/health-topics/tests-and-treatments/surgery,3
Vulval surgery Vulval surgery is carried when you have cancer of the vulva (the area surrounding the opening of your vagina) or pre-cancerous lesions. It is a major operation and you will need to take 6 weeks off work to recover.,https://www.healthnz.govt.nz/health-topics/tests-and-treatments/surgery/vulval-surgery,/health-topics/tests-and-treatments/surgery/vulval-surgery,/health-topics/tests-and-treatments/surgery,3
